numberOfNonTrivialBugsFoundUntil:,CvsEntropy,ck_oo_wmc,ck_oo_fanOut,ck_oo_numberOfLinesOfCode,ck_oo_numberOfAttributesInherited,ck_oo_numberOfMethods,ck_oo_dit,ck_oo_fanIn,ck_oo_lcom,ck_oo_rfc,WCHU_fanOut,ck_oo_cbo,WCHU_rfc,ck_oo_numberOfAttributes,WCHU_cbo,WCHU_numberOfMethodsInherited,numberOfBugsFoundUntil:,ck_oo_numberOfMethodsInherited,ck_oo_numberOfPublicMethods,WCHU_numberOfLinesOfCode,class
4,8.73596,11,3,30,52,7,4,2,21,15,1.02,4,1.05,1,1.02,9.18,4,127,4,1.03,1
3,7.99162,14,5,44,0,9,1,1,36,26,1.04,5,2.13,2,1.04,1.01,4,8,9,2.06,1
4,8.89835,12,1,34,61,2,4,1,1,3,1.01,2,2.03,6,1.01,10.15,4,45,1,1.2,1
35,30.8847,253,22,787,414,21,6,10,210,277,4.04,32,18.65,5,6.07,4.05,40,94,21,24.14,0
2,2.80457,10,0,28,405,5,3,1,10,13,2.02,1,2.08,1,2.02,9.44,2,73,0,2.15,1
41,24.4246,269,17,708,380,11,2,8,55,172,2.02,24,10.84,8,5.06,2.02,48,27,5,17.09,0
18,20.393,59,10,230,0,9,1,2,36,45,3.05,12,9.37,13,3.05,1.01,20,9,6,14.69,0
2,1.47165,55,12,246,0,8,1,2,28,53,0,14,0,4,0,0,2,8,0,1.02,1
8,12.482,52,6,199,3,12,2,20,66,45,0,25,4.12,6,2.02,0,9,10,9,6.44,0
6,7.52192,15,7,58,3,5,2,4,10,28,1.05,10,1.2,3,2.06,2.1,6,10,5,2.34,0
1,7.18983,18,3,72,385,6,6,0,15,16,1.01,3,0,1,2.02,5.06,1,79,5,0,1
13,17.658,65,6,240,61,9,4,3,36,53,2.02,9,3.05,8,3.03,10.15,16,45,5,11.45,0
4,11.8043,56,6,193,9,24,5,11,276,54,2.03,17,4.11,10,4.05,4.07,7,42,20,4.5,1
7,11.2897,44,5,124,68,9,2,1,36,30,1.04,5,1.04,1,1.04,4.04,8,33,5,1.21,1
8,9.64599,27,6,110,95,16,3,1,120,59,0,6,0,7,0,3.05,9,73,6,0,1
8,7.95479,33,3,127,95,20,3,4,190,63,0,7,0,7,6.07,2.02,10,82,7,0,1
2,8.22982,17,3,52,0,10,1,1,45,34,0,4,1.01,1,1.11,1.01,3,17,10,1.01,1
10,17.3206,58,13,253,412,8,5,1,28,73,1.01,14,4.04,2,1.01,5.06,10,94,8,2.02,1
2,9.22461,19,4,56,0,6,1,4,15,16,0,7,1.03,3,0,1.01,2,8,6,1.09,1
38,26.5196,148,31,909,12,38,2,7,703,331,6.06,36,13.99,27,8.09,2.03,48,36,24,17.81,0
10,11.17,9,2,39,380,3,3,0,3,13,0,2,2.06,4,0,2.02,10,38,3,2.1,1
5,8.12682,7,1,28,0,7,1,4,21,12,1.01,5,2.07,3,2.02,0,5,8,5,2.1,1
39,30.0415,276,20,1117,0,32,1,2,496,294,3.07,20,9.64,28,3.07,1.01,40,8,0,14.97,1
0,1.10349,1,0,4,0,1,1,1,0,1,0,1,0,2,0,0,0,8,1,0,1
7,14.8353,21,8,83,18,4,2,1,6,48,2.02,8,3.07,1,2.02,4.04,9,62,2,3.12,1
1,0,39,5,136,10,7,2,1,21,32,0,6,0,1,0,0,1,15,1,0,1
1,4.23122,20,2,127,0,8,2,1,28,24,0,3,0,8,0,1.01,1,25,7,1.08,1
5,10.9152,37,7,115,56,10,5,10,45,22,0,17,0,5,1.01,25.5,5,197,10,0,0
37,30.6378,87,23,241,396,8,4,17,28,105,7.08,38,11.25,4,10.1,3.03,41,57,8,14.65,1
9,11.4275,41,5,166,95,15,3,1,105,76,0,6,1.02,3,0,3.05,10,73,5,1.06,0
2,1.29357,11,4,44,70,8,8,2,28,19,0,5,1.01,4,0,0,2,260,7,1.1,1
2,5.43024,34,5,107,5,11,3,1,55,21,2.03,6,1.03,6,3.04,3.05,2,40,11,1.47,1
2,6.03322,50,4,121,58,10,2,3,45,51,0,6,0,4,0,0,4,24,1,1.01,1
7,15.9456,37,9,155,18,10,2,1,45,77,4.06,10,5.54,5,6.08,5.08,9,18,10,8.02,0
55,35.3663,273,11,773,28,57,2,126,1596,197,3.06,128,21.91,12,23.27,2.02,56,16,54,31.02,0
15,14.1223,342,6,1440,8,38,2,19,703,84,1.01,24,6.42,12,3.04,4.16,15,46,37,21.51,1
4,5.59671,23,4,87,96,13,4,2,78,46,0,6,0,4,1.01,4.06,5,88,3,0,1
13,17.0375,15,11,63,0,6,1,1,15,25,1.01,12,1.02,2,6.08,1.01,15,8,6,2.08,1
3,4.4156,8,4,29,70,6,5,1,15,14,1.01,5,2.03,1,1.01,8.13,4,264,5,1.04,1
5,13.0232,24,7,128,15,6,1,0,15,31,2.03,7,4.1,13,2.03,1.01,6,8,4,3.18,0
0,4.07501,1,0,3,2,1,2,1,0,1,0,1,0,0,0,3.08,0,33,1,0,1
11,14.4323,51,18,242,0,11,1,5,55,89,2.02,22,5.06,5,2.02,2.02,12,8,3,4.53,1
0,5.07933,14,0,42,0,14,1,0,91,14,0,0,0,0,0,1.01,0,22,14,0,1
4,7.6133,23,7,81,400,9,5,5,36,32,1.01,12,1.02,4,1.01,4.04,4,65,9,1.09,1
8,11.4729,52,15,216,3,6,2,1,15,57,2.05,16,3.18,2,2.06,2.05,8,12,3,3.74,1
12,9.64335,54,7,208,95,24,3,2,276,104,1.01,8,1.04,14,2.02,3.05,14,73,12,1.06,1
7,12.6921,49,11,177,34,10,3,17,45,41,3.05,25,5.17,9,7.09,4.04,8,24,9,7.9,1
8,14.4405,140,18,551,426,13,7,1,78,226,3.03,19,2.05,2,3.03,7.17,9,124,13,2.08,0
21,23.6077,84,19,451,380,6,3,0,15,172,3.03,19,10.38,21,3.03,2.02,24,38,6,11.86,0
3,7.42989,10,2,28,34,4,5,1,6,13,1.01,3,2.03,0,1.01,4.04,3,87,1,2.07,1
4,7.54777,22,7,89,50,16,4,1,120,45,1.01,8,2.04,2,1.01,1.04,4,174,7,0,1
4,9.13341,38,7,142,384,6,4,1,15,44,1.01,8,1.01,3,1.01,5.06,5,69,6,2.09,1
71,29.6783,426,7,1399,78,42,1,6,861,329,1.01,13,11.52,58,4.05,1.01,81,8,1,22.75,0
15,11.0206,22,8,126,0,8,1,7,28,56,1.01,15,4.09,6,4.04,1.01,19,11,7,5.21,1
1,0,2,0,7,55,2,5,5,1,3,0,5,0,1,0,0,1,139,2,0,1
4,7.96737,125,11,482,7,53,2,11,1378,194,0,21,1.11,24,1.03,1.02,4,35,21,0,1
1,9.12702,4,1,18,0,3,1,1,3,8,0,2,0,4,0,1.01,1,8,3,1.01,1
1,4.07501,4,0,12,0,5,1,2,10,5,0,2,0,0,0,1.01,1,8,5,0,1
1,4.07501,1,0,3,4,2,4,1,1,2,0,1,0,0,1.01,2.04,1,21,0,0,1
2,11.296,13,5,48,49,7,4,18,21,23,1.04,23,3.19,2,8.24,24.4,2,148,7,3.39,1
4,9.07976,15,5,59,394,3,6,1,3,24,1.01,6,3.08,0,1.01,5.06,4,102,3,3.25,1
1,5.34312,7,3,21,28,5,2,5,10,12,0,8,0,4,1.01,2.02,1,16,5,0,1
1,5.18073,32,3,88,0,6,1,1,15,17,0,4,1.01,3,1.01,1.01,1,8,6,1.08,1
31,30.738,166,17,494,384,17,4,5,136,191,5.05,22,15.48,13,6.06,5.06,37,77,17,21.39,0
8,13.7363,265,13,1585,0,215,1,0,23005,1156,3.04,13,7,17,3.04,1.01,9,212,205,7.5,0
1,6.20089,6,3,25,397,4,5,1,6,17,1.01,4,1.04,2,1.01,3.03,2,64,4,1.03,1
4,7.56137,6,2,18,0,10,1,4,45,13,0,6,1.01,0,0,1.01,5,8,8,0,1
0,6.61333,2,0,7,386,2,7,0,1,2,0,0,0,2,0,5.06,0,86,2,0,1
5,11.7816,75,14,336,423,7,6,1,21,132,3.04,15,4.09,2,3.04,7.09,6,107,7,4.04,1
2,8.42439,68,13,254,0,12,1,1,66,116,1.01,13,1.01,2,1.01,1.01,2,8,3,1.01,1
1,0,3,1,10,53,3,5,2,3,5,0,3,0,1,0,0,1,134,3,0,1
1,1.70656,27,5,57,68,7,2,1,21,16,0,5,0,1,0,4.04,1,33,4,0,0
26,34.1638,159,15,629,5,34,2,3,561,263,6.16,18,16.43,2,6.18,1.01,33,10,3,19.21,0
3,5.59671,15,2,54,96,11,4,1,55,32,0,3,0,2,0,4.06,4,88,1,0,1
5,6.78585,22,4,88,95,14,3,6,91,47,0,10,0,6,3.03,2.02,6,76,4,0,1
0,4.07501,9,1,30,1,6,2,1,15,13,0,2,0,3,0,1.01,0,12,6,0,1
5,10.2582,32,6,101,0,13,2,3,78,42,1.01,9,3.14,5,1.01,2.02,6,18,9,2.2,1
3,3.00217,2,1,10,421,2,4,1,1,3,0,2,0,2,0,2.02,3,68,2,0,1
27,27.1274,62,18,209,396,7,4,8,21,79,3.03,26,5.11,1,3.03,3.03,29,57,7,10.43,1
2,2.07169,12,3,44,397,3,5,1,3,21,0,4,1.02,0,0,2.02,2,94,3,1.05,1
13,21.1415,48,10,144,384,18,4,36,153,72,3.03,43,8.21,0,12.21,5.06,16,69,14,5.47,1
0,4.07501,2,0,6,159,2,3,0,1,2,0,0,0,1,0,3.04,0,30,1,0,1
30,28.5804,91,13,296,387,9,7,3,36,115,0,16,10.31,1,0,8.1,32,101,7,10.94,0
3,6.78997,13,3,35,3,7,1,2,21,17,1.01,4,1.04,1,1.01,1.01,3,12,5,1.08,1
37,29.3011,117,22,343,68,14,2,1,91,107,5.07,22,10.34,3,5.07,4.04,40,33,3,8.87,0
10,8.96672,29,3,63,67,9,5,2,36,30,1.01,5,1.02,7,1.01,10.15,11,47,7,1.04,0
3,9.16287,53,6,151,0,10,1,8,45,53,2.02,13,4.16,2,4.05,0,4,8,6,3.27,1
24,20.4542,33,9,129,57,13,5,1,78,78,2.02,9,9.41,0,1.01,24.51,24,202,12,10.61,1
1,0,8,2,29,0,3,1,0,3,15,0,2,0,2,0,0,1,0,1,0,1
1,4.07501,2,0,6,2,3,2,3,3,3,0,3,0,1,0,2.04,1,14,3,0,1
2,2.96868,6,1,20,0,4,1,1,6,5,0,1,0,1,0,1.01,2,8,3,0,1
2,7.2605,54,7,269,19,27,1,6,351,106,0,12,2.03,12,0,0,4,0,2,2.12,1
3,10.0961,12,2,46,7,7,3,3,21,15,0,4,3.06,1,0,4.06,3,22,4,3.19,1
94,41.3943,468,44,2116,0,52,1,6,1326,794,4.07,44,30.36,26,4.05,1.01,101,8,11,37.28,0
5,10.091,64,11,285,8,23,2,1,253,66,0,12,2.02,23,0,1.01,5,40,22,2.04,1
1,7.8386,5,3,20,400,3,5,1,3,13,1.01,4,0,2,1.01,4.04,2,65,3,0,1
24,21.0102,197,31,781,0,23,1,3,253,346,4.04,33,10.91,5,4.05,2.04,26,15,15,10.25,1
18,19.2089,79,19,334,380,7,3,2,21,99,3.04,21,9.25,16,5.06,2.02,19,38,7,8.62,0
40,30.3272,209,24,580,39,25,1,15,300,157,2.02,27,10.39,29,4.06,1.01,44,8,9,13.23,0
9,9.44761,36,11,142,18,20,2,8,190,85,3.03,19,3.2,7,3.03,4.04,9,62,5,2.14,1
1,5.15795,41,4,144,0,11,1,8,55,37,0,12,0,4,3.04,1.02,1,16,9,1.1,1
5,11.8899,48,18,240,17,11,2,1,55,109,3.03,19,2.04,10,3.03,1.01,6,19,6,2.04,1
14,10.2923,82,8,303,99,34,4,3,561,151,1.01,10,2.18,19,2.02,3.03,18,100,13,2.25,1
0,4.07501,4,0,12,11,5,6,1,10,5,0,1,0,1,2.02,3.1,0,47,4,0,1
44,26.6608,41,1,177,0,10,1,3,45,26,1.01,4,1.03,276,2.02,1.01,62,8,10,1.03,0
4,7.27499,28,2,96,95,25,2,7,300,43,0,9,0,15,2.04,2.02,6,70,16,0,1
0,4.07501,8,3,23,4,7,2,1,21,11,1.01,4,0,1,1.01,3.05,0,33,7,0,1
12,14.9873,50,13,171,35,27,3,19,351,83,3.03,29,6.13,1,2.02,7.13,15,76,21,3.19,1
3,8.14238,8,4,36,10,5,3,1,10,12,0,5,1.02,1,0,4.06,4,59,1,1.06,1
9,8.91433,1,0,3,0,2,1,0,1,2,3.11,0,3.48,3,3.3,1.01,10,8,2,6.88,1
3,7.10146,25,8,101,398,13,4,1,78,40,1.01,9,0,1,1.01,2.02,3,56,13,0,0
14,19.5164,3,4,73,0,1,1,0,0,25,0,4,1.03,0,0,0,22,0,1,11.3,1
11,12.0518,94,11,419,50,38,4,4,703,162,1.01,14,2.06,14,1.01,1.04,11,185,20,1.03,1
1,5.99114,1,0,3,0,2,1,3,1,2,0,3,0,0,3.03,1.01,3,8,2,0,1
0,0,13,3,26,14,5,1,0,10,8,0,3,0,3,0,0,1,11,5,0,1
23,20.8651,141,13,445,412,9,5,0,36,142,0,13,10.31,9,0,5.06,24,94,9,9.9,1
3,2.35255,16,8,59,69,12,8,5,66,31,1.01,10,1.01,4,1.01,0,3,304,11,1.1,1
2,3.83244,0,0,0,0,2,1,0,1,2,0,0,0,5,0,1.01,2,8,2,0,1
3,1.5732,18,1,55,396,8,7,1,28,26,0,2,1.06,1,0,8.1,3,102,8,1.13,1
3,12.3914,8,0,24,0,8,1,4,28,8,0,4,3.06,2,2.03,1.01,5,8,8,3.18,0
1,5.12326,7,2,23,0,2,1,1,1,16,1.02,3,1.03,0,1.02,1.01,2,8,1,1.06,1
1,6.65039,1,0,3,3,1,4,1,0,1,1.01,1,1.01,0,1.01,4.13,2,38,1,1.01,0
0,4.07501,23,3,78,0,11,1,2,55,24,0,5,0,5,0,1.01,0,8,11,0,1
0,4.07501,1,0,3,0,1,1,2,0,1,0,2,0,1,0,2.03,0,23,1,0,1
6,7.49694,29,18,149,15,8,3,2,28,77,1.01,18,2.1,2,0,2.04,6,17,0,2.23,0
7,8.43242,36,8,141,97,21,3,1,210,78,1.01,8,3.31,9,1.01,3.03,9,84,8,3.44,1
20,14.8368,110,15,378,274,15,3,44,105,93,0,55,5.14,12,5.11,9.09,24,103,11,7.56,0
0,4.07501,11,4,32,394,3,6,1,3,17,0,5,0,0,0,5.06,0,102,3,0,1
13,23.0053,162,29,462,39,17,1,1,136,215,6.16,29,10.06,2,6.16,1.01,15,8,3,12.38,0
3,5.52652,1,2,10,43,1,4,1,0,5,0,3,0,2,0,4.06,4,33,1,0,1
1,3.97098,17,2,72,3,7,2,1,21,32,0,3,1.02,10,0,2.05,3,21,6,1.05,1
0,4.07501,204,0,612,0,204,1,0,20706,204,0,0,0,0,0,1.01,0,212,204,0,0
0,2.95593,15,2,32,0,6,1,2,15,10,0,4,0,1,0,0,0,8,1,0,1
5,5.59671,31,4,121,95,17,2,3,136,60,0,6,1.12,8,0,2.02,5,68,7,1.29,1
20,20.8131,38,13,144,48,12,1,4,66,54,2.05,17,6.24,6,4.07,1.01,27,11,5,6.57,0
24,21.1753,17,7,66,385,5,6,2,10,29,4.04,9,5.08,3,4.04,8.1,26,95,2,5.26,1
7,0,138,24,1200,402,59,2,1,1711,308,0,25,7.14,11,0,1.01,9,8,15,10.86,1
4,8.43242,23,6,91,95,15,2,1,105,50,0,6,0,5,0,2.02,5,68,5,0,1
2,8.12446,9,2,34,8,10,5,5,45,13,1.01,7,1.08,3,1.01,3.06,3,37,7,1.17,1
7,14.1927,34,9,108,0,10,2,2,45,51,0,11,4.09,8,1.01,2.02,7,18,9,4.12,1
27,15.5832,3,7,21,0,2,1,0,1,28,0,7,2.03,10,0,0,30,0,1,0,1
28,21.8696,283,9,1384,402,88,2,3,3828,340,0,12,12.53,25,0,1.01,34,8,24,14.71,1
4,13.8528,15,2,50,61,5,5,1,10,10,1.03,2,1.14,2,1.04,11.19,4,49,1,3.04,0
7,12.5452,18,6,64,49,6,4,6,15,18,2.02,11,3.08,2,3.03,24.4,7,148,2,4.25,1
4,3.58431,22,3,76,406,9,7,1,36,31,0,4,1.07,2,0,7.09,4,115,8,1.16,1
5,6.78585,27,4,107,95,14,3,4,91,53,0,8,0,6,2.02,2.02,6,76,5,0,1
0,0,24,5,77,0,13,2,1,78,32,0,6,0,3,0,0,1,5,12,0,1
0,1.06049,13,3,35,13,5,3,3,10,12,0,5,0,1,0,2.06,0,55,1,0,1
8,7.95479,33,3,132,95,17,3,1,136,62,0,4,0,7,1.01,3.05,9,73,7,0,1
18,16.1076,53,6,134,0,13,1,19,78,52,1.01,23,5.11,7,3.03,1.01,18,8,13,9.32,0
0,0,11,3,51,0,2,1,3,1,18,0,6,0,1,1.01,0,0,8,2,0,0
0,2.64277,7,3,33,1,4,3,1,6,9,1.01,4,1.05,5,0,2.06,1,31,4,1.19,1
39,24.6219,1169,9,3449,114,50,1,0,1225,374,6.06,9,15.48,107,5.05,1.01,43,20,41,25.62,1
3,14.5866,9,3,36,397,3,7,1,3,20,0,4,1.02,2,0,6.09,5,124,3,2.06,1
31,27.2818,396,27,1340,5,44,1,21,946,567,7.15,46,16.96,43,10.19,5.1,36,21,28,19.03,0
0,2.50744,12,4,35,18,5,2,4,10,15,0,8,0,1,0,4.04,1,62,4,0,1
138,45.5046,217,40,1058,0,65,1,25,2080,413,12.2,58,25.69,182,17.27,0,172,0,54,34.84,0
7,14.2157,45,6,136,153,17,2,11,136,54,1.01,14,1.04,6,1.01,2.02,7,16,7,1.19,0
1,5.11213,4,1,17,61,3,4,1,3,7,0,2,0,1,0,10.15,2,45,1,0,0
13,8.29601,89,11,286,45,14,2,4,91,120,1.01,15,4.27,6,1.01,0,15,4,12,4.22,1
2,4.07501,8,2,27,3,3,3,1,3,7,0,3,0,1,0,2.04,2,17,1,0,1
8,13.1836,40,11,155,5,9,3,2,36,60,1.05,12,5.4,1,4.08,4.08,8,21,9,5.83,1
7,10.4389,56,7,186,4,11,2,1,55,36,1.01,7,1.05,8,1.01,3.05,7,33,11,4.73,1
10,17.9172,86,20,305,3,24,2,4,276,135,1.03,23,4.08,9,2.04,3.06,11,25,17,3.12,1
2,1.29357,39,9,184,4,13,2,7,78,36,1.02,16,1.04,10,1.02,0,2,33,13,1.39,1
6,6.84846,30,7,118,99,19,4,2,171,63,0,8,0,9,0,3.03,8,100,3,0,1
2,1.15638,3,1,10,84,3,2,2,3,5,0,3,1.03,0,1.01,1.05,3,16,1,1.05,1
3,4.08525,1,0,3,6,1,4,5,0,1,0,5,0,1,0,2.03,3,27,1,0,1
1,4.07501,5,2,17,14,4,1,1,6,9,0,3,0,2,0,1.01,1,11,4,0,1
1,6.34778,36,1,94,0,9,1,1,36,23,0,2,1.01,4,1.01,1.01,1,8,8,2.13,1
50,32.2544,229,46,1189,13,16,2,3,120,265,6.1,49,14.9,22,6.11,8.1,56,19,6,24.2,0
42,31.4543,105,13,412,38,12,4,2,66,81,5.05,13,16.5,7,6.08,6.12,44,80,9,21.65,1
0,5.41657,2,0,7,37,2,3,1,1,2,0,1,0,1,0,7.13,0,72,2,0,0
1,4.07501,8,2,25,8,3,2,1,3,8,1.01,3,0,1,0,2.03,1,19,3,0,1
43,27.3456,117,9,333,49,23,4,20,253,101,5.06,25,15.59,6,7.07,24.4,45,148,22,21.72,0
25,24.2091,51,16,209,3,6,2,5,15,57,4.14,21,5.7,13,5.15,2.05,28,12,1,10.93,1
0,4.07501,3,2,11,1,3,3,1,3,5,0,3,0,2,0,1.01,0,31,2,0,1
2,2.96868,8,1,24,95,8,2,6,28,10,0,6,0,0,2.02,2.02,2,68,7,0,1
4,10.0703,34,5,127,0,17,1,3,136,31,1.01,8,4.06,21,1.01,1.01,5,8,1,6.26,0
39,29.2704,177,43,698,81,56,7,10,1540,367,8.1,48,17.06,5,8.1,14.4,45,263,51,21.22,0
7,7.95479,19,2,70,95,15,2,4,105,40,0,6,0,24,1.01,2.02,9,68,5,0,1
7,6.84846,26,6,108,95,14,3,12,91,49,0,18,0,7,0,2.02,8,75,4,0,1
0,4.07501,1,0,3,0,1,1,1,0,1,0,1,0,2,0,2.03,0,23,1,0,1
0,4.07501,5,2,22,1,3,3,1,3,6,0,3,0,3,0,1.01,0,31,3,0,1
8,10.0996,30,9,110,3,10,3,4,45,37,3.05,12,3.06,3,4.06,2.04,11,17,2,2.11,1
2,9.08309,12,7,46,0,8,2,3,28,25,0,10,2.04,1,0,2.02,3,18,8,1.05,1
8,16.4146,33,18,141,0,8,1,2,28,78,3.03,20,3.12,10,4.04,1.01,9,8,8,2.25,1
0,4.07501,5,3,18,0,4,2,4,6,10,0,7,0,4,2.02,1.01,0,22,4,0,1
0,5.19438,4,1,12,387,2,3,1,1,7,0,2,0,0,0,2.02,0,32,2,0,1
3,6.61079,73,1,1520,411,25,4,4,300,63,0,5,0,1,1.01,5.06,4,69,25,1.02,1
17,18.3087,1,0,3,0,1,1,1,0,3,0,1,1.01,0,0,1.01,19,8,0,0,1
1,1.28741,9,2,32,2,7,3,1,21,13,0,3,0,1,0,1.03,1,17,7,0,1
0,7.70736,3,0,10,0,3,1,2,3,3,0,2,0,5,0,1.02,0,16,3,0,1
44,34.4998,331,22,986,387,30,6,2,435,334,5.05,24,18.84,10,5.05,4.05,48,94,25,23.69,0
8,9.21692,22,5,86,95,14,3,1,91,48,0,6,0,5,0,2.02,9,73,4,0,1
8,9.21502,22,11,63,52,11,4,1,55,34,0,11,2.06,0,0,9.16,8,127,6,2.1,1
7,7.95479,27,4,107,95,14,2,1,91,53,0,5,0,5,0,2.02,8,68,5,0,1
0,4.07501,1,0,3,0,2,1,1,1,2,0,1,0,0,0,1.01,0,8,2,0,1
24,27.8882,218,32,907,0,65,2,4,2080,547,5.06,34,12.25,12,5.06,1.01,28,13,6,12.65,0
4,7.70056,22,2,60,0,4,1,0,6,16,0,2,1.02,3,1.01,1.01,5,8,3,1.2,1
3,5.33714,0,0,0,7,1,4,1,0,1,0,1,1.03,0,0,4.07,3,28,1,1.09,1
28,26.4203,61,12,244,387,10,7,2,45,91,0,14,11.26,1,0,8.1,29,101,8,12.11,0
6,7.32455,16,9,72,384,4,4,0,6,28,1.02,9,2.03,0,1.02,2.02,6,41,4,2.04,1
77,41.9795,310,25,1091,262,26,2,17,325,362,2.02,34,21.74,2,4.04,7.07,82,80,6,30.34,0
6,10.8068,20,4,97,95,13,3,1,78,42,0,5,1.03,3,0,3.05,7,73,3,1.06,1
6,12.7841,44,6,154,5,22,3,0,231,61,1.01,6,5.05,8,1.01,5.05,6,27,22,5.29,1
10,19.5989,49,12,186,61,15,6,9,105,100,3.05,20,8.4,6,4.06,25.5,11,207,14,9.6,1
7,1.84991,86,4,238,119,19,2,4,171,62,0,7,2.15,15,1.01,1.05,8,16,11,2.54,1
1,4.07501,14,1,43,0,4,1,1,6,11,0,2,0,3,2.02,1.01,1,8,3,0,1
1,1.29561,5,0,31,413,4,4,1,6,4,0,1,0,3,0,4.05,1,67,1,1.02,1
21,25.9159,120,17,513,12,19,1,44,171,143,3.07,61,11.98,6,19.38,1.01,25,8,18,13,0
2,1.29357,43,13,128,15,14,3,2,91,46,0,15,1.03,4,0,0,2,70,1,1.07,1
12,19.1826,102,12,409,118,17,2,2,136,74,1.01,13,5.21,13,1.01,3.05,15,33,17,10.59,1
9,7.58317,11,1,42,0,9,2,1,36,21,0,2,0,3,0,1.01,9,11,5,1.01,1
2,1.15638,8,2,27,388,4,3,2,6,8,1.02,4,1.05,5,1.02,0,3,33,4,1.12,1
2,8.23039,45,2,127,0,11,1,23,55,31,0,25,1.03,4,5.07,1.02,2,16,10,1.1,1
7,7.95479,16,1,59,95,12,3,1,66,33,0,2,0,3,0,3.05,8,73,3,0,1
1,6.63337,9,7,37,0,4,1,1,6,20,1.01,8,1.03,2,1.01,1.01,1,8,4,1.07,1
17,15.2779,25,12,158,381,8,4,1,28,70,3.03,13,5.11,7,4.04,3.04,17,46,8,6.3,1
29,21.493,9,7,44,19,4,3,0,6,21,1.13,7,6.07,3,1.13,5.09,32,67,3,12.65,0
10,9.78677,12,1,40,61,9,5,0,36,14,0,1,0,4,0,10.15,11,49,5,0,0
8,14.0643,58,2,164,563,20,2,2,190,31,1.01,4,6.12,12,2.02,3.05,11,24,20,6.51,1
1,6.94335,6,1,23,69,5,8,3,10,8,0,3,1.02,1,1.01,14.4,1,243,4,2.07,1
10,13.767,139,10,468,119,22,3,5,231,81,1.01,13,4.16,20,2.02,3.05,12,40,22,9.89,1
0,4.07501,1,0,3,0,1,1,2,0,1,0,2,0,2,0,2.03,0,23,1,0,1
1,5.54249,0,0,0,0,10,1,3,45,10,0,3,3.04,0,1.01,0,2,8,10,0,1
1,1.29561,31,4,109,0,9,1,1,36,30,0,5,0,3,0,0,1,16,7,0,1
11,16.9073,83,15,311,426,4,5,1,6,118,4.04,16,4.21,2,4.04,5.07,12,94,4,5.64,0
5,6.60309,4,2,13,387,4,7,1,6,12,0,3,0,2,0,8.1,6,101,2,0,1
2,10.199,9,3,24,11,4,2,1,6,10,0,4,2.04,1,0,2.03,2,22,4,2.11,1
7,7.95479,25,3,96,95,15,3,1,105,48,0,4,0,5,1.01,3.05,8,73,5,0,1
0,4.07501,6,1,26,0,5,1,3,10,11,0,4,0,7,0,1.01,0,8,5,0,1
1,2.31501,51,9,192,0,12,1,11,66,86,1.03,17,2.21,5,2.03,0,4,8,9,1.58,0
3,7.82832,1,0,7,74,1,6,2,0,2,0,2,0,2,0,10.15,3,56,1,0,0
0,5.16293,4,1,10,0,3,2,0,3,5,0,1,0,2,0,3.03,1,13,2,0,1
2,7.2883,11,2,38,384,7,6,0,21,14,0,2,0,1,1.01,5.06,2,79,7,0,1
32,23.3337,56,28,423,17,9,2,1,36,149,3.03,28,8.15,4,3.03,2.02,33,19,3,8.49,1
1,4.07501,11,4,34,393,3,4,1,3,16,0,5,0,0,0,2.02,1,61,3,0,1
2,4.07501,19,1,56,0,6,1,3,15,13,0,4,0,3,1.01,1.01,2,8,5,0,1
3,5.19438,4,1,29,386,4,6,1,6,11,0,2,0,0,0,5.06,3,85,4,0,1
2,6.4938,11,1,27,7,4,2,3,6,7,1.01,4,1.01,0,1.03,2.04,2,17,3,1.01,1
2,4.07501,5,1,16,2,8,2,9,28,10,0,10,0,2,1.01,1.01,2,11,7,0,0
4,6.73444,12,3,52,385,6,6,5,15,17,0,7,0,2,1.01,8.1,4,95,5,1.02,1
19,18.7552,69,8,219,0,14,1,11,91,109,3.03,19,5.25,3,5.05,1.01,24,8,12,5.23,0
2,4.08525,29,5,99,0,13,1,3,78,34,0,8,0,11,0,1.01,2,8,12,0,1
3,5.86013,12,4,33,61,5,6,1,10,18,2.03,5,2.05,0,2.03,25.5,3,207,4,2.25,1
0,5.19438,4,1,11,387,2,3,1,1,7,0,2,0,0,0,2.02,0,32,2,0,1
3,8.4257,21,4,78,384,14,5,4,91,29,0,8,0,0,0,4.05,3,77,14,0,1
9,8.43242,31,5,121,95,18,2,5,153,61,0,9,0,8,2.03,2.02,10,68,8,0,1
19,19.6881,103,25,356,64,33,4,6,528,179,3.06,30,9.53,3,4.08,7.19,23,162,25,8.79,1
1,10.696,14,4,41,397,3,5,1,3,24,0,5,1.04,0,0,5.07,2,94,3,1.1,1
0,4.07501,56,4,306,0,5,2,0,10,222,0,4,0,2,0,5.08,0,22,3,0,0
2,7.95479,9,2,31,95,9,3,2,36,19,0,4,0,1,1.01,2.02,3,75,1,0,1
4,5.18843,43,2,145,8,32,2,1,496,68,0,2,2.24,2,0,4.16,4,46,31,3.5,1
2,9.21398,7,4,43,388,3,8,1,3,15,1.02,5,1.04,0,1.02,8.1,3,109,3,1.01,1
5,5.26853,30,4,97,380,10,3,12,45,32,1.01,16,0,3,2.02,2.02,5,38,10,0,1
6,11.7427,80,10,377,0,11,1,1,55,89,2.03,11,4.17,1,2.03,1.01,9,8,4,7.27,0
108,38.6091,316,17,1248,0,40,2,1,780,405,3.04,18,9.44,9,3.04,1.01,132,11,5,13.4,0
0,5.1154,10,3,23,0,6,2,3,15,11,0,6,0,1,0,3.03,0,13,5,0,1
0,4.07501,0,0,0,0,5,1,6,10,5,0,6,0,5,0,1.01,0,8,5,0,1
6,13.7206,48,10,150,413,9,5,1,36,49,0,11,4.06,2,0,6.08,6,84,9,3.04,1
0,3.9771,10,3,39,415,6,6,0,15,16,0,3,0,0,0,6.08,0,93,6,1.04,1
0,7.6074,10,2,42,0,4,1,1,6,11,0,3,0,2,0,1.01,0,8,3,0,1
22,22.6963,53,10,174,397,6,5,2,15,74,5.05,12,10.51,3,6.06,5.07,28,94,5,11.9,1
2,6.5762,1,0,4,6,2,4,2,1,2,0,2,0,1,1.01,2.04,2,25,1,0,1
0,4.07501,5,2,22,1,3,3,3,3,6,0,5,0,3,0,1.01,0,31,3,0,1
4,7.95479,13,2,45,95,11,3,2,55,27,0,4,0,3,0,3.05,5,73,2,0,1
1,0,18,0,55,0,10,1,1,45,27,0,1,0,3,0,0,1,8,9,0,1
0,0,2,0,6,0,2,1,0,1,2,0,0,0,2,0,0,1,8,1,0,1
3,10.492,15,8,70,0,9,1,7,36,40,3.03,15,2.07,4,4.04,1.01,4,8,7,2.23,1
161,43.7616,1033,36,6571,4,403,2,129,81003,2603,5.07,156,46.83,5,21.24,2.02,194,13,387,61.34,0
0,3.9771,31,3,115,0,9,1,2,36,24,0,5,0,5,0,1.02,0,16,8,1.08,1
3,4.59811,27,3,80,388,4,3,1,6,11,1.01,4,2.05,1,1.01,4.04,3,33,3,2.16,1
8,9.68336,12,1,48,0,10,1,1,45,11,1.01,2,4.09,11,1.01,1.01,12,8,0,5.42,0
31,21.3966,100,9,344,95,37,2,15,666,120,1.01,23,3.26,16,8.11,2.02,38,68,21,3.89,1
12,11.9865,34,19,120,69,13,6,3,78,67,4.05,21,4.1,0,3.04,14.36,13,216,10,6.36,1
4,7.95479,14,1,52,95,12,3,1,66,28,0,2,0,3,1.01,3.05,5,73,3,0,1
5,7.96225,15,5,49,8,3,2,1,3,17,0,5,1.01,4,0,2.03,6,19,3,2.04,1
0,4.07501,7,1,24,95,7,2,4,21,8,0,5,0,1,2.02,2.02,0,68,5,0,1
0,4.07501,7,4,27,0,5,2,1,10,12,0,5,0,4,0,1.01,0,22,4,0,1
6,11.7544,112,14,354,0,21,1,3,210,163,1.01,16,3.34,9,1.01,1.01,8,8,3,4.75,1
1,3.93934,2,0,7,23,2,3,1,1,3,1.06,1,1.1,1,1.06,2.04,2,28,2,2.21,1
4,2.38886,155,29,648,0,14,1,2,91,138,1.01,31,3.06,18,1.01,0,4,8,3,3.41,0
8,14.7371,34,13,178,52,10,5,11,45,82,2.05,24,6.4,1,6.09,11.24,8,161,5,5.88,1
8,8.15196,20,9,144,19,7,2,0,21,49,0,9,2.03,3,0,1.01,8,15,0,4.08,1
1,4.07501,2,1,10,400,2,5,1,1,4,0,2,0,0,0,4.04,1,65,2,0,1
7,7.96959,32,14,121,0,4,1,0,6,59,1.01,14,2.11,6,1.01,0,8,9,2,3.59,1
10,17.5763,37,8,158,384,11,5,1,55,70,0,9,4.04,2,0,4.05,10,77,11,6.16,1
16,14.9914,108,11,379,125,27,1,18,351,92,2.02,28,5.15,16,3.04,1.01,17,8,24,8.12,0
0,5.1154,41,1,145,0,41,1,1,820,45,0,2,0,1,0,1.01,0,8,41,0,1
1,2.26443,7,3,33,1,4,3,1,6,9,0,4,0,5,0,0,1,31,4,0,1
1,5.26021,8,2,28,0,6,1,10,15,12,1.01,12,1.04,2,3.03,1.01,1,10,6,1.09,1
0,4.07501,9,0,27,0,10,1,0,45,10,0,0,0,1,0,1.01,0,15,9,0,1
2,6.4938,12,2,39,0,6,1,5,15,19,0,7,1.06,3,2.04,1.01,2,8,6,1.09,1
26,27.6825,77,16,221,384,15,4,4,105,89,5.05,20,11.2,2,6.07,5.06,28,69,13,13.71,1
2,2.38353,29,7,87,6,20,2,0,190,47,1.04,7,1.23,2,1.04,0,4,30,19,1.26,1
1,2.22103,31,3,116,0,6,1,3,15,34,1.01,6,1.06,9,1.01,0,2,8,6,1.07,1
0,4.07501,3,0,12,384,3,5,0,3,3,0,0,0,0,0,5.06,0,76,3,0,1
14,19.225,20,9,66,384,6,4,1,15,32,2.02,10,2.07,2,2.02,5.06,15,69,5,3.1,1
0,3.76811,10,5,40,12,5,3,1,10,17,0,5,0,1,0,2.06,0,45,2,0,1
3,6.85444,8,2,32,10,4,3,1,6,16,0,3,1.09,1,1.01,4.06,3,59,1,1.14,1
48,34.6202,138,14,431,384,21,4,11,210,139,2.03,25,17.52,3,3.06,5.06,50,69,19,22.5,0
5,12.1917,16,6,57,52,11,4,7,55,31,4.1,13,5.31,2,6.1,9.16,5,127,9,5.54,1
4,2.71087,6,0,26,0,4,2,1,6,12,0,1,0,1,0,1.01,4,11,3,0,1
0,4.07501,3,1,9,1,2,2,2,1,5,0,3,0,1,1.01,2.02,0,18,1,0,1
2,2.27131,20,5,56,62,13,5,1,78,22,1.01,6,2.02,1,2.02,1.01,5,202,8,2.11,1
11,22.3224,74,19,281,0,26,1,6,325,150,2.07,24,6.31,4,4.12,1.01,13,8,16,6.62,0
0,4.07501,8,3,28,0,6,2,1,15,11,0,4,0,5,0,1.01,0,24,5,0,1
7,13.175,22,2,66,19,22,3,1,231,25,0,3,4.06,1,0,5.05,8,27,22,4.18,1
0,4.07501,10,3,38,0,8,2,1,28,15,0,4,0,7,0,1.01,0,26,8,0,1
4,9.59103,7,2,26,69,6,7,3,15,12,0,4,2.03,1,1.01,10.33,4,298,5,2.07,1
2,4.07501,6,4,27,397,4,6,1,6,17,1.01,5,0,3,1.01,3.03,2,72,4,0,1
0,4.07501,3,1,10,219,2,2,1,1,3,0,2,0,0,0,6.09,0,55,2,0,0
6,10.9499,33,9,157,0,8,1,1,28,57,0,10,2.02,1,0,1.01,7,8,1,2.07,1
2,7.48389,0,0,0,204,0,1,0,0,0,0,0,0,1,0,1.01,2,8,0,0,0
7,10.4506,19,0,53,2,17,2,1,136,18,0,1,3.04,15,0,6.08,7,41,17,4.14,1
5,15.218,47,6,128,385,7,6,0,21,20,1.01,6,0,1,1.01,5.06,5,79,7,3.24,1
11,15.8578,43,11,145,0,5,1,1,10,62,1.01,12,5.16,3,1.01,1.01,12,8,3,2.32,0
7,15.7424,29,15,127,53,14,6,3,91,61,3.11,18,4.41,0,4.16,13.26,10,170,10,5.96,0
21,19.5457,179,14,799,415,14,6,1,91,289,1.01,15,6.4,0,1.01,7.1,21,117,12,10.42,1
24,26.7583,79,28,419,0,22,1,8,231,168,5.15,33,10.85,21,6.17,1.01,26,8,21,13.5,0
0,0,2,0,9,384,2,3,1,1,5,0,1,0,0,0,2.02,0,31,2,0,1
15,21.1473,34,11,96,380,7,3,2,21,46,3.03,13,3.07,2,5.05,2.02,15,38,7,3.11,1
3,6.70304,11,5,35,385,5,6,2,10,24,1.01,7,1.04,0,1.01,8.1,3,95,4,1.05,1
3,5.19438,43,10,129,0,5,1,3,10,36,0,13,0,1,0,1.01,3,8,5,0,1
0,2.36846,1,0,10,0,4,1,3,6,5,0,3,0,0,0,1.01,0,8,4,0,1
3,5.68889,12,4,50,1,6,2,2,15,18,2.02,6,2.04,5,6.06,1.01,4,12,6,1.01,1
1,0,2,0,7,54,2,5,3,1,3,0,3,0,1,0,0,1,138,2,0,1
8,8.63149,38,5,137,95,19,3,2,171,72,0,6,1.03,10,2.02,3.05,11,73,9,1.03,1
1,8.16696,24,2,80,0,3,1,12,3,11,1.01,14,1.03,18,1.01,1.01,2,8,3,1.03,1
6,5.25685,8,8,41,18,4,2,1,6,29,2.04,8,2.05,0,2.04,4.04,6,62,2,2.06,1
7,11.3437,11,11,43,67,3,5,1,3,25,2.02,12,2.02,1,2.02,10.15,8,47,2,1.03,1
3,7.05208,13,1,69,0,10,1,3,45,21,0,4,2.12,2,0,1.01,4,8,10,2.42,1
3,5.59671,18,3,67,96,13,4,1,78,41,0,4,0,4,0,4.06,4,88,2,0,1
7,8.7196,16,8,62,28,8,4,3,28,35,0,11,2.04,0,0,4.1,7,91,2,1.05,1
24,19.7948,166,33,1189,427,49,3,1,1176,262,2.04,34,5.34,8,2.04,10.17,25,96,16,8.68,0
1,4.07501,14,1,44,0,4,1,1,6,10,0,2,0,3,0,1.01,1,8,3,0,1
1,5.08455,44,0,169,0,44,1,1,946,45,0,1,0,20,0,1.01,1,28,44,0,1
19,18.513,47,7,210,55,10,5,1,45,70,4.05,8,8.59,5,4.04,19.37,20,171,10,11.84,1
13,17.3722,93,6,383,0,16,1,10,120,122,1.01,15,4.04,10,2.02,1.02,16,16,13,6.34,1
1,6.55162,4,0,8,37,2,3,8,1,2,0,8,0,2,1.02,7.13,2,72,2,0,1
15,12.8587,50,18,200,0,5,1,5,10,85,2.02,23,3.07,4,3.03,1.01,20,8,2,3.06,1
33,16.6898,113,15,638,133,18,2,1,153,220,2.02,16,6.2,2,2.02,6.13,36,46,2,8.75,0
9,11.1327,19,13,152,0,6,1,2,15,67,2.02,15,3.05,1,2.02,1.01,13,8,5,2.04,1
126,46.3868,489,61,2475,0,122,1,70,7381,1026,15.32,110,45.11,97,24.5,1.01,141,8,74,58.31,0
6,6.84846,23,4,76,95,13,3,1,78,39,0,4,0,6,0,2.02,7,73,4,0,1
8,8.63149,38,6,136,95,19,3,1,171,72,0,6,1.03,10,0,3.05,11,73,9,1.03,1
1,11.3038,9,3,34,388,5,5,3,10,14,0,6,2.03,2,3.04,7.09,2,78,5,3.11,1
0,1.67023,7,3,27,0,3,1,3,3,13,1.01,6,1.1,2,1.01,0,2,8,3,1.14,1
1,4.07501,10,2,31,219,3,2,1,3,7,0,3,0,3,0,6.09,1,55,3,0,1
6,10.7103,133,16,474,0,43,1,6,903,273,1.01,22,4.14,12,0,1.01,6,8,30,4.45,1
1,6.60309,10,2,35,0,4,1,9,6,10,0,11,0,5,0,1.01,1,8,4,0,1
2,1.29357,10,3,41,69,7,8,2,21,17,0,4,1.01,4,0,0,2,234,6,1.1,1
4,7.95479,9,1,31,95,9,3,1,36,18,0,2,0,1,0,3.05,5,73,1,0,1
21,19.2708,64,6,180,61,12,4,3,66,56,2.02,8,4.21,22,2.03,10.15,23,45,6,7.73,0
15,13.1474,40,11,232,380,6,3,1,15,85,0,12,4.12,7,1.01,2.02,15,38,6,5.43,1
1,6.70304,6,2,18,0,4,2,4,6,6,0,6,0,3,0,1.01,1,15,3,0,1
9,9.60485,19,12,87,18,5,2,2,10,58,3.03,14,2.04,2,3.03,4.04,10,62,2,1.01,1
5,3.42644,56,11,152,6,19,2,4,171,76,1.03,15,3.2,6,1.04,1.01,6,24,14,3.42,1
20,20.2148,25,5,87,394,6,6,2,15,34,1.01,7,3.05,4,2.02,7.09,22,107,5,5.31,0
0,6.93237,6,0,21,419,6,7,1,15,10,1.01,1,1.01,1,1.01,6.08,2,118,6,1.03,1
37,35.6225,148,36,712,0,20,1,4,190,211,7.07,39,21.04,5,9.09,1.01,41,8,15,27.98,0
0,8.05174,5,1,18,387,5,3,1,10,9,0,2,1.01,2,0,3.03,2,35,5,1.03,1
17,14.6512,35,0,105,0,35,1,26,595,35,0,26,6.1,0,5.08,1.01,23,8,2,6.3,1
0,6.93237,7,0,23,385,7,6,1,21,12,1.01,1,1.01,2,1.01,9.11,2,98,6,1.03,1
1,1.26811,3,1,10,32,3,3,1,3,6,0,2,0,1,0,2.02,1,21,3,0,1
4,9.52687,18,7,64,0,5,1,3,10,39,3.04,10,3.09,3,3.04,1.01,4,8,0,2.13,0
0,2.36846,10,3,37,9,6,2,2,15,13,0,5,0,5,1.01,1.01,0,23,6,0,1
1,4.07501,18,2,64,0,10,1,1,45,20,0,3,0,4,0,1.01,1,8,10,0,1
1,0,4,2,13,69,4,5,0,6,8,0,2,0,1,0,6.06,1,54,2,0,0
12,18.395,112,8,392,3,30,2,6,435,133,1.03,13,5.43,12,2.06,3.08,13,30,18,7.46,1
1,1.47165,7,2,34,58,5,5,1,10,12,0,3,0,0,0,1.01,1,179,4,0,1
1,0,0,0,0,5,2,2,1,1,2,0,1,0,0,0,0,1,19,2,0,1
9,5.79221,7,4,23,0,8,1,1,28,25,1.01,5,1.04,0,1.02,0,10,8,8,1.13,1
3,4.08525,1,0,3,6,1,3,4,0,1,0,4,0,1,0,2.03,3,26,1,0,1
0,6.37263,9,1,28,0,8,1,3,28,16,1.01,4,1.01,2,1.01,1.01,0,8,8,0,1
54,34.7321,86,14,290,6,31,2,1,465,85,9.32,14,21.41,14,9.33,8.12,59,39,29,25.73,1
2,7.79015,20,5,75,398,11,6,1,55,29,0,6,1.02,3,0,4.05,2,99,11,1.05,1
5,4.49837,53,3,191,219,17,2,2,136,30,0,5,2.02,9,1.01,2.05,6,55,16,3.28,1
2,4.08525,7,0,29,0,5,1,1,10,11,0,1,0,34,0,2.03,2,22,5,0,1
4,8.33084,27,9,89,50,15,3,1,105,39,1.01,10,1.02,1,1.01,1.03,5,118,9,0,1
9,12.6182,21,8,99,380,11,2,27,55,38,0,35,4.09,0,2.02,2.02,9,27,11,3.1,1
1,5.76357,3,3,11,0,2,1,4,1,9,0,7,1.03,0,1.01,1.01,2,8,2,1.02,1
1,4.07501,6,4,26,397,4,6,1,6,16,0,5,0,0,0,3.03,1,72,4,0,1
10,10.0134,11,1,31,380,8,3,8,28,14,1.02,9,2.04,1,1.02,2.02,10,38,8,2.19,1
0,4.07501,4,1,12,387,2,3,1,1,7,0,2,0,0,0,2.02,0,32,2,0,1
0,4.07501,4,2,21,388,3,8,1,3,11,0,3,0,0,0,8.1,0,110,3,0,1
3,10.1694,258,12,1081,1,12,3,1,66,352,2.02,13,2.04,14,2.02,1.01,4,40,11,3.05,0
2,6.22874,3,0,11,3,3,4,1,3,3,1.01,1,1.01,2,1.01,4.13,3,38,3,1.01,0
3,3.17525,21,3,81,0,11,1,2,55,29,0,5,0,7,0,1.03,4,28,5,0,1
4,5.41047,18,4,117,0,11,1,0,55,34,1.01,4,1.01,9,1.01,1.01,4,8,11,1.03,1
3,7.10696,25,2,78,0,12,1,7,66,21,0,9,0,4,2.02,1.01,3,8,12,1.01,1
155,43.3291,0,0,0,282,0,1,0,0,0,0,0,0,129,0,1.01,173,8,0,0,0
3,1.5732,18,1,56,408,8,6,1,28,26,0,2,1.07,2,0,6.08,3,101,8,1.16,1
1,4.22835,51,1,136,17,12,1,5,66,66,1.01,6,1.09,1,1.01,0,2,0,5,1.03,1
6,2.4812,36,4,103,0,10,1,3,45,27,0,7,1.04,3,2.02,0,6,16,9,1.14,1
10,10.425,1,0,3,0,2,1,1,1,2,0,1,1.01,9,5.06,1.01,13,8,2,1.03,1
17,14.3292,56,3,258,2,25,2,2,300,130,1.01,5,6.64,13,2.02,6.08,18,41,24,9.48,1
31,32.6911,235,19,724,28,56,2,56,1540,244,6.07,66,17.08,9,15.22,2.02,34,16,54,21.06,0
5,6.50029,4,1,9,1,2,2,0,1,6,0,1,0,1,0,2.02,6,18,2,0,1
14,15.4387,46,19,231,408,11,3,2,55,79,1.02,20,5.1,2,1.02,2.02,14,58,10,5.33,0
0,4.07501,15,2,72,0,5,2,1,10,55,0,3,0,3,0,1.01,0,22,3,0,1
0,4.07501,5,1,15,2,5,2,3,10,6,0,4,1.01,2,0,2.04,0,14,2,0,1
2,5.26021,8,1,27,0,5,1,1,10,8,0,2,0,3,0,1.01,2,8,5,0,1
1,4.07501,9,2,46,386,5,6,1,10,15,0,3,0,3,0,5.06,1,85,5,0,1
4,10.1241,34,5,123,135,9,3,1,36,26,0,6,0,3,0,8.18,4,67,2,3.06,1
8,6.62518,7,5,104,0,7,1,3,21,25,0,7,1.01,5,0,1.01,9,8,0,3.03,1
6,11.93,64,9,250,119,15,3,2,105,50,1.01,11,3.1,9,1.01,3.05,7,40,13,5.03,1
1,3.9771,22,1,74,0,7,1,1,21,11,0,2,0,4,0,1.01,1,8,6,1.09,1
11,10.6043,32,5,124,97,15,4,58,105,47,0,62,3.06,4,6.12,3.05,13,79,4,3.14,1
3,6.40012,2,1,24,28,2,2,1,1,4,0,2,0,3,0,7.09,3,25,2,1.03,1
5,10.7589,22,5,72,0,10,2,1,45,39,3.03,6,4.08,5,3.03,2.02,7,18,8,3.34,1
7,9.14824,9,1,32,384,8,6,0,28,13,0,1,1.01,1,1.01,5.06,7,79,8,1.03,1
1,3.9771,8,1,28,415,5,6,1,10,12,0,2,0,0,0,6.08,1,93,5,1.04,1
0,1.09529,4,0,9,0,3,1,3,3,4,0,3,0,7,1.01,0,0,8,3,0,1
9,12.566,53,6,214,61,8,4,1,28,47,0,7,1.03,15,0,10.15,11,45,5,5.32,0
0,4.07501,5,2,25,384,7,4,6,21,13,0,7,0,0,1.02,5.06,0,69,7,0,1
4,7.86064,25,7,69,52,8,3,2,28,24,1.01,8,3.05,2,1.02,6.07,6,27,5,3.22,0
2,2.51582,32,9,186,0,9,2,1,36,44,0,10,0,5,0,0,3,11,2,0,1
30,26.4736,172,38,644,47,39,2,15,741,285,4.08,46,12.69,11,5.09,1.02,33,32,28,12.68,0
7,7.95479,19,3,71,95,12,3,3,66,37,0,6,0,3,0,3.05,8,73,3,0,1
3,7.94507,13,7,56,421,2,4,1,1,23,1.01,8,0,0,1.01,2.02,3,68,2,1.03,1
1,5.7915,36,1,94,0,9,1,1,36,24,0,2,1.01,4,1.01,1.01,1,8,8,2.13,1
0,0,3,1,10,2,3,2,1,3,5,0,2,0,0,0,0,1,33,2,0,0
2,5.1154,22,3,82,0,9,2,2,36,22,0,5,0,8,0,2.02,2,15,6,0,1
0,0,2,0,6,2,2,3,3,1,2,0,3,0,1,0,0,1,36,2,0,0
35,23.8259,134,27,554,59,43,4,27,903,273,1.02,47,12.41,3,5.08,7.19,39,160,27,10.89,0
27,18.5538,283,28,1119,0,68,1,9,2278,493,1.01,34,8.19,33,1.01,1.01,27,33,32,4.21,0
5,7.11369,49,5,107,135,4,3,1,6,24,0,6,3.19,2,0,5.07,6,67,2,4.78,1
10,8.43242,37,6,136,97,18,3,6,153,69,1.01,11,1.12,9,3.04,3.03,13,84,4,1.14,1
14,20.2197,100,4,347,20,40,2,4,780,105,0,8,9.64,49,0,4.05,19,25,39,11.83,0
13,13.0619,22,0,66,0,22,1,0,231,22,0,0,1.01,0,0,2.02,15,30,22,1.03,1
13,16.5532,37,15,281,18,11,2,1,55,78,3.06,16,5.41,4,3.06,4.04,14,62,4,9.26,1
2,5.19438,6,0,18,4,6,3,8,15,6,0,8,0,3,1.02,3.05,2,19,3,0,1
1,1.47165,24,3,94,0,8,1,1,28,18,0,4,0,3,0,0,1,16,7,0,1
2,5.60179,7,1,24,0,3,1,1,3,11,0,2,1.02,2,0,1.01,2,10,3,1.08,1
32,24.8564,95,18,314,391,28,2,36,378,111,2.03,48,5.12,17,8.08,2.02,35,31,26,9.39,1
1,7.88927,1,0,5,35,1,4,1,0,1,0,1,0,1,0,3.05,1,47,1,1.01,1
9,6.84846,40,7,155,95,19,3,5,171,75,0,11,1.02,10,4.04,2.02,11,73,7,1.03,1
44,29.1299,60,28,282,28,16,2,2,120,106,3.04,29,10.22,5,3.04,7.09,54,25,7,12.51,1
0,3.97098,7,5,54,150,4,3,3,6,14,1.01,8,0,4,1.01,3.03,0,44,4,0,0
3,7.57299,8,2,23,54,5,2,0,10,16,0,2,0,1,0,2.02,6,19,4,0,0
3,13.4078,19,9,63,384,8,5,14,28,30,3.03,22,5.08,1,5.07,8.09,4,87,7,3.16,1
1,4.07501,13,1,41,0,4,1,1,6,10,0,2,0,3,0,1.01,1,8,3,0,1
1,4.07501,1,0,3,0,1,1,2,0,1,0,2,0,1,0,2.03,1,23,1,0,1
0,7.26753,22,6,95,13,4,3,2,6,29,0,7,0,1,0,2.06,0,55,2,1.01,1
21,17.6478,14,7,48,386,6,6,2,15,27,2.02,9,4.06,3,3.03,8.1,23,95,3,4.13,1
0,10.7711,3,1,9,3,4,3,3,6,5,0,4,2.04,3,1.01,2.04,1,17,3,2.09,1
0,5.1154,27,0,105,0,16,1,1,120,40,0,1,0,12,0,1.01,0,15,16,0,1
1,6.77104,12,0,37,152,12,2,3,66,14,1.01,3,2.03,1,3.03,1.01,1,41,11,2.06,1
13,21.3849,58,6,154,61,11,4,3,55,46,2.02,8,4.21,16,2.03,10.15,15,45,6,7.68,0
7,10.8995,29,5,92,0,12,2,4,66,61,1.01,9,0,3,1.01,1.01,8,13,6,0,1
0,5.07933,3,0,11,0,3,1,1,3,3,0,1,0,1,0,1.01,0,8,3,0,1
2,8.66785,1,0,3,12,2,7,1,1,2,1.01,1,1.02,3,1.01,3.1,3,52,2,1.05,1
6,10.8648,4,2,15,12,2,1,2,1,7,0,4,1.01,6,2.02,4.05,7,16,0,2.04,1
4,3.58431,6,1,17,429,5,8,1,10,8,0,2,1.01,3,0,6.08,7,120,5,1.03,1
1,6.92842,67,16,316,3,11,2,8,55,105,0,24,1.01,5,0,1.04,1,20,3,1.02,1
2,9.52046,4,2,17,419,3,7,1,3,8,0,3,1.01,4,0,5.07,3,115,3,1.04,1
4,12.4195,39,12,200,0,7,1,0,21,88,4.05,12,3.12,9,4.05,0,6,8,2,3.51,1
0,4.07501,4,1,12,387,2,3,1,1,7,0,2,0,0,0,2.02,0,32,2,0,1
4,8.4491,1,0,7,83,1,5,2,0,2,0,2,0,2,0,11.19,4,57,1,0,0
4,8.6406,7,3,36,0,3,1,1,3,18,0,4,0,1,0,1.01,4,10,3,1.01,1
1,6.77104,12,0,38,152,12,2,4,66,14,1.01,4,2.03,1,3.04,1.01,1,41,11,2.06,1
2,7.95479,9,2,31,95,9,3,2,36,19,0,4,0,1,1.01,2.02,3,75,1,0,1
5,8.41166,45,5,212,114,17,1,1,136,69,2.02,6,2.05,12,2.02,1.01,6,8,16,2.19,1
4,4.08525,4,0,12,0,2,1,1,1,2,0,1,0,4,0,1.01,5,8,1,0,1
1,9.69849,16,2,67,388,7,8,2,21,25,0,4,1.01,6,1.01,8.1,2,109,7,1.03,1
0,0,15,7,48,0,11,2,1,55,31,0,7,0,3,0,0,1,13,4,0,1
15,18.8534,142,16,560,0,28,1,4,378,246,5.05,20,8.25,17,6.06,1.01,18,8,6,10.64,0
0,6.91346,7,3,24,5,6,1,2,15,13,0,4,1.02,3,1.01,2.02,0,13,5,1.03,1
4,10.5335,1,0,3,0,1,2,2,0,2,2.05,2,2.41,0,2.06,2.09,4,43,1,5.99,1
6,10.2807,898,13,1500,151,33,1,34,528,2062,3.09,47,2.11,1,10.15,1.01,7,8,33,1.27,1
6,12.236,20,9,128,0,7,1,5,21,59,3.03,11,6.21,2,5.05,1.01,6,8,6,5.58,1
5,7.95479,16,3,59,95,12,3,1,66,35,0,4,0,3,0,2.02,6,73,3,0,1
2,6.71778,10,6,41,384,8,6,6,28,18,1.01,12,1.01,0,1.01,4.05,2,91,8,0,1
3,3.17525,13,5,44,0,4,2,2,6,25,0,7,1.01,1,1.01,1.03,4,39,1,0,1
1,1.06049,1,0,3,11,1,2,1,0,1,0,1,0,0,0,0,1,47,1,0,1
0,4.07501,5,2,21,1,3,3,1,3,5,0,3,0,3,0,1.01,0,31,3,0,1
57,36.059,392,6,974,0,15,1,27,105,287,2.02,33,30.82,218,15.3,1.01,76,8,14,40.21,0
0,3.9771,22,1,71,0,7,1,2,21,11,0,3,0,4,1.01,1.01,0,8,6,1.06,1
25,30.7687,174,21,536,391,23,2,22,253,128,6.09,40,13.72,23,9.13,2.02,29,31,21,19.33,0
2,9.32465,19,10,74,0,9,1,5,36,37,1.01,15,1.03,3,1.01,1.01,3,8,8,1.03,1
9,14.8017,32,17,163,380,7,3,1,21,63,2.02,18,3.08,4,3.03,2.02,9,38,7,3.14,0
4,6.92698,16,6,62,38,12,3,1,66,33,0,7,2.04,2,0,1.03,4,119,8,0,1
3,5.96416,3,0,9,0,3,1,2,3,3,0,2,0,0,0,1.01,3,8,3,0,1
7,7.95479,27,3,109,95,14,3,1,91,51,0,4,0,5,0,3.05,8,73,5,0,1
3,2.96868,19,7,74,95,16,2,10,120,38,0,17,1.02,3,1.07,2.02,6,68,7,1.03,1
10,9.21914,31,6,123,95,18,3,2,153,60,1.01,7,2.09,5,1.01,2.02,12,73,6,2.14,1
7,13.5885,40,8,137,39,18,1,2,153,78,1.01,10,4.11,1,1.01,1.01,8,8,15,5.2,1
1,7.98927,9,5,32,380,7,3,1,21,17,0,6,0,0,1.01,2.02,1,38,7,0,1
2,9.47399,7,2,26,82,6,8,4,15,11,0,5,1.02,1,1.02,16.42,2,319,5,2.07,1
4,8.57238,36,2,118,0,11,1,2,55,33,1.01,4,2.05,4,1.01,1.01,4,8,9,3.34,1
0,1.06049,3,1,12,0,3,1,4,3,7,0,5,0,1,2.02,0,0,8,3,0,1
9,9.21914,36,7,130,95,17,2,7,136,66,0,13,0,8,3.04,2.02,11,68,7,0,1
4,6.73444,14,4,42,397,3,7,1,3,22,0,5,0,0,0,6.09,4,124,3,0,1
9,13.0996,36,9,139,141,9,2,5,36,47,2.02,13,3.09,9,1.01,2.02,11,35,9,5.15,0
31,28.279,276,23,1126,3,20,2,18,190,244,5.09,36,11.02,12,7.1,3.03,37,13,14,18.92,0
1,5.18073,32,3,88,0,6,1,1,15,17,0,4,1.01,3,1.01,1.01,1,8,6,1.08,1
32,34.0926,79,11,289,5,14,3,3,91,111,5.06,14,9.63,11,7.09,2.03,34,21,6,11.27,0
6,13.1641,21,13,104,8,18,3,1,153,65,3.03,14,3.04,0,3.03,2.03,9,46,15,1.01,1
2,1.26759,24,5,75,0,9,2,1,36,30,1.01,6,1.03,2,1.01,0,3,11,4,1.14,1
27,25.6644,118,31,529,69,31,7,3,465,241,7.19,32,16.55,4,6.17,14.41,31,240,22,18.31,0
2,6.92698,9,4,28,37,4,5,2,6,12,0,6,1.01,0,0,4.04,2,88,1,0,1
5,6.60309,4,2,14,387,4,7,1,6,12,0,3,0,0,0,8.1,6,101,2,0,1
10,13.7034,46,13,223,18,6,2,2,15,104,3.03,15,3.1,4,3.03,4.04,12,62,2,0,0
9,7.97103,19,4,52,0,6,1,1,15,19,0,4,0,1,0,1.01,11,8,5,0,1
1,5.33714,0,0,0,0,2,1,6,1,2,0,6,0,0,1.01,1.01,1,8,2,0,1
58,42.8108,520,48,1892,0,104,1,82,5356,632,11.33,125,32.89,14,30.78,1.01,68,8,83,43.47,0
12,12.0762,53,9,226,415,6,6,1,15,87,0,10,2.02,2,0,7.1,12,117,6,2.08,1
5,10.2069,39,8,166,126,10,3,1,45,40,1.01,9,2.13,7,1.01,3.06,6,44,10,2.64,1
3,6.9656,56,11,165,18,17,2,7,136,81,2.02,18,2.05,4,2.02,4.04,3,62,2,3.07,1
2,9.51627,35,7,99,0,7,1,1,21,36,1.01,7,2.03,5,1.01,1.01,2,8,0,2.15,1
2,7.44972,55,1,163,40,14,3,9,91,17,0,10,2.04,2,0,14.2,2,71,13,2.09,1
2,7.2883,11,2,39,384,7,6,1,21,14,0,3,0,1,2.02,5.06,2,79,7,0,1
1,1.29357,33,8,153,0,4,1,1,6,25,0,9,1.02,13,0,0,1,16,4,1.21,0
12,12.0762,56,9,230,415,6,6,1,15,87,0,10,2.02,2,0,7.1,12,117,6,2.03,1
19,24.5715,100,15,337,384,16,4,4,120,119,3.03,19,9.31,8,4.04,5.06,20,77,16,10.75,0
2,9.52046,6,1,23,69,5,7,3,10,9,0,3,2.03,1,1.01,12.33,2,229,4,2.07,1
1,6.70304,5,2,14,0,3,2,2,3,5,0,4,0,2,0,1.01,1,15,2,0,1
17,20.2507,191,15,707,52,19,2,1,171,221,4.08,16,7.78,10,4.08,3.03,17,25,3,11.21,1
3,3.80102,12,3,50,0,2,2,2,1,18,1.02,5,1.13,3,2.03,1.03,4,39,1,1.42,1
4,4.66145,1,0,4,5,1,2,2,0,1,0,2,0,2,2.03,2.03,4,25,1,1.01,1
9,10.2625,31,2,123,11,16,2,1,120,43,2.02,3,5.44,5,2.02,5.09,14,18,16,5.17,0
2,3.58477,12,2,51,0,8,2,1,28,13,0,3,0,7,0,0,2,25,7,0,1
62,30.9896,216,51,830,68,79,4,28,3081,442,8.09,69,20.75,4,12.14,8.21,73,200,67,25.71,0
29,29.0867,169,21,546,262,24,2,72,276,157,3.04,87,9.37,12,5.06,7.07,30,80,19,11.43,0
7,7.95479,35,3,141,95,16,3,1,120,65,0,4,0,7,0,3.05,8,73,7,0,1
4,7.07936,157,16,606,0,27,1,2,351,306,3.04,17,4.17,13,3.04,0,7,8,9,4.33,0
1,4.07501,3,1,14,400,2,5,1,1,4,0,2,0,1,0,4.04,1,65,2,0,1
1,6.94335,4,4,15,388,2,6,1,1,9,1.04,5,1.06,0,1.04,7.09,1,81,2,1.09,1
0,4.07501,1,0,3,0,1,1,1,0,1,0,1,0,6,0,2.03,0,23,1,0,1
0,0,8,4,32,389,3,6,1,3,13,1.01,5,0,1,1.01,7.1,0,83,3,0,1
101,31.5924,331,34,1106,0,39,2,4,741,369,8.17,35,18.1,7,8.17,7.11,110,43,2,26.02,0
9,15.52,25,6,100,69,5,5,1,10,31,3.03,7,5.17,3,3.04,11.16,10,54,3,7.23,0
1,4.07501,5,2,16,386,3,8,1,3,10,0,3,0,0,0,4.05,1,103,3,0,1
5,13.2788,51,15,195,8,7,2,0,21,77,3.04,15,4.12,2,3.04,2.03,5,19,6,5.24,0
6,17.7564,50,7,258,0,16,1,5,120,65,3.03,11,2.12,28,3.03,1.01,8,8,13,3.62,1
4,6.84846,35,7,141,95,16,3,1,120,70,0,7,1.01,7,0,2.02,5,73,7,1.03,1
0,6.26221,4,3,17,1,4,2,1,6,7,0,4,1.01,5,0,2.02,0,11,4,1.04,1
0,4.07501,17,1,47,0,5,1,3,10,11,0,4,0,4,1.01,1.01,0,8,5,0,1
12,12.2134,36,12,112,1,14,2,2,91,50,0,13,2.04,11,1.01,1.01,13,12,9,2.18,1
18,17.1181,88,10,306,52,18,3,25,153,94,4.08,35,8.62,11,7.15,6.07,21,27,6,11.89,0
5,7.9636,86,10,321,0,18,2,1,153,66,2.02,11,3.39,12,2.02,0,7,11,4,7.7,1
0,4.07501,5,1,17,0,4,1,1,6,10,0,2,0,1,0,1.01,0,11,3,0,1
26,25.6173,46,15,190,18,8,2,2,28,73,6.11,15,10.64,9,6.11,4.04,31,62,3,14.29,1
1,4.07501,5,2,16,384,3,7,1,3,10,0,3,0,0,0,4.05,1,99,3,0,1
17,16.2509,47,19,185,62,21,5,4,210,86,3.03,22,8.25,2,6.08,9.25,19,202,13,8.45,1
1,2.57538,25,1,74,68,7,2,1,21,17,0,1,0,2,0,1.01,2,33,4,0,1
0,0,39,6,142,0,7,2,0,21,23,0,6,0,16,0,0,1,11,3,0,1
24,21.221,49,12,142,392,5,5,1,10,65,4.04,13,8.47,5,4.04,5.06,27,93,4,9.87,1
5,1.15638,7,0,27,78,8,1,5,28,12,0,5,1.09,6,1.01,0,6,8,4,1.2,1
11,20.4932,38,11,132,397,8,5,13,28,56,0,23,5.07,1,3.04,3.03,13,64,8,8.28,1
2,8.50122,54,3,172,0,25,1,14,300,43,0,17,2.1,4,1.01,1.01,3,8,23,2.24,1
3,13.2396,11,3,35,28,8,2,26,28,15,1.02,29,3.07,6,3.06,2.02,3,16,8,2.11,1
0,6.20089,16,2,57,380,11,3,2,55,25,0,4,1.03,16,4.04,2.02,1,46,11,1.08,1
47,28.9486,292,13,736,0,36,1,7,630,267,2.02,18,17.93,5,5.05,1.01,49,8,3,22.69,0
16,11.6167,94,23,312,52,20,4,11,190,150,4.08,33,5.38,0,5.14,11.2,19,141,14,5.83,1
5,14.1631,52,3,155,0,3,1,2,3,59,1.01,5,6.19,32,1.01,1.01,8,8,2,6.54,1
2,1.09529,78,9,299,0,13,1,3,78,51,0,11,0,10,0,0,2,8,1,1.06,1
7,12.7023,20,11,92,380,7,3,0,21,34,2.03,11,3.06,5,2.03,2.02,8,38,7,4.19,1
1,4.07501,2,3,12,0,2,1,1,1,5,0,4,0,2,0,1.01,1,8,1,0,1
10,14.9973,79,16,271,12,9,1,3,36,116,4.04,19,5.12,6,4.04,1.01,14,11,4,6.34,1
7,9.44802,66,6,189,0,15,1,6,105,81,2.02,12,3.11,15,1.01,1.01,8,8,13,2.04,1
1,4.07501,4,0,13,28,4,2,3,6,4,0,3,0,3,0,2.02,1,16,3,0,1
2,2.36846,12,1,55,0,4,1,2,6,21,4.04,3,1.01,0,5.05,1.01,2,8,3,0,1
2,6.43425,15,3,36,68,4,2,1,6,13,0,4,0,1,0,4.04,2,33,3,0,0
5,10.9911,44,4,233,7,19,2,4,171,60,2.02,8,4.08,3,1.01,4.07,5,40,14,2.12,1
0,4.07501,4,0,11,0,2,2,1,1,2,0,1,0,3,0,1.01,1,11,1,0,1
1,6.70304,14,2,44,0,7,1,6,21,20,0,8,0,2,0,1.01,1,8,6,0,1
0,4.07501,3,1,11,68,3,2,1,3,4,0,2,0,1,0,4.04,0,33,2,0,1
1,4.13043,84,6,276,55,12,2,1,66,126,0,6,0,5,0,2.02,2,27,0,1.06,1
3,7.25753,24,5,131,114,2,1,1,1,38,0,6,0,1,0,1.01,5,9,2,0,1
7,9.78944,18,4,57,52,12,4,2,66,30,3.03,6,2.06,2,3.03,9.16,7,131,8,2.09,1
45,24.8471,480,1,2140,0,11,1,3,55,281,1.01,4,12.45,262,1.01,1.01,63,8,9,15.81,0
0,2.2601,2,0,6,0,2,1,0,1,3,0,0,1.01,0,0,0,1,8,1,1.03,1
8,14.7589,57,6,220,95,15,3,1,105,85,0,7,3.05,3,0,3.05,9,73,5,3.11,0
1,7.90701,35,5,69,68,5,2,1,10,30,0,5,2.1,1,0,4.04,2,33,4,2.15,0
5,5.04743,1,0,7,67,1,6,2,0,2,0,2,0,2,0,10.15,5,58,1,0,0
3,6.93237,11,0,34,384,9,5,4,36,9,0,4,0,3,0,4.05,3,85,9,1.01,1
0,1.70656,8,2,21,2,6,1,3,15,9,0,5,0,2,1.01,1.01,0,10,6,0,1
23,17.5543,125,29,516,34,19,3,2,171,278,4.08,31,6.27,3,4.08,4.04,26,78,1,5.34,0
3,6.00951,12,5,52,0,6,1,33,15,30,0,38,0,2,6.08,0,3,0,6,0,1
18,0,188,22,849,406,50,3,4,1225,230,4.09,26,22.49,7,5.1,4.06,21,20,9,28.86,1
2,2.50899,17,5,49,61,4,4,0,6,24,0,5,0,0,0,4.04,2,45,2,1.01,0
2,7.15525,16,4,85,385,5,6,0,10,16,1.01,4,0,2,1.01,5.06,2,79,5,0,1
0,4.07501,4,3,15,1,3,3,1,3,8,0,4,0,2,0,1.01,0,31,3,0,1
7,7.95479,24,4,98,95,14,3,1,91,49,0,5,0,5,0,2.02,8,73,5,0,1
1,5.56106,30,2,117,0,10,1,6,45,24,0,8,0,4,4.04,1.02,1,16,9,1.08,1
3,3.58431,6,1,17,396,5,7,1,10,8,0,2,1.01,2,0,8.1,3,102,5,1.03,1
2,1.78303,0,0,0,0,1,1,2,0,1,0,2,0,0,0,0,3,8,1,0,1
3,12.2036,17,3,63,386,10,6,2,45,27,0,5,4.1,6,1.01,8.1,3,95,9,4.33,1
3,8.13317,2,0,9,35,2,4,8,1,2,0,8,0,2,1.01,3.05,3,47,2,0,1
13,19.8025,2,1,6,0,2,1,6,1,3,0,7,0,313,3.07,0,17,0,1,0,0
3,4.8759,40,12,123,0,17,2,1,136,53,0,13,0,12,0,1.01,3,32,14,0,1
22,22.3638,55,20,251,3,10,3,3,45,82,7.14,21,12.4,3,7.14,2.04,25,17,1,8.84,0
7,7.95479,27,4,106,95,14,3,1,91,51,0,4,0,5,0,3.05,8,73,5,0,1
9,7.95479,32,5,128,95,16,3,1,120,64,0,6,0,7,0,2.02,10,73,7,0,1
118,42.2808,419,90,1531,0,54,1,17,1431,572,12.2,102,28,27,11.19,1.01,135,9,19,35.73,0
7,17.6471,18,5,82,0,13,1,2,78,46,1.02,7,6.35,1,1.02,1.01,7,8,13,6.62,1
5,10.0345,13,12,61,61,3,4,1,3,32,2.02,13,2.02,7,2.02,9.1,6,45,2,1.03,1
0,4.07501,1,0,3,2,1,2,2,0,1,0,2,0,0,0,3.08,0,33,1,0,1
44,37.4003,321,30,1069,140,38,1,68,703,312,8.09,84,22.33,27,21.36,1.01,44,8,27,30.53,0
5,8.13684,7,0,19,152,6,2,7,15,7,1.02,7,2.02,3,3.07,1.01,5,41,5,2.05,1
2,7.15525,16,4,85,385,5,6,0,10,16,1.01,4,0,1,1.01,5.06,2,79,5,0,1
1,8.02975,52,2,136,0,14,1,35,91,34,1.01,37,1.21,15,4.36,1.01,2,8,12,2,1
4,7.95479,13,3,47,95,11,3,12,55,29,0,15,0,3,2.02,2.02,5,73,2,0,1
13,13.596,115,22,673,416,41,2,1,820,174,0,23,3.07,7,0,1.01,15,8,1,3.26,1
22,20.0781,117,4,423,0,53,1,2,1378,241,1.01,6,8.93,5,1.01,1.01,24,8,33,12.46,1
2,6.49901,33,6,146,38,21,3,4,210,61,0,10,1.01,5,0,1.03,2,118,4,0,1
2,13.1052,13,7,44,380,6,3,1,15,28,3.04,8,2.04,2,4.05,2.02,3,38,6,1.01,1
64,43.9774,1042,37,6113,249,62,1,18,1891,1095,14.22,50,34.16,22,14.23,1.01,69,8,39,79.97,0
5,11.6815,15,8,80,0,5,1,6,10,29,0,14,1.01,39,2.02,1.01,7,8,3,2.1,1
8,7.35509,89,3,325,0,15,1,1,105,52,2.02,4,1.13,16,2.03,1.08,8,8,12,4.71,1
6,8.94796,31,11,156,5,7,2,1,21,61,0,12,3.04,0,0,2.02,7,19,2,3.09,1
11,10.0952,93,8,387,143,13,3,4,78,125,0,12,4.88,16,0,2.02,11,40,10,7.47,1
1,6.8559,6,0,18,0,6,1,0,15,6,0,0,1.01,0,0,1.01,1,8,6,1.03,1
1,0,3,1,10,52,3,5,2,3,5,0,3,0,1,0,0,1,138,2,0,1
0,4.07501,4,1,17,384,3,3,1,3,8,0,2,0,0,0,2.02,0,31,3,0,1
8,15.6896,449,13,2262,131,27,1,0,351,368,1.01,13,2.59,45,1.01,1.01,10,8,3,5.71,1
16,17.5057,57,18,222,69,28,6,4,378,126,4.05,20,8.34,1,5.06,13.37,17,227,22,7.79,1
20,11.9023,16,2,54,61,9,5,0,36,20,2.06,2,3.16,9,2.06,10.15,21,49,5,3.52,0
4,11.8809,7,1,16,0,4,1,1,6,10,2.02,2,3.1,3,3.03,1.01,4,8,3,5.25,0
4,3.17913,75,3,312,20,8,3,4,28,18,0,7,0,0,0,2.08,4,84,8,2.24,1
5,11.6504,27,11,127,67,13,5,1,78,77,3.03,12,3.38,0,3.03,8.22,6,194,7,2.45,1
26,27.8349,119,14,435,2,36,2,1,630,113,11.13,15,11.31,17,11.13,6.08,27,41,31,16.97,1
2,5.26853,7,3,23,143,4,3,1,6,10,0,4,0,1,0,2.02,3,40,3,1.04,1
1,7.45849,5,0,16,388,3,5,2,3,6,0,2,1.01,0,1.01,7.09,2,78,3,1.04,1
9,6.84846,40,6,156,95,19,3,5,171,73,0,10,1.02,10,3.03,3.05,11,73,7,1.03,1
10,13.7497,55,15,222,52,25,4,5,300,78,2.06,20,3.25,7,5.09,9.18,13,129,16,6.01,0
10,7.95479,42,4,158,95,20,3,1,190,74,0,5,0,9,2.04,3.05,11,73,9,0,1
16,25.0807,37,11,105,384,8,5,10,28,55,4.05,20,9.24,2,7.08,8.09,16,87,6,7.26,1
8,23.7357,18,9,72,384,6,4,1,15,37,4.04,10,4.08,3,4.04,5.06,9,69,6,5.19,1
8,10.3262,31,16,140,12,6,1,1,15,55,1.01,17,2.04,2,1.01,1.01,10,11,4,1.13,1
9,11.0281,17,10,64,28,8,4,2,28,38,2.02,12,3.09,1,2.02,4.1,9,91,2,2.23,1
0,1.06049,4,1,17,0,4,1,4,6,8,0,5,0,2,2.02,0,0,8,4,0,1
8,11.1338,22,5,62,0,5,1,11,10,18,0,16,4.06,3,5.06,1.01,9,8,5,4.18,1
2,4.23423,3,1,19,0,3,1,1,3,4,1.01,2,2.18,6,1.01,2.08,3,8,1,2.65,1
7,7.95479,27,5,106,95,14,3,1,91,54,0,6,0,5,0,2.02,8,73,5,0,1
21,22.2053,100,20,274,69,13,3,1,78,89,3.03,20,7.17,1,3.03,4.04,24,37,2,4.13,0
26,22.412,74,15,217,380,11,3,2,55,81,3.03,17,6.21,4,3.03,2.02,26,38,10,7.36,0
1,6.77104,12,0,37,152,12,2,3,66,14,1.01,3,2.03,1,3.03,1.01,1,41,11,2.06,1
4,7.97103,5,0,15,0,5,1,2,10,5,0,2,0,1,0,1.01,5,8,5,0,1
0,1.35903,7,9,27,11,3,4,1,3,19,0,10,0,2,0,2.02,0,64,2,0,1
2,6.92698,3,0,9,34,3,4,1,3,3,0,1,1.01,0,0,4.04,2,84,1,0,1
2,4.07501,5,2,15,95,14,2,6,91,19,1.01,8,0,0,3.04,2.02,3,68,10,0,1
0,4.07501,1,0,4,10,1,2,1,0,1,0,1,0,1,0,1.02,0,13,0,0,0
17,18.4584,8,6,57,28,7,2,1,21,17,1.03,7,2.08,0,1.03,7.09,21,25,3,5.24,1
23,25.0221,66,14,269,19,13,2,2,78,89,5.07,15,10.55,3,5.07,6.15,28,37,2,13.7,0
1,2.27054,37,3,144,0,10,1,0,45,40,0,3,0,4,0,1.01,1,8,7,1.11,1
1,5.0061,74,8,222,388,7,3,1,21,47,0,9,0,1,0,4.04,1,33,4,1.02,1
7,9.05061,5,4,14,0,2,1,9,1,11,1.01,13,1.01,6,2.02,2.03,8,23,2,1.01,1
9,7.95479,28,4,109,95,15,3,1,105,55,0,4,0,5,0,3.05,10,73,6,0,1
8,6.15815,8,4,30,419,3,7,2,3,12,0,6,0,2,0,5.07,10,115,3,1.03,1
25,20.5304,71,16,232,6,22,2,1,231,90,2.02,16,8.15,8,3.03,5.05,32,30,20,9.53,1
1,4.07501,3,1,12,2,3,2,1,3,4,0,2,0,2,0,3.08,2,33,3,0,1
12,6.36941,28,4,110,97,15,4,4,105,58,0,8,0,5,1.01,3.05,14,79,5,0,1
8,13.4356,30,0,79,0,14,1,2,91,20,1.01,2,4.11,4,2.02,1.01,10,8,14,4.49,1
3,1.5732,18,1,56,397,8,7,1,28,26,0,2,1.07,2,0,9.11,3,102,8,1.16,1
4,12.7614,43,7,166,0,10,1,1,45,69,2.02,8,5.31,15,3.03,1.01,7,8,5,6.92,0
8,9.33444,37,7,149,0,9,1,13,36,54,0,20,1.06,8,1.01,1.01,9,8,6,2.18,1
7,7.95479,19,4,72,95,12,3,1,66,39,0,5,0,3,0,2.02,8,73,3,0,1
10,10.3083,131,5,485,28,37,2,11,666,169,1.01,16,4.12,9,4.04,3.03,14,30,24,4.35,1
2,5.2415,4,2,15,6,2,3,0,1,6,1.01,2,1.01,1,1.01,0,3,18,2,0,1
6,5.41015,6,6,38,18,4,2,2,6,25,1.01,7,0,1,2.02,4.04,6,62,2,0,1
8,7.95479,27,5,106,95,14,3,2,91,53,0,7,0,5,1.01,2.02,9,73,5,0,1
3,10.7828,51,12,231,58,14,3,1,91,110,0,13,3.13,3,0,0,6,34,1,2.1,1
14,9.60428,31,13,141,18,5,2,1,10,66,1.01,13,4.08,0,1.01,4.04,14,62,2,2.09,1
2,7.83265,34,1,95,0,22,1,18,231,48,0,19,1.02,20,3.04,1.01,2,8,21,1.06,1
0,4.08525,2,0,7,388,2,7,0,1,2,0,0,0,2,0,5.06,0,87,2,0,1
16,2.62803,129,12,495,170,25,3,1,300,130,1.01,13,3.45,3,1.01,1.01,17,67,4,4.5,0
50,24.2321,212,20,795,133,21,2,7,210,171,2.02,27,12.73,6,5.06,6.13,59,46,3,19.01,0
17,14.9141,92,12,395,42,37,2,3,666,170,5.09,15,19.95,6,5.1,4.07,17,310,32,41.36,0
0,1.70656,4,1,21,0,2,1,0,1,8,0,1,0,6,0,2.03,0,23,2,0,1
6,7.95479,14,3,53,95,12,2,4,66,30,0,6,0,3,0,2.02,7,68,3,0,1
14,8.8113,62,5,275,0,22,1,1,231,83,1.01,6,2.05,11,1.01,1.01,14,25,18,3.28,1
27,27.658,150,10,533,49,27,4,8,351,143,1.01,15,15.85,10,2.02,24.4,28,148,25,19.15,0
2,10.302,29,14,195,0,21,1,1,210,77,0,14,1.02,2,0,1.01,2,21,16,2.15,1
0,4.07501,4,0,13,11,5,6,1,10,5,0,1,0,1,0,3.1,0,47,4,0,1
14,14.7972,43,16,332,26,20,1,4,190,76,2.04,19,4.15,17,2.04,1.01,16,8,17,4.61,1
5,8.1662,11,9,63,18,5,2,3,10,23,2.02,12,4.11,1,2.02,1.01,7,62,2,6.23,1
0,4.07501,1,0,4,0,1,1,1,0,1,0,1,0,2,0,1.01,0,8,1,0,1
3,2.61009,15,4,51,0,4,1,1,6,15,0,5,0,2,0,0,3,8,3,0,1
25,19.3262,141,17,528,0,54,1,36,1431,244,3.06,51,10.23,18,6.11,1.01,29,8,16,9.48,1
0,0,3,1,13,386,3,6,0,3,7,0,1,0,2,0,5.06,1,85,3,0,1
0,4.07501,5,2,22,1,3,3,3,3,6,0,5,0,3,0,1.01,0,31,3,0,1
1,6.70304,6,4,22,95,6,3,8,15,13,1.01,12,0,2,4.06,3.05,2,73,4,0,1
19,15.1859,53,5,193,402,13,2,4,78,34,0,9,5.13,4,0,1.01,24,8,7,9.86,0
0,2.27054,30,2,117,0,10,1,1,45,24,0,3,0,4,0,0,1,16,9,1.08,1
5,8.432,48,5,140,0,5,1,3,10,37,1.01,8,1.1,10,1.02,1.01,6,8,4,3.37,0
6,7.95479,16,2,59,95,13,3,5,78,31,0,7,0,13,3.03,2.02,7,76,4,0,1
14,19.5611,43,15,155,6,15,2,1,105,61,3.13,16,4.31,7,3.13,3.03,18,23,13,4.77,1
2,10.025,26,11,120,18,6,2,1,15,49,2.02,12,1.05,2,2.02,4.04,3,62,1,1.08,1
4,7.282,12,5,62,386,6,6,4,15,21,0,8,1.01,1,1.01,8.1,4,95,5,1.04,1
1,0,15,2,35,0,8,2,3,28,16,0,5,0,2,0,0,1,16,8,0,1
0,2.36846,5,1,23,384,4,4,1,6,10,0,2,0,4,0,2.02,1,41,4,0,1
1,6.70304,4,1,14,0,3,2,3,3,4,0,4,0,2,1.01,1.01,1,15,2,0,1
1,3.3409,10,3,37,2,3,2,1,3,11,1.02,4,1.05,2,1.03,4.05,1,15,2,1.17,0
18,19.8456,418,13,1782,412,23,5,4,253,498,0,17,5.4,3,2.02,5.06,18,94,22,8.85,1
0,0,26,9,89,2,12,2,0,66,54,0,9,0,5,0,0,1,41,11,0,1
1,4.39643,33,5,149,2,19,1,6,171,78,0,10,1.07,4,0,1.01,1,8,1,1.08,1
1,0,33,5,118,0,9,1,1,36,31,0,6,0,3,0,0,1,16,7,0,1
7,6.55214,19,5,72,384,9,5,1,36,29,2.02,6,0,2,3.03,5.06,7,76,9,0,1
0,10.8205,8,2,25,398,8,7,1,28,10,0,3,0,0,0,4.05,1,107,8,1.01,1
4,4.11229,36,11,152,19,5,3,1,10,58,0,12,2.09,3,0,1.01,4,67,1,2.2,1
4,10.9438,3,1,11,0,3,1,5,3,5,2.05,6,4.27,6,4.15,1.01,4,8,3,4.92,1
13,16.213,18,8,70,412,7,5,0,21,39,2.02,8,3.09,2,2.02,5.06,13,94,7,5.12,0
13,11.2364,49,12,184,421,5,5,1,10,73,2.02,13,2.05,2,2.02,5.06,13,93,5,2.13,0
3,6.70304,25,4,95,95,15,2,3,105,51,0,6,0,5,0,2.02,3,68,6,0,1
13,9.38026,37,25,162,0,7,1,2,21,61,1.04,26,3.11,8,1.04,1.01,14,8,2,1.15,1
9,12.7087,46,5,146,61,6,4,1,15,34,0,6,3.06,4,0,8.09,10,45,3,6.13,0
2,4.06989,14,1,34,0,10,1,7,45,12,1.01,8,1.04,4,4.07,1.01,2,8,10,1.09,1
0,1.47165,0,0,0,4,1,3,1,0,1,0,1,0,3,0,0,1,19,1,0,1
6,9.2993,38,3,142,0,14,1,0,91,59,0,3,0,3,0,1.01,9,8,8,0,0
169,48.228,1680,71,7341,295,131,2,4,8515,2390,13.25,75,56.95,86,13.25,8.1,205,19,9,91.44,0
33,17.5678,223,13,681,402,65,2,1,2080,237,3.04,14,9.43,4,3.04,1.01,36,8,2,13.78,1
1,7.51373,33,13,128,410,8,4,1,28,54,4.05,14,3.08,2,4.05,2.02,2,66,8,3.1,1
1,3.42081,25,2,83,0,9,1,1,36,24,0,3,0,4,0,1.01,1,8,8,1.06,1
1,6.94335,7,0,28,18,4,2,1,6,8,0,1,1.01,1,0,4.04,1,62,1,1.04,1
8,9.05113,30,9,103,33,7,2,0,21,36,1.01,9,1.02,1,1.01,1.01,9,82,2,1.29,1
1,4.07501,3,1,12,410,3,4,1,3,5,1.01,2,0,0,1.01,2.02,1,66,3,0,1
40,29.5302,124,34,549,63,45,4,22,990,243,4.07,51,17.77,2,10.13,10.23,44,161,31,20.37,1
1,2.36846,5,2,15,58,3,3,1,3,9,0,3,0,1,0,2.02,1,37,0,0,1
8,7.61486,63,7,264,141,8,2,1,28,85,0,8,4.78,7,0,2.02,8,35,5,5.07,1
1,6.94335,6,1,23,73,5,8,3,10,8,0,3,1.02,1,1.01,13.41,1,267,4,2.07,1
37,23.9899,14,8,54,0,13,1,7,78,37,0,15,1.02,1,1.01,1.01,41,8,13,1.03,1
6,5.25685,8,3,27,141,6,2,2,15,14,1.01,5,2.05,1,1.01,2.02,6,35,6,1.01,1
8,13.2934,6,6,35,52,2,2,1,1,14,1.01,7,2.03,0,1.01,3.03,10,25,2,3.15,0
3,7.93371,15,6,53,95,13,3,5,78,25,1.02,11,1.03,1,1.03,3.05,5,75,9,1.03,1
2,4.98614,24,7,65,397,4,5,1,6,25,0,8,0,0,0,5.07,2,94,3,1.13,1
2,5.00863,29,4,131,13,14,2,2,91,37,0,6,0,14,0,1.01,2,31,13,0,1
1,4.07501,25,8,92,0,13,2,1,78,39,0,9,0,11,0,1.01,1,30,12,0,1
15,14.5431,24,2,233,14,7,1,2,21,32,1.01,4,0,12,1.01,1.01,17,8,6,6.4,1
1,6.77104,13,1,39,152,12,2,4,66,14,0,5,1.02,1,2.03,1.01,1,41,11,2.06,1
0,0,0,0,0,7,1,4,1,0,1,0,1,0,1,0,0,1,25,1,0,1
4,5.38431,15,6,68,1,10,2,5,45,38,0,11,1.02,4,3.03,1.01,5,12,8,1.03,1
26,32.0766,196,21,661,0,31,1,7,465,319,8.11,25,20.95,14,10.13,0,31,0,11,21.8,1
15,17.8868,156,20,591,448,11,7,1,55,220,2.02,21,4.06,2,2.02,6.15,16,115,11,4.17,0
35,36.8083,171,36,639,0,27,1,3,351,248,9.15,39,17.98,20,10.17,2.02,41,10,2,22.24,0
1,6.94335,1,0,3,0,1,1,1,0,1,0,1,0,5,2.11,2.03,1,23,1,0,1
5,7.95479,16,2,60,95,12,3,1,66,35,0,3,0,3,0,2.02,6,73,3,0,1
48,37.8606,176,18,484,249,20,1,102,190,156,3.04,114,20.85,131,12.14,1.01,55,8,19,23.61,0
19,19.3371,260,8,796,219,8,2,3,28,104,4.04,11,9.46,7,5.06,6.09,24,55,8,13.77,1
16,23.6109,72,7,245,0,20,1,24,190,72,2.03,31,7.39,24,8.14,1.01,22,8,17,9.73,0
183,37.2855,470,53,1947,0,65,1,2,2080,680,5.12,55,14.78,12,5.12,1.01,196,8,10,22.22,0
1,2.96868,2,0,8,0,2,1,1,1,2,0,1,0,3,2.02,1.01,1,8,2,0,1
8,7.87568,124,25,402,6,60,2,1,1770,178,3.06,26,4.67,7,3.06,0,10,67,55,6.05,1
2,8.31142,53,13,231,22,7,3,1,21,74,2.03,14,1.2,0,2.03,4.04,3,68,1,1.43,1
6,8.11626,69,4,261,0,9,3,1,36,56,3.08,5,3.57,13,3.08,0,7,18,2,5.04,1
80,49.9143,659,39,2557,23,37,1,1,666,917,12.17,39,52.17,50,13.18,1.01,117,8,20,67.1,0
2,6.63337,35,4,121,5,14,2,3,91,72,0,7,1.04,5,0,1.01,2,13,13,1.04,1
85,37.9039,1148,76,4390,427,206,3,2,21115,1156,13.29,78,30.71,94,13.3,10.17,102,96,28,46.79,0
24,35.4473,73,19,407,11,16,1,6,120,125,5.07,24,14.57,17,6.08,1.01,32,9,9,21.92,0
4,3.63513,47,6,266,415,9,6,0,36,64,0,6,1.02,6,0,2.02,4,117,8,1.03,1
2,7.7102,10,0,35,380,5,2,20,10,10,1.01,20,1.01,7,5.07,2.02,2,27,5,2.07,1
13,7.18067,81,9,319,97,35,3,8,595,156,0,15,2.17,23,6.09,3.03,15,84,18,2.21,1
2,9.58612,17,1,29,0,5,2,1,10,6,0,2,0,3,0,1.01,3,11,3,0,1
6,8.27771,12,10,44,12,4,2,1,6,27,0,11,2.07,5,0,1.01,7,31,4,1.02,1
7,7.95479,27,4,106,95,14,3,1,91,51,0,5,0,5,0,3.05,8,73,5,0,1
88,36.1202,764,23,3184,35,80,1,5,3160,752,7.16,27,23.61,39,8.17,1.01,102,8,32,44.4,0
0,4.07501,0,0,0,4,1,3,2,0,1,0,2,0,3,0,3.05,0,19,1,0,1
7,4.07501,10,4,48,95,5,2,22,10,17,0,26,0,1,0,2.02,7,68,2,0,1
1,9.17374,20,1,78,0,16,1,1,120,39,1.01,2,1.42,5,1.01,1.01,2,8,16,2.33,1
3,6.65212,13,2,47,0,6,1,15,15,13,0,17,1.09,2,1.01,1.01,3,8,5,1.15,1
0,0,3,0,7,43,2,4,0,1,2,0,0,0,1,0,0,0,33,2,0,1
3,6.84846,21,3,80,95,15,3,5,105,43,0,7,0,5,4.04,2.02,4,76,5,0,1
1,15.6356,4,5,17,0,5,1,6,10,13,3.04,10,5.1,0,4.06,1.01,3,8,5,3.1,1
2,3.0444,25,5,99,0,9,1,4,36,44,1.02,9,2.04,3,1.02,0,3,38,5,2.09,1
5,11.6607,27,4,65,69,8,3,1,28,21,0,4,2.06,0,0,4.04,6,37,2,2.06,0
8,7.95479,23,4,87,95,14,3,5,91,45,0,9,0,3,1.01,2.02,9,76,5,0,1
31,24.7695,181,25,691,12,19,1,6,171,244,9.12,29,16.55,13,10.14,1.01,35,8,7,18.87,1
1,6.37753,3,0,12,0,3,2,3,3,8,0,3,0,1,0,1.01,1,10,3,0,1
3,7.68944,0,0,0,6,1,4,1,0,1,0,1,0,5,0,4.06,4,21,1,0,1
3,6.6689,19,3,71,1,7,2,4,21,24,1.01,7,2.06,5,4.04,1.01,3,12,6,1.17,1
1,3.29051,1,1,4,2,1,2,1,0,2,0,2,0,0,0,3.08,1,33,1,0,1
1,4.07501,5,2,21,1,3,3,1,3,5,0,3,0,3,0,1.01,1,31,3,0,1
2,10.4982,14,7,50,0,4,1,0,6,28,0,7,1.01,2,0,0,3,0,3,1.03,1
1,6.20089,5,3,24,397,4,5,1,6,16,0,4,1.03,0,0,3.03,2,64,4,1.03,1
0,4.07501,14,3,49,0,8,2,1,28,21,0,4,0,7,0,1.01,0,26,8,0,1
12,14.4964,26,14,102,22,9,3,2,36,61,2.03,16,3.04,2,2.03,4.04,12,78,1,1.05,1
9,7.95479,25,5,96,95,15,3,1,105,51,0,5,0,5,0,3.05,10,73,6,0,1
1,8.93874,14,3,67,0,10,1,12,45,15,1.03,15,1.27,3,3.1,1.01,2,8,9,2.77,1
3,1.84991,25,5,140,0,5,1,1,10,28,0,5,2.06,11,0,0,3,16,4,2.2,1
0,4.07501,4,2,17,387,3,5,1,3,10,0,3,0,2,0,5.06,0,75,3,0,1
21,22.443,85,16,256,68,11,2,1,55,60,4.04,16,7.15,1,4.04,4.04,26,33,4,9.51,0
0,3.5829,7,1,28,0,4,1,1,6,12,0,2,0,3,0,0,0,10,3,0,1
16,10.6845,61,5,270,0,11,1,2,55,32,0,6,1.01,36,0,1.01,18,8,11,2.09,1
6,8.14156,20,3,66,0,38,1,50,703,60,0,51,3.28,8,3.12,1.01,6,8,38,2.24,1
14,23.1815,69,15,198,408,8,3,7,28,59,2.02,21,6.11,2,2.02,2.02,17,58,8,10.53,0
6,15.7259,23,13,81,69,14,7,3,91,59,7.16,14,7.72,0,6.16,15.4,9,229,11,7.62,0
0,4.07501,15,2,52,0,8,1,10,28,21,0,12,0,1,0,1.01,0,8,8,0,1
3,6.92698,12,5,50,38,9,3,1,36,28,0,6,2.03,0,0,1.03,3,116,5,1.01,1
3,3.92315,20,2,56,6,8,2,1,28,17,0,3,0,0,0,0,3,11,8,0,1
4,6.84846,26,7,98,99,17,4,1,136,57,1.01,7,0,5,1.01,3.03,6,100,1,0,1
0,4.07501,1,0,3,2,1,2,2,0,1,0,2,0,0,0,3.08,0,33,1,0,1
32,27.7744,150,35,629,0,16,1,3,120,174,5.05,38,8.26,10,5.05,1.01,36,9,5,15.16,1
4,8.18073,2,1,6,0,2,1,0,1,3,0,1,1.06,1,0,2.04,5,9,2,1.09,1
1,2.96868,5,2,15,95,5,2,0,10,13,0,2,1.09,0,0,2.02,2,68,4,1.09,1
0,4.08525,5,0,27,152,5,2,5,10,6,1.01,5,0,1,1.01,1.01,0,41,4,1.05,1
7,7.95479,27,5,108,95,16,3,2,120,59,0,7,0,7,0,2.02,8,73,6,0,1
4,14.6865,6,3,19,0,3,1,0,3,8,0,3,2.03,1,0,1.01,5,8,1,3.12,1
48,24.6967,182,93,804,0,122,1,49,7381,347,6.09,108,7.41,17,10.26,1.01,66,8,96,5.85,1
22,12.8915,102,5,393,0,13,1,2,78,67,2.02,6,2.04,10,2.02,1.01,24,8,4,3.18,1
2,4.07501,1,0,4,0,1,1,0,0,1,0,0,0,3,0,2.03,2,23,1,0,1
9,13.6626,8,4,30,0,10,1,4,45,20,1.01,7,4.1,0,2.02,1.01,11,8,9,4.11,1
52,33.9297,175,26,526,68,20,2,1,190,176,8.08,26,17.08,4,8.08,4.04,57,33,5,18.07,0
9,8.29017,85,8,368,8,29,3,2,406,114,1.01,9,1.01,4,1.01,2.02,10,41,23,1.03,1
200,48.7643,972,30,2877,249,76,1,131,2850,836,7.07,144,56.39,13,15.19,1.01,214,8,60,64.23,0
4,9.8326,35,6,110,385,8,6,0,28,25,1.01,6,1.01,3,1.01,5.06,4,79,8,1.02,1
1,1.08792,20,6,57,0,12,2,4,66,30,0,9,1.04,2,0,1.02,2,5,10,1.09,1
9,9.5041,30,8,90,22,5,3,1,10,34,1.01,9,1.01,0,1.01,4.04,10,78,0,0,1
8,15.9473,20,15,83,25,7,3,2,21,49,4.07,17,5.25,2,4.07,4.08,8,82,3,4.24,1
4,6.62651,23,6,60,396,8,4,4,28,27,1.04,10,2.09,2,2.04,3.03,5,57,7,2.12,1
5,8.6615,6,2,16,3,4,4,2,6,7,1.01,4,2.05,1,3.03,4.13,6,38,4,1.12,0
19,23.2611,104,17,364,380,15,3,10,105,127,2.02,26,9.3,13,3.03,2.02,21,46,14,8.61,0
1,6.77104,12,0,36,152,12,2,4,66,14,1.01,4,1.02,1,3.04,1.01,1,41,11,2.05,1
6,8.87298,104,11,404,50,40,4,2,780,162,0,13,2.1,13,0,1.04,6,189,23,0,1
2,10.9131,20,9,122,8,6,2,1,15,34,0,9,0,1,0,2.03,3,19,5,3.06,1
1,6.86677,4,0,12,5,5,1,1,10,5,0,1,0,0,0,1.01,1,14,5,0,1
8,7.95479,19,3,75,95,13,3,1,78,39,0,4,0,4,0,2.02,9,73,4,0,1
14,13.3833,45,11,192,380,6,3,0,15,69,0,11,2.07,6,0,2.02,15,38,6,4.12,1
5,10.2014,34,7,158,4,11,2,0,55,34,1.01,7,1.08,9,1.01,3.05,6,33,11,1.46,1
1,1.70656,3,1,12,0,3,1,1,3,8,0,2,0,1,0,0,1,0,3,0,1
74,41.1012,291,13,747,4,27,2,1,351,249,6.08,13,35.22,0,7.09,12.18,80,44,2,41.84,0
1,4.07501,16,3,50,0,8,1,1,28,17,0,4,0,4,0,1.01,1,8,8,0,1
0,4.07501,4,1,40,0,4,1,12,6,8,0,13,0,0,1.01,1.01,0,8,4,0,1
0,1.27976,10,0,42,0,2,1,2,1,2,0,2,0,13,0,0,1,8,2,0,1
13,4.55853,2,1,16,0,2,1,1,1,4,0,2,0,12,0,1.01,13,8,2,1.01,1
8,6.84846,35,6,125,97,17,3,3,136,63,0,9,0,7,0,3.03,11,84,3,0,1
39,27.3399,168,18,547,384,22,5,2,231,197,4.04,20,16.58,10,4.11,4.05,43,85,22,21.39,0
0,4.07501,5,1,23,1,3,3,1,3,5,0,2,0,3,0,1.01,0,31,3,0,1
7,7.95479,25,3,97,95,15,3,1,105,48,0,4,0,5,1.01,3.05,8,73,5,0,1
14,22.2757,6,4,34,37,5,3,4,10,13,2.02,7,2.04,1,4.05,7.13,14,72,5,3.09,1
18,15.7278,99,38,525,0,36,2,3,630,252,4.12,40,7.93,15,5.13,2.03,22,36,16,8.97,0
2,9.52046,6,1,23,70,5,7,3,10,9,0,3,2.03,1,1.01,11.35,2,255,4,2.07,1
0,6.70721,4,0,15,0,3,1,2,3,7,0,2,1.05,2,0,2.03,1,23,3,1.09,1
7,8.73596,19,9,67,68,11,5,3,55,41,1.02,12,1.06,0,1.02,11.29,7,199,7,1.11,1
33,30.2239,226,28,687,262,29,2,21,406,280,3.03,44,15.46,13,3.03,7.07,34,80,10,17.96,0
1,4.07501,45,2,311,0,3,1,2,3,15,1.01,4,0,14,1.01,1.01,1,8,2,0,1
1,0,6,5,21,71,6,5,1,15,14,0,6,0,2,0,1.01,1,279,6,0,1
2,9.45026,49,7,276,0,24,1,9,276,79,1.01,16,3.18,7,2.07,1.02,2,16,16,3.31,1
8,7.95479,27,5,107,95,14,3,1,91,53,0,6,0,5,0,2.02,9,73,5,0,1
18,20.5292,67,7,235,39,31,1,1,465,82,3.04,8,6.18,5,3.04,2.02,20,30,26,5.4,1
0,4.07501,5,2,22,1,3,3,1,3,6,0,3,0,3,0,1.01,0,31,3,0,1
7,12.1787,30,13,207,8,6,2,1,15,58,1.01,13,3.09,1,1.01,2.03,10,19,5,5.33,1
15,20.2492,56,13,195,384,6,4,3,15,75,1.01,16,5.09,2,1.01,5.06,17,69,6,8.15,1
7,6.84846,29,5,101,95,16,3,1,120,54,1.01,5,0,8,1.01,2.02,8,73,6,0,1
61,39.6428,1542,25,6017,0,306,1,68,46665,1603,4.05,86,24.99,42,6.12,1.01,66,8,290,37.22,0
6,17.8759,38,21,124,34,8,3,0,28,78,3.06,21,5.22,1,3.06,4.04,8,78,1,3.26,1
5,4.98774,2,0,9,0,2,1,2,1,2,0,2,2.03,4,1.01,1.01,6,8,2,2.15,1
1,6.77104,27,0,55,152,12,2,5,66,14,1.01,5,2.03,16,3.05,1.01,1,41,11,2.23,1
1,3.9771,26,2,79,0,7,1,2,21,17,0,4,0,4,0,1.01,1,8,6,1.09,1
2,2.50744,16,3,33,5,4,3,2,6,11,0,5,0,4,0,2.03,3,31,2,0,1
3,10.0398,25,4,67,68,7,2,1,21,18,0,4,1.04,1,0,4.04,4,33,4,2.16,0
0,4.07501,4,3,16,1,3,3,3,3,8,0,6,0,2,0,1.01,0,31,2,0,1
30,28.8029,89,33,426,0,21,1,9,210,170,3.07,41,10.34,19,8.17,1.01,38,8,15,13.94,0
4,5.87361,6,3,23,141,5,2,1,10,13,0,4,1.02,2,0,2.02,5,35,5,2.02,1
7,9.97058,4,0,13,3,4,4,1,6,4,0,1,3.03,3,0,4.13,9,38,4,3.08,0
3,7.99656,15,5,40,419,3,7,1,3,23,0,6,1.03,0,0,5.07,3,115,3,1.06,1
1,3.9771,33,3,122,0,10,1,14,45,26,0,17,1.01,4,2.03,1.02,1,16,9,2.15,1
0,1.06049,17,3,35,14,5,4,1,10,14,0,4,0,1,0,2.06,0,60,1,0,1
9,8.50274,34,1,111,0,25,1,10,300,38,1.01,11,2.09,13,4.09,1.01,13,8,25,3.28,1
1,6.44569,11,0,43,0,11,1,1,55,11,0,1,0,0,0,1.01,2,8,0,0,1
5,7.95479,16,3,59,95,12,3,1,66,35,0,4,0,3,0,2.02,6,73,3,0,1
11,20.7216,94,13,308,274,10,3,5,45,118,3.03,18,4.33,0,3.03,9.09,11,103,10,6.11,0
6,6.89725,8,2,62,0,3,2,1,3,14,0,3,0,1,0,1.01,6,13,1,0,1
66,35.6247,256,20,866,49,51,4,19,1275,296,9.1,35,26.28,10,14.27,24.4,69,151,46,33.28,0
15,24.0421,74,10,251,34,23,3,32,253,64,4.04,39,9.32,1,5.05,4.04,16,24,23,11.15,0
29,22.8522,134,23,784,381,13,4,3,78,256,3.04,26,13.04,28,3.06,3.04,31,46,12,17.03,0
77,33.5493,271,22,952,6,58,2,1,1653,361,9.14,22,31.13,16,10.16,7.08,89,67,57,31.73,0
12,11.4634,10,4,29,384,4,4,2,6,16,0,6,1.01,0,0,2.02,13,48,4,1.01,1
25,22.1081,246,15,724,8,36,3,7,630,210,2.02,22,8.68,23,5.06,6.09,27,37,28,14.62,1
15,19.8678,60,10,189,380,4,2,8,6,78,1.02,18,7.37,4,4.05,2.02,16,27,4,9.79,1
1,7.01353,8,7,38,2,6,3,0,15,22,1.04,7,2.08,1,1.03,2.17,1,17,6,1.05,1
2,7.25379,22,3,89,0,8,1,5,28,43,2.02,8,2.1,1,2.02,1.01,2,12,6,2.28,1
0,4.07501,3,0,11,384,3,5,1,3,3,0,1,0,1,0,5.06,0,76,3,0,1
5,11.0731,6,2,24,35,4,4,1,6,8,0,3,2.03,1,0,3.05,5,47,4,3.08,1
4,10.4485,17,2,63,95,12,2,2,66,32,0,4,0,3,0,2.02,5,68,3,0,1
6,6.84846,43,8,170,97,21,3,2,210,88,0,9,0,9,2.02,3.03,8,84,8,0,1
0,4.07501,1,0,3,0,1,1,0,0,1,0,0,0,9,0,2.03,0,22,1,0,1
0,4.07501,1,0,3,2,1,2,1,0,1,0,1,0,0,0,3.08,0,33,1,0,1
0,4.07501,8,2,26,4,7,2,1,21,10,0,3,0,1,0,3.05,0,33,7,0,1
4,7.88266,43,2,156,0,10,1,2,45,33,2.02,4,2.07,13,2.03,1.08,4,8,10,3.25,1
7,15.0958,27,16,126,25,10,3,4,45,83,3.07,20,3.46,3,3.07,4.08,8,82,2,4.59,0
8,7.95479,19,3,72,95,12,3,9,66,37,0,12,0,3,1.01,2.02,9,76,3,0,1
7,7.95479,19,3,72,95,12,3,1,66,37,0,3,0,3,0,3.05,8,73,3,0,1
1,4.07501,10,4,42,0,6,2,4,15,14,0,8,0,6,0,1.01,1,23,5,0,1
8,12.9551,23,7,75,5,9,1,4,36,31,2.02,10,5.09,6,1.01,2.02,8,13,9,3.25,1
23,27.4521,118,16,357,384,10,4,19,45,94,3.09,33,10.41,5,8.23,5.06,26,69,9,13.03,0
115,40.4352,344,50,1607,63,98,4,52,4753,664,8.09,94,23.97,9,17.25,8.21,128,177,76,31.91,0
67,39.1311,456,32,1461,49,51,4,32,1275,446,3.03,55,23.53,15,7.07,24.4,74,148,43,31.61,0
6,7.3557,17,9,75,384,4,4,0,6,29,1.02,9,1.02,0,1.02,2.02,6,41,4,2.04,1
8,17.2339,25,6,91,384,11,5,1,55,38,1.02,7,4.2,1,1.02,8.09,9,87,7,4.42,1
9,7.95479,27,5,106,95,14,3,1,91,53,0,6,0,5,0,2.02,10,73,5,0,1
1,4.07501,15,2,59,5,8,2,4,28,26,0,6,0,2,0,1.01,1,13,8,0,1
3,8.50582,14,3,51,2,6,3,1,15,20,1.01,4,1.06,3,1.01,1.01,3,19,5,1.06,1
1,4.07501,9,2,23,394,3,6,1,3,11,0,3,0,0,0,7.09,1,107,3,0,1
16,18.4276,63,13,329,201,16,1,4,120,108,3.08,16,5.62,214,4.08,1.01,16,8,11,5.29,0
9,15.1101,87,11,222,68,12,2,1,66,71,1.04,11,5.49,1,1.04,4.04,12,33,4,5.39,0
4,1.66466,6,3,20,9,6,3,1,15,11,1.04,4,2.28,1,1.04,2.19,5,42,5,2.6,1
3,8.0715,13,2,42,384,8,4,10,28,18,1.02,12,2.05,0,1.02,5.06,3,69,8,2.15,0
11,14.2655,5,1,38,0,5,1,1,10,9,1.01,2,1.01,4,3.03,1.01,13,8,5,3.23,1
14,19.9756,66,10,198,12,9,1,1,36,65,5.06,11,7.25,2,4.05,1.01,18,11,5,9.06,1
4,9.14442,39,9,255,19,7,2,1,21,77,0,9,0,0,0,1.01,4,15,0,1.01,1
2,4.07501,13,1,44,0,10,1,3,45,19,0,4,0,2,0,1.01,2,8,9,0,1
22,26.0554,75,10,370,9,18,2,2,153,110,6.12,12,11.97,10,6.12,2.02,31,10,5,18.31,1
23,15.3647,207,17,768,135,24,3,1,276,169,2.02,18,4.13,8,2.02,5.07,26,67,2,7.53,1
25,25.3215,117,20,414,392,9,5,2,36,153,5.05,22,10.53,2,5.05,5.06,25,93,9,12.04,0
0,6.65212,5,2,25,3,4,3,3,6,7,1.01,5,1.01,1,1.01,2.04,2,17,1,0,1
2,9.27985,14,3,38,394,3,6,1,3,16,1.01,4,2.06,1,1.01,7.09,3,107,3,2.2,1
0,0,16,5,56,52,11,4,6,55,30,0,10,0,3,0,1.02,1,128,9,0,0
10,20.293,38,7,166,37,4,3,1,6,34,2.02,7,4.07,16,2.02,7.13,10,72,3,3.08,0
3,6.70304,28,6,109,95,17,2,3,136,60,0,8,0,7,0,2.02,3,68,7,0,1
0,2.57445,36,3,103,0,10,1,21,45,27,0,24,1.04,3,5.07,0,0,16,9,1.14,1
18,14.5995,206,18,657,0,61,1,135,1830,209,0,150,1.02,102,15.41,1.01,26,8,26,1.03,1
10,7.95479,29,5,117,95,17,3,1,136,61,0,6,0,9,0,2.02,11,73,7,0,1
7,17.8093,41,7,136,18,12,2,1,66,63,2.03,8,6.25,4,2.03,5.08,9,18,9,6.57,1
0,4.07501,1,0,3,0,1,1,0,0,1,0,0,0,1,0,2.03,0,22,1,0,1
1,8.43551,16,2,45,388,5,5,4,10,13,0,6,2.02,1,2.03,7.09,2,78,5,2.13,1
7,7.95479,19,4,72,95,12,3,1,66,39,0,5,0,3,0,2.02,8,73,3,0,1
7,8.7196,17,10,59,28,6,4,2,15,27,0,12,2.03,1,0,4.1,7,91,2,1.06,1
8,11.9751,14,11,57,25,7,3,2,21,31,2.03,13,3.06,1,2.03,4.08,8,82,3,2.09,1
0,0,0,0,0,0,5,1,2,10,5,0,2,0,0,0,0,1,8,5,0,1
1,0,3,1,13,68,3,6,2,3,5,0,2,0,2,0,0,1,210,3,0,1
9,10.0587,63,23,190,6,16,2,1,120,100,3.14,24,6.5,4,3.14,1.01,11,24,14,5.8,0
1,5.53745,6,2,25,0,4,2,2,6,7,0,4,0,4,0,1.01,1,21,3,0,1
4,8.58816,85,14,328,50,39,4,2,741,195,0,15,2.11,4,0,1.04,4,176,13,0,1
2,6.07783,10,6,28,0,4,2,2,6,14,0,7,0,7,0,1.01,3,13,3,0,1
4,12.52,19,1,63,385,11,6,2,55,24,1.01,3,3.08,8,2.02,8.1,5,95,10,3.3,1
49,37.0956,308,12,840,41,77,3,96,2926,290,4.06,102,21.73,11,23.31,14.2,50,72,69,30.14,0
1,3.29051,1,0,3,2,1,2,1,0,1,0,1,0,0,0,3.08,1,33,1,0,1
34,27.5325,215,23,706,19,21,2,2,210,322,3.03,24,13.87,9,3.04,6.15,39,37,2,14.93,0
2,7.06348,35,11,163,0,15,2,1,105,88,1.01,12,3.06,5,1.01,1.01,3,19,3,3.15,1
1,6.77104,13,0,40,152,12,2,4,66,14,0,4,2.03,2,2.03,1.01,1,41,11,2.09,1
45,32.4393,293,33,947,49,37,4,7,666,297,5.13,37,21.19,9,7.16,24.4,46,148,24,25.67,0
4,8.98775,107,13,356,0,31,1,1,465,181,0,14,2.05,15,0,0,7,8,20,2.13,1
6,16.2655,6,0,18,0,8,1,91,28,10,0,91,1.01,28,19.24,1.01,7,8,8,1.03,1
1,4.07501,7,1,25,0,3,1,2,3,5,0,3,0,5,0,1.01,1,8,1,0,1
3,4.63008,34,5,115,507,7,8,3,21,24,2.02,8,2.04,3,2.02,6.08,3,120,7,3.29,0
5,6.98868,36,13,167,19,6,3,1,15,51,1.01,14,4.12,3,1.01,1.01,5,67,1,4.2,1
3,6.49924,68,5,235,0,13,1,5,78,70,1.01,10,0,0,2.02,0,3,8,10,0,1
2,8.12446,4,0,12,8,5,5,3,10,6,0,3,1.01,2,0,3.05,3,33,3,1.03,1
15,21.0952,61,7,190,40,24,3,19,276,70,2.02,24,5.27,6,6.06,14.2,16,71,24,6.82,1
3,7.56809,19,8,52,2,8,2,0,28,34,1.01,8,1.1,0,1.01,3.05,3,18,5,1.15,1
17,14.2097,32,11,163,380,6,3,0,15,60,0,11,6.12,5,0,2.02,17,38,6,6.37,1
36,29.7618,118,29,437,408,15,3,6,105,145,3.05,33,8.16,2,3.05,2.02,40,58,14,11.48,0
0,1.70656,1,1,4,0,1,1,1,0,2,0,2,0,2,2.02,2.03,0,23,1,0,1
0,4.07501,9,3,30,8,3,2,2,3,10,0,5,0,0,0,2.03,0,19,3,0,1
51,33.6845,234,18,760,380,33,3,92,528,281,4.04,108,22.7,4,11.14,2.02,57,38,31,23.41,1
0,4.65831,8,2,30,0,5,1,2,10,10,0,3,0,2,1.02,0,0,8,4,1.07,1
4,4.01609,18,1,56,405,8,6,1,28,26,0,2,1.07,2,0,8.09,4,100,8,1.16,1
8,14.2639,108,17,469,0,11,1,2,55,159,3.05,18,7.25,8,3.04,0,11,8,6,11.67,0
1,2.36846,12,3,48,3,9,2,1,36,25,0,4,0,3,0,2.02,1,27,0,0,1
1,0,2,0,7,54,2,5,2,1,3,0,2,0,1,0,0,1,143,2,0,1
0,4.07501,10,3,38,0,8,2,1,28,15,0,4,0,7,0,1.01,0,26,8,0,1
4,13.45,17,11,76,384,6,6,1,15,27,2.02,12,2.03,2,2.02,4.05,4,91,6,3.12,1
0,4.07501,5,2,21,1,3,3,1,3,5,0,3,0,3,0,1.01,0,31,3,0,1
10,6.84846,65,7,257,95,30,3,8,435,117,0,14,1.02,16,4.04,2.02,13,82,14,1.03,1
4,4.13346,17,7,61,97,16,3,11,120,35,0,18,0,2,4.07,3.03,6,84,9,1.02,1
6,1.69533,68,4,197,119,17,2,3,136,54,1.01,6,1.25,7,0,1.05,7,16,7,1.99,1
0,7.8386,4,2,22,410,3,4,1,3,9,1.01,3,0,0,1.01,2.02,1,66,3,0,1
4,7.95479,8,2,29,95,8,3,3,28,18,0,5,0,1,1.01,2.02,5,73,1,0,1
1,7.82241,1,0,3,0,1,1,6,0,1,0,6,0,1,1.01,2.03,1,22,1,0,1
3,5.07652,12,2,77,0,3,1,3,3,12,1.01,5,2.18,2,1.01,0,3,8,3,2.11,0
5,8.03932,28,5,109,95,15,2,1,105,56,1.02,5,1.03,5,1.01,2.02,6,68,6,1.03,1
0,4.07501,13,3,50,1,8,3,1,28,23,0,4,0,7,0,1.01,0,36,7,0,1
33,23.0587,121,39,480,69,48,6,6,1128,258,8.1,42,9.53,0,8.1,13.36,36,250,45,13.53,1
0,4.07501,1,0,3,2,1,2,2,0,1,0,2,0,0,0,3.08,0,33,1,0,1
0,4.07501,0,0,0,7,1,4,1,0,1,0,1,0,0,0,3.05,0,25,1,0,1
0,6.70304,5,0,18,0,5,1,2,10,5,0,2,0,4,0,1.02,0,16,5,0,1
4,8.58795,2,0,6,547,4,1,1,6,4,0,1,1.02,16,1.01,1.01,4,20,4,1.06,1
3,8.43424,41,7,128,0,20,1,2,190,78,0,8,3.07,3,1.01,1.01,3,8,14,3.15,1
0,4.07501,14,5,41,393,3,4,1,3,18,0,6,0,0,0,2.02,0,61,3,0,1
3,6.70304,10,5,38,386,4,6,2,6,22,1.01,7,1.04,0,1.01,8.1,3,95,3,1.07,1
10,19.6547,29,12,166,270,2,2,1,1,42,3.04,13,5.09,0,3.04,7.12,12,48,2,8.37,0
33,26.5988,225,7,841,0,42,1,30,861,294,1.01,36,7.29,54,13.17,1.01,37,8,26,7.99,0
4,11.2467,18,11,68,71,9,5,1,36,41,2.12,11,4.02,1,2.12,12,7,279,7,5.62,1
0,1.06049,13,4,26,14,5,4,1,10,12,0,4,0,1,0,2.06,0,59,1,0,1
26,16.4611,79,23,235,51,32,4,22,496,118,2.02,43,6.26,2,6.07,7.19,28,157,22,5.5,0
3,5.40022,7,3,31,1,4,3,1,6,10,0,4,0,3,0,1.01,3,32,3,0,1
32,25.1307,132,29,505,16,56,2,76,1540,225,6.16,102,12.96,23,15.36,1.01,36,18,35,15.28,0
1,3.9771,25,2,79,0,7,1,2,21,17,0,3,0,4,0,1.01,1,8,6,1.09,1
3,3.9771,11,2,79,8,3,2,1,3,19,1.01,3,1.02,4,0,2.03,5,19,3,1.01,1
5,7.76307,5,0,15,0,5,2,0,10,7,0,0,0,0,0,1.01,7,13,3,0,1
1,3.76257,37,2,143,0,10,1,1,45,39,0,3,0,4,0,1.01,1,8,7,1.11,1
19,16.967,92,16,327,35,35,3,27,595,177,3.03,38,6.41,0,10.15,7.14,22,83,19,9.93,1
0,4.07501,2,1,7,1,2,3,1,1,3,0,2,0,1,0,1.01,0,30,2,0,1
16,27.6193,262,4,845,0,34,1,137,561,91,2.02,141,7.25,3,35.59,1.01,20,8,34,12.92,1
57,37.7605,148,33,624,391,27,3,36,351,172,4.05,63,10.21,30,7.15,2.02,60,42,25,14.78,0
74,27.9911,1169,9,3449,114,50,1,38,1225,374,6.06,47,16.54,107,15.22,1.01,85,8,41,27.76,0
10,10.984,22,12,77,28,9,4,2,36,45,3.04,14,4.15,0,3.04,4.1,10,91,2,3.26,1
3,5.29522,10,6,38,386,6,7,1,15,17,0,7,0,0,0,4.05,3,97,6,0,0
0,4.07501,9,5,31,410,3,4,1,3,16,1.01,6,0,1,1.01,2.02,0,66,3,0,1
2,6.88643,20,6,71,385,8,6,2,28,34,0,8,1.02,5,1.01,8.1,2,95,7,1.06,1
0,4.07501,21,3,85,0,11,1,32,55,16,0,35,0,0,3.05,1.01,0,8,0,0,1
2,6.92698,3,0,9,37,3,4,1,3,3,0,1,1.01,0,0,4.04,2,85,1,0,1
16,16.4642,91,11,343,380,6,3,0,15,106,0,11,6.19,11,0,2.02,18,38,6,7.74,1
1,5.1154,4,1,13,0,3,1,2,3,4,0,3,0,1,0,1.01,1,8,2,0,1
