numberOfNonTrivialBugsFoundUntil:,CvsEntropy,ck_oo_wmc,ck_oo_fanOut,ck_oo_numberOfLinesOfCode,ck_oo_numberOfMethods,ck_oo_dit,ck_oo_fanIn,ck_oo_lcom,ck_oo_rfc,ck_oo_cbo,ck_oo_numberOfAttributes,WCHU_cbo,CvsLinEntropy,WCHU_numberOfMethodsInherited,numberOfBugsFoundUntil:,LDHH_fanOut,LDHH_numberOfMethodsInherited,ck_oo_numberOfMethodsInherited,ck_oo_numberOfPublicMethods,WCHU_numberOfLinesOfCode,class
2,4.17568,3,0,11,3,1,6,3,3,6,3,4.04,0.010839,3.06,2,0,0.010398,18,3,0,1
1,0.792859,0,0,0,2,1,1,1,2,1,0,0,0.012267,0,1,0,0,9,0,0,1
4,3.50218,139,5,422,22,1,1,231,77,6,64,1.01,0.020467,1.01,4,0.020279,0.005149,9,12,1.16,1
1,1.35264,140,1,747,13,2,0,78,77,1,11,0,0.035057,0,1,0,0,35,1,0,1
1,2.08776,6,2,23,6,2,0,15,10,2,3,0,0.017221,0,1,0,0,15,6,0,1
0,3.0742,6,1,10,6,3,1,15,10,2,0,0,0.00472,4.04,0,0,0.013377,17,6,0,1
4,6.91215,11,2,54,6,2,4,15,16,6,2,3.03,0.016273,4.07,4,0,0.013377,21,6,1.21,0
2,1.23854,8,1,43,4,1,4,6,18,5,2,0,0.051922,0,2,0,0,9,3,0,1
0,2.42975,3,5,22,2,1,1,1,16,6,5,0,0.004481,3.03,0,0,0.010398,10,2,0,1
6,9.29826,8,2,20,3,1,7,3,6,9,26,7.11,0.070648,3.03,6,0.004804,0.010398,9,0,3.2,1
17,12.4762,61,9,195,23,3,10,253,97,18,11,8.11,0.051998,5.08,17,0.003956,0.013074,48,19,8.45,1
2,2.65048,2,3,21,2,1,1,1,16,4,6,0,0.083459,0,2,0,0,9,2,0,1
2,0.96755,10,6,37,4,2,0,6,22,6,2,1.02,0.003164,0,2,0.003733,0,39,4,0,1
1,0.938338,19,1,73,5,1,1,10,25,2,1,0,0.011186,0,1,0,0,10,4,0,1
1,4.30098,9,1,27,9,2,2,36,17,3,1,1.01,0.011327,5.08,1,0,0.039276,31,9,2.06,1
4,10.1352,25,5,111,13,3,8,78,38,13,3,2.02,0.017019,3.06,4,0.000706,0.010398,37,11,1.03,0
9,6.71691,15,3,61,5,3,1,10,19,3,3,0,0.024071,4.08,9,0,0.017531,35,5,3.15,1
3,6.09962,14,1,58,8,2,0,28,18,1,4,2.02,0.012771,3.03,3,0.000404,0.008406,24,7,2.34,1
1,3.66829,1,2,10,2,1,1,1,6,3,0,1.01,0.056403,3.03,1,0.03059,0.010398,10,2,0,1
0,0,7,4,22,3,3,1,3,9,5,1,2.02,0,5.05,0,0.02301,0.024375,16,3,1.04,1
1,2.55041,17,0,51,18,1,3,153,20,3,8,0,0.053311,3.03,1,0,0.010398,9,18,0,1
0,0,12,8,72,5,2,1,10,23,9,14,0,0,0,0,0,0,11,0,0,1
2,2.2048,9,1,38,5,1,9,10,9,10,0,2.03,0.043804,0,2,0,0,9,5,1.09,1
0,0.740259,12,9,70,2,1,0,1,38,9,0,3.03,0.000755,3.03,0,0.02407,0.010398,9,2,0,1
5,5.97302,9,4,31,6,1,1,15,22,5,3,1.01,0.065806,1.01,5,0.001453,0.005149,11,5,0,1
0,3.0742,12,3,41,6,3,1,15,18,4,3,1.01,0.00472,4.04,0,0.003144,0.013377,17,6,0,1
0,0,11,5,45,5,2,1,10,15,6,6,0,0,0,0,0,0,11,0,0,1
2,4.71817,6,8,47,2,1,1,1,12,9,4,0,0.065434,2.02,2,0,0.00831,10,2,1.08,1
2,2.46341,10,4,40,3,1,1,3,12,5,7,1.02,0.039978,0,2,0.03059,0,11,3,1.01,1
3,5.92561,6,2,20,4,1,3,6,10,5,3,1.01,0.063889,3.06,3,0,0.010398,18,4,0,0
6,7.77801,3,0,7,4,1,90,6,5,90,0,17.25,0.052783,3.03,6,0,0.010398,9,4,3.06,0
21,19.5286,53,11,306,33,1,19,528,107,29,19,14.25,0.146444,0,21,0.022297,0,0,27,11.2,0
2,1.39384,4,2,21,3,1,2,3,6,4,7,0,0.016152,2.02,2,0,0.00831,9,3,1.03,1
2,7.01764,16,2,37,10,1,72,45,18,74,2,17.32,0.041808,3.06,2,0,0.010398,18,7,1.04,1
5,8.32875,41,10,123,5,2,1,10,25,11,2,2.04,0.070497,4.04,5,0.00412,0.012964,19,0,2.35,1
2,2.5991,14,4,74,8,3,2,28,36,6,9,1.01,0.041912,1.01,2,0.020279,0.01201,16,2,1.01,1
2,1.54522,32,10,189,13,2,1,78,64,10,9,0,0.027315,0,2,0,0,16,4,1.01,0
1,1.18716,13,1,50,10,1,3,45,14,4,4,0,0.010376,0,1,0,0,27,10,0,1
8,9.35438,6,6,66,3,2,2,3,41,8,0,1.03,0.092204,2.03,8,0.002985,0.004949,39,3,5.52,1
1,1.18716,3,0,9,3,1,2,3,3,2,2,0,0.010376,0,1,0,0,9,2,0,1
3,6.61495,31,4,98,9,3,1,36,41,5,8,2.02,0.010607,4.04,3,0.004106,0.013377,17,7,1.01,1
2,6.52069,17,4,78,8,3,1,28,25,5,5,4.04,0.018049,4.04,2,0.007839,0.013377,17,6,2.28,1
5,6.8389,23,5,76,11,1,9,55,21,14,3,9.13,0.056712,3.15,5,0.020279,0.011701,27,11,2.48,1
2,1.39384,17,2,96,11,2,5,55,23,7,8,3.03,0.016152,3.05,2,0,0.010808,33,10,1.06,1
1,2.24283,5,3,34,2,1,1,1,15,4,0,0,0.055584,1.01,1,0,0.005149,10,2,0,1
1,2.3444,1,8,35,1,1,0,0,18,8,0,0,0.010205,1.01,1,0,0.005149,9,1,1.01,1
2,5.06437,5,1,39,3,2,1,3,8,2,3,0,0.011733,3.09,2,0,0.010398,39,3,0,1
2,2.40151,8,5,36,4,1,2,6,17,7,4,1.01,0.009604,2.02,2,0.001164,0.00831,9,3,1.07,1
6,14.6136,42,10,140,15,2,12,105,75,21,4,6.07,0.12129,3.09,6,0.001313,0.010398,39,11,2.5,0
3,2.62836,64,14,174,24,2,5,276,123,16,4,2.03,0.065835,2.03,3,0.00604,0.03425,58,19,1.19,0
1,1.23854,16,5,61,10,3,0,45,24,5,1,0,0.051922,0,1,0,0,55,9,0,1
1,3.28866,18,8,71,7,2,6,21,57,14,10,1.14,0.007742,2.03,1,0.001763,0.004949,39,1,1.62,1
42,13.9297,177,27,829,70,1,9,2415,263,34,60,10.22,0.121367,2.02,42,0.050384,0.00831,9,0,21.58,0
2,2.74289,7,4,34,3,1,2,3,14,6,2,0,0.005624,3.03,2,0,0.010398,9,3,0,1
1,1.17486,15,9,64,5,1,0,10,33,9,2,0,0.003618,2.02,1,0,0.00831,9,1,0,1
2,2.55842,10,2,58,8,2,1,28,17,3,7,0,0.015689,2.02,2,0,0.00831,17,0,0,1
2,2.55041,18,3,60,10,1,4,45,30,7,2,0,0.053311,3.09,2,0,0.010398,39,10,0,1
2,2.76873,24,3,87,3,1,1,3,28,4,5,0,0.037311,7.14,2,0,0.041644,27,2,0,1
2,2.2048,18,13,130,3,2,1,3,35,14,6,0,0.043804,0,2,0,0,11,2,2.12,0
2,4.67638,24,1,89,16,1,45,120,37,46,3,17.23,0.014539,3.06,2,0,0.010398,18,15,3.32,1
1,1.17486,18,1,51,12,1,5,66,16,6,5,0,0.003618,2.02,1,0,0.00831,9,9,0,1
6,12.8567,46,12,280,15,1,17,105,86,29,7,4.18,0.114258,3.03,6,0.001313,0.010398,9,14,3.17,1
1,1.17486,5,1,19,5,2,3,10,9,4,4,0,0.003618,3.03,1,0,0.011468,15,5,0,1
0,0,21,1,53,8,1,1,28,16,2,13,0,0,0,0,0,0,9,4,0,1
2,1.54522,43,14,229,10,2,0,45,53,14,3,2.05,0.027315,0,2,0.035827,0,16,2,3.07,1
1,1.17515,3,1,9,3,2,4,3,4,5,1,0,0.006345,1.01,1,0,0.027761,11,3,0,1
0,0,6,1,20,5,1,6,10,6,7,3,1.05,0,3.03,0,0,0.010398,11,5,0,1
2,4.01101,3,3,22,1,1,0,0,11,3,0,2.02,0.060364,3.03,2,0.003082,0.010398,9,1,0,1
30,27.817,2,0,6,2,2,1,1,2,1,4,1.01,0.146834,8.12,30,0,0.027347,27,2,0,0
1,0.60098,17,5,60,9,1,1,36,27,6,5,0,0.003885,0,1,0,0,24,9,0,1
1,2.88097,15,2,50,8,1,1,28,18,3,3,0,0.055174,3.03,1,0,0.010398,15,7,0,1
1,0.792859,7,3,37,5,2,1,10,12,3,4,0,0.012267,0,1,0,0,13,5,0,1
1,0.792859,0,0,0,5,1,2,10,5,2,0,0,0.012267,0,1,0,0,9,0,0,1
1,3.81886,4,0,11,4,2,1,6,4,1,1,0,0.056466,4.04,1,0,0.011292,12,4,0,1
3,5.76219,31,10,116,16,2,2,120,69,12,0,2.06,0.066004,2.03,3,0.002985,0.004949,39,11,3.58,0
0,1.31187,17,3,57,4,1,2,6,26,5,5,0,0.001388,7.14,0,0,0.041644,27,2,0,1
10,17.2681,33,9,265,18,2,1,153,73,10,4,3.03,0.091274,4.04,10,0.005819,0.012964,19,4,7.56,1
6,16.8263,33,9,226,10,1,4,45,84,11,8,6.08,0.118878,4.12,6,0.011488,0.016886,18,6,3.11,0
1,1.18716,6,2,19,2,1,0,1,7,2,3,0,0.010376,0,1,0,0,18,1,0,1
1,0.871061,15,2,76,2,1,2,1,8,4,6,0,0.005231,0,1,0,0,9,2,0,0
3,4.74253,6,1,27,2,3,1,1,7,2,9,0,0.088184,3.04,3,0,0.010279,16,2,1.01,1
1,3.81153,2,5,18,2,1,1,1,9,6,2,0,0.05662,3.03,1,0,0.010398,10,2,0,1
4,5.63409,11,0,41,10,1,4,45,15,4,6,3.03,0.015198,4.14,4,0,0.011292,18,0,3.41,1
1,0.788836,16,3,55,4,1,3,6,13,6,1,0,0.010028,0,1,0,0,9,0,0,0
1,3.28866,17,5,69,14,1,9,91,34,14,10,2.08,0.007742,2.04,1,0,0.00831,18,12,0,1
0,2.42975,1,1,3,1,2,0,0,2,1,0,0,0.004481,3.03,0,0,0.010398,11,1,0,1
1,0.792859,6,1,13,6,2,1,15,7,2,2,0,0.012267,0,1,0,0,13,1,0,1
1,0.60098,10,0,33,10,1,9,45,10,9,9,0,0.003885,0,1,0,0,18,6,0,1
0,0,4,2,16,2,2,0,1,8,2,0,0,0,4.04,0,0,0.012964,19,1,0,1
2,2.35699,6,2,32,6,2,4,15,18,6,1,0,0.04406,0,2,0,0,13,6,1.01,1
1,1.48053,11,0,37,11,1,5,55,11,5,5,2.02,0.003655,2.02,1,0,0.00831,9,11,1.37,1
0,0,3,4,15,3,2,0,3,10,4,3,2.02,0,3.06,0,0.005716,0.010398,15,3,0,1
0,1.25878,7,4,21,2,3,1,1,8,5,2,2.02,0.001304,5.05,0,0.02301,0.024375,16,2,1.01,1
1,1.18716,44,5,267,18,1,1,153,73,6,9,0,0.010376,0,1,0,0,27,12,0,1
9,16.8684,8,2,24,8,1,0,28,21,2,12,2.11,0.114725,4.05,9,0.002508,0.010398,17,8,7.47,0
34,31.8654,48,16,214,50,1,138,1225,124,153,5,37.87,0.166162,3.03,34,0.010245,0.010398,9,39,15.31,0
4,1.76352,10,1,35,5,2,1,10,14,2,4,0,0.005963,2.02,4,0,0.008307,15,5,0,1
0,2.99495,1,3,9,2,3,1,1,8,4,0,0,0.0053,3.03,0,0,0.010398,12,2,0,1
0,0,9,3,51,3,1,0,3,19,3,0,2.02,0,3.03,0,0.000252,0.010398,9,2,0,1
0,1.43177,4,0,11,4,2,1,6,4,1,1,0,0.001468,4.04,0,0,0.011292,12,4,0,1
1,1.17486,3,2,12,2,1,2,1,8,4,3,1.01,0.003618,2.02,1,0,0.00831,10,2,0,1
0,2.56045,16,5,92,8,2,1,28,34,6,5,0,0.003092,5.08,0,0,0.01379,33,7,0,1
3,3.75035,40,4,139,5,4,2,10,30,6,4,3.03,0.027374,4.04,3,0.005944,0.013377,27,0,3,1
2,3.59553,58,9,276,17,2,1,136,118,10,17,1.02,0.095982,0,2,0.03059,0,13,15,2.03,1
6,16.8048,24,5,73,8,2,4,28,41,9,2,5.08,0.082528,11.3,6,0.006458,0.060079,68,2,3.11,1
0,1.64243,19,2,75,14,1,1,91,24,3,6,0,0.003252,5.07,0,0,0.012574,21,13,0,1
1,2.54818,18,3,66,6,1,2,15,19,5,3,2.02,0.015606,2.02,1,0,0.00831,9,0,0,1
0,0,5,5,26,3,2,1,3,12,6,32,0,0,3.06,0,0,0.010398,15,2,0,1
4,5.74394,31,3,128,13,1,5,78,52,8,4,5.05,0.019391,3.03,4,0.002519,0.010398,9,8,3.82,1
0,3.12296,12,5,71,10,1,0,45,29,5,3,2.02,0.006907,3.03,0,0.00542,0.010398,9,8,0,1
14,11.3676,114,9,467,30,1,13,435,116,22,19,10.16,0.114134,3.03,14,0.005187,0.010398,9,5,15.92,0
3,7.34144,33,8,209,5,2,1,10,95,9,0,2.02,0.096559,11.3,3,0.002373,0.060079,68,1,2.07,1
2,2.26754,1,2,7,2,2,1,1,6,3,0,2.02,0.053596,3.06,2,0.005716,0.010398,15,2,0,1
1,1.33267,1,0,3,1,1,2,0,1,2,0,0,0.005445,4.05,1,0,0.035501,27,1,0,1
1,1.17486,10,4,60,3,1,2,3,22,6,1,1.01,0.003618,2.02,1,0,0.00831,9,2,0,1
2,2.69823,8,4,43,5,3,0,10,13,4,1,0,0.0098,2.04,2,0,0.00831,31,5,0,1
0,2.99495,2,4,12,2,1,1,1,7,5,1,0,0.0053,3.03,0,0,0.010398,10,2,0,1
4,1.36109,4,0,17,4,3,6,6,4,6,1,2.03,0.004892,3.05,4,0,0.007774,30,3,1.03,1
2,2.35699,6,0,21,5,2,4,10,9,4,2,0,0.04406,0,2,0,0,13,5,1.02,1
1,3.66829,1,0,3,1,1,0,0,1,0,0,0,0.056403,7.14,1,0,0.041644,27,1,1.01,1
1,3.2211,26,4,133,6,3,1,15,31,5,8,0,0.005289,3.03,1,0,0.010398,24,5,1.04,1
6,7.7902,37,9,182,12,1,14,66,120,23,6,9.11,0.022085,2.02,6,0.012218,0.00831,9,8,4.34,1
7,10.3263,9,2,24,4,2,1,6,12,3,1,2.02,0.029392,3.03,7,0.00076,0.010398,13,3,3.08,1
4,7.57455,24,16,141,6,2,2,15,68,18,7,5.06,0.124305,3.09,4,0.025383,0.010398,39,5,2.05,1
2,2.41614,4,0,12,6,1,4,15,6,4,2,2.03,0.008613,2.02,2,0,0.00831,9,5,1.02,1
1,0.792859,3,1,16,3,2,1,3,6,2,3,0,0.012267,0,1,0,0,11,3,0,1
2,1.54522,29,7,166,10,2,2,45,52,8,10,0,0.027315,0,2,0,0,15,5,1.01,1
2,2.33696,3,2,12,3,2,1,3,6,3,4,0,0.009107,1.01,2,0,0.005149,13,3,0,1
1,5.5834,2,1,6,5,2,12,10,6,12,0,5.06,0.038094,3.09,1,0,0.010398,39,4,1.03,1
2,2.46006,9,3,38,5,3,2,10,12,5,1,1.01,0.009593,3.06,2,0.00604,0.01129,27,5,0,1
0,4.11562,1,1,4,1,1,1,0,2,2,0,0,0.006748,3.03,0,0,0.010398,9,1,0,1
0,0,102,3,289,18,1,1,153,143,4,5,1.01,0,3.03,0,0.001313,0.010398,9,2,0,1
2,2.6029,7,3,28,2,4,2,1,9,5,0,1.01,0.005742,4.04,2,0,0.013377,27,0,1.03,1
3,7.97841,4,7,32,2,1,1,1,15,8,1,4.05,0.093454,3.03,3,0.025383,0.010398,10,2,2.07,1
2,1.74444,17,10,73,7,2,0,21,41,10,7,1.01,0.005455,1.02,2,0.00273,0.003161,39,6,0,1
3,3.87796,8,4,43,5,3,1,10,13,5,1,0,0.013544,2.04,3,0,0.00831,31,5,0,1
1,2.88097,2,3,9,1,3,0,0,7,3,0,0,0.055174,8.12,1,0,0.027347,29,1,0,1
1,4.48422,18,1,62,6,1,2,15,12,3,0,0,0.066617,3.03,1,0,0.010398,9,6,0,1
1,1.35264,95,4,306,26,1,21,325,76,25,6,0,0.035057,0,1,0,0,9,3,0,1
1,2.81758,2,1,6,3,1,17,3,5,18,0,5.12,0.009597,3.06,1,0.003144,0.010398,18,3,1.06,1
1,0.792859,0,0,0,4,1,2,6,4,2,0,0,0.012267,0,1,0,0,9,2,0,1
2,2.31429,11,3,45,11,2,1,55,29,4,2,0,0.016827,0,2,0,0,24,11,1.15,1
4,8.83948,21,7,144,12,3,4,66,34,11,2,2.02,0.042868,4.1,4,0.001313,0.021972,44,12,2.18,1
1,0.792859,2,2,7,2,1,1,1,4,3,6,0,0.012267,0,1,0,0,9,2,0,1
3,3.6986,5,4,22,3,3,1,3,10,5,1,1.01,0.061516,3.06,3,0.002985,0.01129,24,3,0,1
1,3.28866,3,3,10,3,2,0,3,6,3,0,0,0.007742,2.03,1,0,0.004949,39,2,0,1
1,1.35264,171,1,907,16,2,0,120,138,1,14,0,0.035057,0,1,0,0,35,1,0,1
2,3.6711,36,9,143,13,2,2,78,58,11,7,1.02,0.047325,2.03,2,0.004723,0.008128,21,11,1.02,1
0,1.64243,3,1,7,6,1,41,15,9,42,0,16.22,0.003252,3.03,0,0,0.010398,9,6,0,1
0,0,3,2,8,2,1,2,1,6,4,1,0,0,0,0,0,0,9,0,0,1
0,3.0352,2,0,5,3,1,4,3,3,4,0,2.03,0.005071,3.03,0,0,0.010398,11,3,0,1
5,9.15338,8,3,29,3,1,10,3,12,13,3,6.08,0.020832,3.03,5,0.001077,0.010398,9,3,2.12,0
1,2.88097,2,1,13,3,1,1,3,8,2,6,0,0.055174,3.03,1,0,0.010398,9,3,0,1
0,1.25878,10,4,29,4,3,1,6,12,5,2,2.02,0.001304,5.05,0,0.02301,0.024375,16,4,0,1
0,1.43177,3,0,8,3,1,0,3,3,0,0,0,0.001468,3.03,0,0,0.010398,9,2,0,1
2,4.50164,12,4,37,7,2,0,21,22,4,8,0,0.011252,2.03,2,0,0.004949,39,6,1.03,1
0,0,2,2,6,2,2,0,1,5,2,2,0,0,3.06,0,0,0.010398,15,2,0,1
1,5.59993,2,0,6,4,2,25,6,4,25,1,7.13,0.016668,4.07,1,0,0.013377,13,3,0,1
0,0,2,2,7,2,1,2,1,4,4,2,2.02,0,3.03,0,0.001313,0.010398,10,2,0,1
1,1.35264,141,1,788,13,2,0,78,90,1,11,0,0.035057,0,1,0,0,35,1,0,1
4,5.34192,60,3,182,22,2,13,231,57,16,16,8.16,0.103812,6.12,4,0,0.028459,41,20,4.31,1
1,0.792859,1,0,3,6,1,4,15,6,4,1,0,0.012267,0,1,0,0,9,0,0,1
2,2.6029,8,2,35,5,1,3,10,14,5,7,0,0.005742,3.03,2,0,0.010398,9,0,0,1
1,1.45269,1,0,3,1,1,4,0,1,4,0,2.02,0.003502,5.07,1,0,0.038662,29,1,0,1
3,4.63934,18,10,86,3,1,1,3,46,11,2,1.01,0.088269,2.02,3,0.003733,0.00831,9,3,0,1
8,9.35438,2,4,14,2,2,0,1,10,4,5,0,0.092204,2.03,8,0,0.004949,39,2,5.3,1
1,1.17486,5,1,25,5,1,6,10,10,7,2,1.01,0.003618,2.02,1,0,0.00831,9,5,0,1
16,19.4587,57,7,215,28,2,2,378,84,9,8,3.1,0.101951,14.71,16,0.003332,0.05882,58,19,12.83,0
2,6.26048,30,11,165,18,1,6,153,84,16,7,2.03,0.058524,3.09,2,0.00283,0.010398,39,13,1.01,1
0,0,3,2,16,2,1,6,1,6,8,2,3.05,0,3.03,0,0,0.010398,10,2,0,1
0,1.64243,7,1,28,5,3,1,10,6,2,3,0,0.003252,7.12,0,0,0.030477,44,3,0,1
2,12.0175,33,6,88,8,2,1,28,36,7,8,3.04,0.099012,3.06,2,0.006733,0.010398,15,4,0,1
1,1.17515,10,3,62,6,2,2,15,13,4,7,0,0.006345,1.01,1,0,0.027761,11,4,0,1
1,0.792859,0,0,0,4,1,2,6,4,2,0,0,0.012267,0,1,0,0,9,0,0,1
0,0,3,4,35,3,2,2,3,11,6,7,0,0,0,0,0,0,11,1,0,1
0,3.0742,24,3,79,7,3,1,21,28,4,3,1.01,0.00472,4.04,0,0.003144,0.013377,17,6,0,1
1,4.04167,1,0,1,1,1,0,0,1,0,8,0,0.008389,3.03,1,0,0.010398,9,0,0,1
1,4.24084,1,0,4,1,2,0,0,1,0,1,0,0.056677,3.06,1,0,0.010398,19,1,0,1
1,0.792859,0,0,0,2,1,3,1,2,3,0,0,0.012267,0,1,0,0,9,0,0,1
4,9.64939,32,9,141,11,1,31,55,42,39,14,21.92,0.030807,3.03,4,0.002986,0.010398,9,5,1.39,1
1,1.35264,351,1,2032,18,2,0,153,259,1,19,0,0.035057,0,1,0,0,35,1,0,1
0,0,6,5,35,3,2,0,3,15,5,2,2.02,0,3.06,0,0.005716,0.010398,15,3,0,1
2,2.71012,3,3,15,2,3,1,1,8,4,0,0,0.037571,2.02,2,0,0.017159,16,2,1.01,1
1,1.18716,11,1,42,8,1,1,28,10,2,4,0,0.010376,0,1,0,0,18,8,0,1
0,0,4,3,20,2,3,2,1,8,5,1,0,0,0,0,0,0,16,1,0,1
0,3.6872,2,8,56,2,1,0,1,18,8,0,0,0.008602,2.02,0,0,0.00831,9,1,1.04,1
5,1.91372,6,1,20,6,3,1,15,7,2,2,1.01,0.007017,3.05,5,0,0.007774,30,5,0,1
3,3.67948,8,5,39,2,3,1,1,25,6,2,3.03,0.085133,5.05,3,0.053599,0.024375,16,2,1.07,1
6,11.3053,32,4,107,13,1,14,78,52,18,9,7.09,0.048539,3.03,6,0.001059,0.010398,9,9,6.59,0
1,1.17515,42,0,686,11,1,1,55,36,1,1,0,0.006345,0,1,0,0,9,11,1.23,1
1,0.792859,6,5,31,3,2,1,3,10,6,3,0,0.012267,0,1,0,0,11,2,0,1
3,7.82654,10,4,39,8,1,2,28,23,6,4,2.02,0.072692,3.06,3,0,0.010398,18,6,0,1
5,11.5269,18,8,61,9,3,57,36,30,65,2,23.51,0.08423,3.06,5,0.003144,0.010398,37,8,1.12,1
1,3.09513,17,9,115,5,1,0,10,45,9,6,4.04,0.006754,3.03,1,0.009713,0.010398,9,3,1.01,1
7,8.28731,5,3,13,3,4,1,3,6,4,0,0,0.036242,3.08,7,0,0.019885,54,2,0,1
20,18.3422,66,12,319,14,1,5,91,130,17,11,5.1,0.114049,3.03,20,0.007815,0.010398,9,4,14.96,0
0,2.42975,2,4,14,2,3,1,1,8,5,1,0,0.004481,3.03,0,0,0.010398,12,2,0,1
0,0,22,6,101,7,2,1,21,44,7,8,2.03,0,4.07,0,0.006035,0.013377,21,2,2.39,1
4,6.54006,15,3,63,6,2,3,15,36,6,1,2.02,0.106414,4.07,4,0,0.013377,21,6,3.47,1
0,0,14,8,61,4,1,0,6,27,8,0,2.03,0,3.03,0,0.001717,0.010398,9,1,3.34,1
1,1.05147,9,0,33,6,2,4,15,10,4,2,0,0.008441,0,1,0,0,14,6,0,1
1,4.72472,4,8,23,2,1,1,1,13,9,1,0,0.058312,3.03,1,0,0.010398,10,2,0,1
1,7.59491,10,9,56,3,1,2,3,25,11,1,1.02,0.062713,3.03,1,0.001313,0.010398,10,2,1.06,1
1,0.792859,0,0,0,0,1,0,0,0,0,4,0,0.012267,0,1,0,0,9,0,0,1
0,0,2,2,9,2,2,1,1,4,3,0,0,0,4.04,0,0,0.012964,19,0,0,1
9,10.8724,79,15,427,9,1,2,36,150,17,4,7.12,0.149002,1.01,9,0.041272,0.005149,9,6,8.66,0
2,3.71322,50,6,166,14,2,1,91,63,6,12,3.03,0.036056,4.05,2,0.025699,0.021972,16,9,1.18,0
4,6.46103,5,2,21,2,1,0,1,7,2,0,4.04,0.094887,3.03,4,0.00692,0.010398,9,2,1.06,1
0,0.740259,18,8,154,4,1,0,6,62,8,5,1.01,0.000755,3.03,0,0.00273,0.010398,9,1,0,1
0,1.64243,2,1,6,2,4,18,1,3,19,0,8.15,0.003252,4.06,0,0,0.012366,21,1,0,1
0,0,7,0,29,7,1,4,21,7,4,5,1.03,0,0,0,0,0,9,6,1.23,1
0,1.45008,46,10,214,10,1,12,45,105,20,1,8.2,0.002148,3.03,0,0.016634,0.010398,9,10,4.23,1
2,2.69351,2,2,5,2,1,0,1,5,2,0,1.02,0.007166,2.02,2,0.000853,0.00831,10,2,1.03,1
6,5.96254,75,12,300,30,3,2,435,124,14,7,5.1,0.081737,8.3,6,0.023065,0.052052,78,16,6.34,0
1,2.94062,25,0,90,12,1,33,66,23,33,3,4.07,0.009286,3.03,1,0,0.010398,9,8,1.08,1
0,1.31187,24,3,87,3,1,2,3,23,5,5,0,0.001388,7.14,0,0,0.041644,27,2,0,1
1,1.35264,219,1,1295,14,2,0,91,150,1,14,0,0.035057,0,1,0,0,35,1,0,1
2,2.35699,15,3,63,9,2,2,36,24,5,4,0,0.04406,0,2,0,0,13,9,1.04,1
1,1.18716,61,8,270,13,2,1,78,67,9,5,0,0.010376,0,1,0,0,54,8,0,1
3,6.64038,15,5,57,7,3,2,21,31,7,8,1.01,0.063301,4.04,3,0,0.013377,17,5,0,1
6,11.4214,5,3,21,4,1,7,6,15,10,56,4.1,0.075389,3.03,6,0.004644,0.010398,9,3,2.13,1
1,1.26735,2,0,6,6,1,2,15,8,2,0,0,0.012094,0,1,0,0,9,5,0,1
1,1.28083,1,0,5,1,1,0,0,3,0,0,0,0.003512,2.02,1,0,0.00831,9,1,0,1
2,3.90708,3,0,10,3,1,3,3,3,3,2,0,0.057708,3.06,2,0,0.010398,18,3,0,1
0,0,5,1,14,2,4,2,1,3,3,1,0,0,4.06,0,0,0.012366,21,1,0,1
1,7.62066,59,8,270,9,1,1,36,100,9,3,3.03,0.06327,3.03,1,0.007292,0.010398,9,3,0,1
2,3.4997,32,3,141,8,3,1,28,66,4,10,1.01,0.048758,1.01,2,0.020279,0.01201,16,5,1.13,1
3,5.80413,22,5,74,12,2,1,66,49,6,4,1.01,0.061375,5.06,3,0,0.013302,20,12,2.09,1
7,7.54956,11,8,68,5,2,1,10,42,9,5,4.08,0.02366,5.08,7,0.003737,0.01144,33,3,6.29,1
1,0.60098,7,1,21,7,1,6,21,8,7,4,0,0.003885,0,1,0,0,18,6,0,1
18,23.6331,290,27,1009,73,1,46,2628,345,73,42,20.37,0.13696,3.03,18,0.048602,0.010398,9,42,16.59,0
0,3.22194,3,2,12,3,2,4,3,8,6,0,4.04,0.003488,3.06,0,0.005716,0.010398,15,3,2.09,1
2,2.52346,7,5,35,5,1,2,10,19,7,7,0,0.05517,2.02,2,0,0.00831,9,4,0,0
1,6.17458,23,10,88,3,1,0,3,53,10,4,0,0.013811,3.03,1,0,0.010398,9,1,3.03,1
1,3.9126,11,5,48,8,2,0,28,40,5,4,2.02,0.056379,3.06,1,0.00542,0.010398,30,7,0,1
0,0,5,2,19,2,3,1,1,4,3,2,1.01,0,5.05,0,0.00273,0.024375,16,2,1.01,1
8,11.2928,27,12,132,18,1,37,153,63,48,11,10.13,0.048088,2.02,8,0.007095,0.00831,9,18,8.24,1
1,0.792859,23,5,125,7,2,0,21,37,5,2,1.01,0.012267,0,1,0,0,14,3,0,1
0,2.56045,16,3,86,8,2,1,28,34,4,8,0,0.003092,3.03,0,0,0.008406,24,7,1.01,1
2,3.95872,9,6,26,7,2,3,21,20,9,1,0,0.040043,2.06,2,0,0.00831,39,6,0,0
1,3.1498,18,13,73,12,3,2,66,41,15,2,0,0.004194,4.1,1,0,0.021972,46,12,1.03,1
0,2.60998,1,4,9,1,1,1,0,15,5,1,0,0.006416,3.03,0,0,0.010398,9,1,0,1
0,0,13,1,54,10,1,5,45,24,6,9,1.01,0,3.03,0,0.001313,0.010398,9,7,1.07,1
1,0.792859,22,7,116,11,2,1,55,41,8,6,0,0.012267,0,1,0,0,15,5,0,0
0,0,2,1,6,2,1,1,1,4,2,3,2.02,0,3.03,0,0.001562,0.010398,10,2,0,1
2,6.14206,6,3,29,3,3,0,3,13,3,1,0,0.048659,3.03,2,0,0.010398,15,3,1.11,1
1,5.74047,4,4,32,3,1,1,3,13,5,3,0,0.075378,3.03,1,0,0.010398,10,2,2.19,1
22,28.939,104,25,507,17,1,3,136,175,27,18,7.08,0.155437,3.03,22,0.042548,0.010398,9,0,21.09,0
0,1.64243,2,1,6,2,4,2,1,3,3,0,1.01,0.003252,4.06,0,0,0.012366,21,1,0,1
3,3.93677,8,4,39,5,3,0,10,13,4,1,0,0.061722,2.04,3,0,0.00831,31,5,0,1
2,2.58708,11,6,43,4,2,1,6,33,7,3,1.01,0.037882,0,2,0.004292,0,15,4,0,1
0,0,18,1,27,3,1,1,3,5,2,17,0,0,0,0,0,0,9,2,0,1
0,2.99495,2,4,20,2,1,1,1,8,5,2,0,0.0053,3.03,0,0,0.010398,10,2,0,1
2,2.89247,16,3,64,10,2,2,45,23,5,6,0,0.035192,3.04,2,0,0.019885,16,10,1.08,1
1,3.9126,24,4,73,15,2,5,105,64,9,3,0,0.056379,3.06,1,0,0.010398,30,9,0,1
0,4.06683,8,6,25,5,3,1,10,19,7,1,0,0.006276,3.06,0,0,0.010398,44,5,0,1
1,2.36108,9,5,57,2,1,0,1,25,5,0,0,0.009436,1.01,1,0,0.005149,9,1,1.02,1
5,9.59891,26,8,114,7,1,2,21,35,10,19,6.08,0.031034,3.03,5,0.004402,0.010398,9,0,5.53,1
3,4.75056,20,11,103,6,1,0,15,49,11,4,2.04,0.019402,2.02,3,0.003144,0.005149,9,5,1.57,1
2,1.17973,13,11,66,5,2,0,10,37,11,7,0,0.003744,0,2,0,0,39,4,0,1
2,3.64568,31,4,140,10,1,2,45,33,6,14,0,0.018885,2.02,2,0,0.00831,9,1,1.02,1
2,1.54522,10,3,56,3,1,1,3,10,4,12,0,0.027315,0,2,0,0,9,2,1.08,1
1,1.41194,408,3,1504,51,1,1,1275,238,4,18,0,0.031537,3.03,1,0,0.010398,9,5,0,1
1,4.23349,1,3,10,2,1,1,1,8,4,0,0,0.057223,3.03,1,0,0.010398,10,2,0,1
6,4.91412,26,4,122,8,3,1,28,74,5,38,1.02,0.052003,1.01,6,0.002985,0.005149,16,3,2.96,1
3,4.99485,3,1,13,3,2,2,3,6,3,1,1.01,0.013279,3.03,3,0,0.010398,13,3,1.04,1
1,1.35264,109,1,615,8,2,0,28,60,1,11,0,0.035057,0,1,0,0,35,1,0,1
1,1.26735,7,1,21,7,2,1,21,12,1,1,0,0.012094,0,1,0,0,15,6,0,1
0,3.46402,1,0,3,1,1,0,0,1,0,0,0,0.016847,6.09,0,0,0.040749,28,1,0,1
0,2.64198,19,6,81,7,3,2,21,29,8,11,1.01,0.005022,4.04,0,0,0.013377,17,6,1.02,1
4,5.88673,5,5,18,5,2,1,10,14,6,2,1.01,0.018766,4.07,4,0.03059,0.013377,21,5,2.2,1
0,0,4,6,23,2,3,2,1,13,8,1,5.06,0,5.05,0,0.039843,0.024375,16,2,2.09,1
2,4.63879,10,2,46,1,3,0,0,16,2,0,0,0.011546,3.08,2,0,0.010098,24,0,0,1
1,3.28866,9,8,38,3,3,0,3,28,8,0,2.05,0.007742,2.07,1,0.006855,0.004949,46,2,1.26,1
1,1.18716,1,0,3,1,1,1,0,1,1,0,0,0.010376,2.02,1,0,0.026961,27,1,0,1
0,2.99256,11,0,33,7,1,8,21,7,8,3,7.07,0.007056,3.03,0,0,0.010398,9,7,0,0
6,10.3467,5,1,16,11,2,38,55,13,38,1,9.22,0.063853,3.06,6,0,0.010398,26,10,0,1
3,9.72561,33,9,113,13,3,17,78,65,24,4,5.09,0.043944,4.1,3,0.002227,0.021972,44,13,3.12,1
3,3.93677,6,3,36,5,2,1,10,10,4,2,1.01,0.061722,2.04,3,0.001705,0.00831,23,5,0,1
1,1.17486,21,2,59,4,2,2,6,19,4,5,0,0.003618,3.03,1,0,0.011468,15,4,0,1
1,7.75655,10,4,44,2,1,2,1,18,6,0,3.05,0.013608,3.03,1,0.001313,0.010398,9,2,3.21,1
0,0,10,15,92,3,1,0,3,50,15,4,0,0,0,0,0,0,48,1,0,1
1,1.48053,0,0,0,1,1,6,0,1,6,0,3.03,0.003655,5.07,1,0,0.038662,27,1,0,1
2,4.43735,15,11,77,3,1,1,3,42,12,2,2.02,0.037954,3.03,2,0.00542,0.010398,9,3,1.04,1
2,1.54522,84,10,388,17,2,6,136,60,15,22,0,0.027315,0,2,0,0,13,6,1.01,1
0,0,26,5,75,4,3,1,6,15,6,7,0,0,0,0,0,0,24,2,0,0
1,1.35264,2,1,6,2,4,1,1,3,2,0,0,0.035057,1.03,1,0,0.027761,106,0,0,1
0,2.52013,2,1,4,2,1,0,1,3,1,0,2.02,0.004181,3.03,0,0.00542,0.010398,9,1,0,1
1,1.17515,0,0,0,2,1,8,1,2,8,0,2.05,0.006345,0,1,0,0,9,2,0,1
2,8.13453,7,0,16,3,1,1,3,5,1,8,0,0.026586,4.14,2,0,0.011007,18,2,0,1
0,2.67407,13,7,68,7,3,1,21,36,8,2,0,0.004457,3.06,0,0,0.010398,47,7,0,1
3,5.69695,20,3,74,19,2,1,171,31,4,8,2.02,0.061694,3.09,3,0.002508,0.010398,39,19,2.17,1
0,1.31187,2,0,9,3,1,2,3,4,2,8,0,0.001388,3.03,0,0,0.010398,9,3,0,1
0,1.64243,2,1,6,2,5,8,1,3,9,0,3.03,0.003252,4.06,0,0,0.012366,23,1,0,1
1,7.67536,7,20,87,6,1,3,15,41,23,5,4.05,0.067602,3.03,1,0.002068,0.010398,10,4,4.13,1
2,3.37826,4,3,14,2,3,1,1,8,4,2,1.01,0.040476,2.02,2,0.002986,0.017159,16,2,2.16,1
9,9.24384,54,14,295,20,2,4,190,101,17,10,3.05,0.105203,6.12,9,0.00739,0.047833,58,9,8.57,0
0,1.43177,48,20,232,13,1,1,78,147,21,8,5.06,0.001468,3.03,0,0.010122,0.010398,9,8,2.03,1
2,2.62755,9,8,49,1,2,0,0,24,8,0,2.02,0.00712,2.02,2,0.006463,0.00831,23,0,0,1
1,1.35264,164,1,924,12,2,0,66,102,1,14,0,0.035057,0,1,0,0,35,1,0,1
0,2.67407,2,2,12,2,3,1,1,9,3,0,0,0.004457,3.06,0,0,0.010398,45,2,0,1
1,2.88097,5,1,14,11,2,1,55,14,2,6,0,0.055174,5.08,1,0,0.01379,33,9,0,1
2,2.76004,5,3,12,2,3,1,1,9,4,0,0,0.037532,2.02,2,0,0.017159,16,2,1.01,1
0,0,0,0,0,2,1,2,1,2,2,0,0,0,0,0,0,0,9,0,0,1
3,7.5969,10,7,30,7,2,73,21,25,80,1,22.46,0.015019,3.09,3,0,0.010398,39,6,0,1
3,2.57416,11,2,77,5,1,4,10,12,6,10,3.04,0.027038,2.02,3,0.002222,0.00831,9,5,3.19,1
1,1.12713,8,3,28,8,2,0,28,18,3,2,0,0.006451,1.01,1,0,0.002497,33,8,0,1
0,0,4,4,31,4,2,0,6,14,4,4,4.04,0,3.06,0,0.011137,0.010398,15,4,1.15,1
1,0.792859,13,4,80,9,2,2,36,35,4,5,1.01,0.012267,0,1,0,0,15,6,0,1
2,7.96475,14,4,50,10,2,3,45,25,7,1,1.01,0.013245,3.12,2,0,0.010398,44,10,0,1
4,6.48779,2,0,6,4,1,6,6,4,6,1,3.04,0.014612,3.03,4,0,0.010398,9,4,0,1
0,0,2,0,9,3,1,2,3,4,2,8,0,0,3.03,0,0,0.010398,9,3,0,1
3,3.87796,12,3,52,13,1,9,78,28,12,4,2.08,0.013544,2.02,3,0.004538,0.00831,9,11,1.03,1
0,0,7,1,24,7,1,3,21,9,4,5,4.04,0,3.03,0,0.006785,0.010398,9,6,0,1
5,7.66773,19,2,61,15,1,31,105,30,33,3,13.2,0.028153,3.03,5,0.002161,0.010398,9,15,2.16,1
2,2.35,4,0,13,4,1,3,6,4,3,3,0,0.009963,2.02,2,0,0.00831,9,4,1.03,1
1,1.35264,44,1,281,6,2,0,15,24,1,7,0,0.035057,0,1,0,0,35,1,0,1
1,2.88097,10,2,26,4,1,2,6,10,4,5,0,0.055174,3.03,1,0,0.010398,9,4,0,1
1,2.54988,16,8,79,9,1,1,36,30,9,6,1.02,0.009587,3.06,1,0.002161,0.010398,18,5,1.13,1
2,1.72811,8,4,30,6,2,1,15,12,5,8,0,0.010336,0,2,0,0,11,6,1.1,0
1,4.3615,11,3,42,9,1,2,36,20,5,6,0,0.05883,3.03,1,0,0.010398,9,8,0,1
0,0.740259,13,9,78,2,1,0,1,43,9,0,3.03,0.000755,3.03,0,0.02407,0.010398,9,2,1.01,1
4,6.60956,13,2,44,7,1,4,21,20,6,18,0,0.071995,3.06,4,0,0.010398,18,7,1.01,0
2,8.26847,32,10,237,11,1,0,55,63,10,2,3.05,0.092665,3.03,2,0.006733,0.010398,9,8,2.42,1
2,4.46352,7,6,48,3,2,0,3,35,6,1,2.04,0.01136,3.12,2,0.005496,0.010098,23,0,1.26,1
9,5.84867,1,0,3,6,1,1,15,7,1,0,0,0.026933,1.01,9,0,0.005149,9,0,1.03,1
1,0.792859,9,4,53,7,2,0,21,33,4,2,1.01,0.012267,0,1,0,0,15,4,0,1
1,1.3481,5,1,14,3,4,0,3,4,1,3,0,0.005996,1.01,1,0,0.005149,22,3,0,1
0,2.86786,6,1,24,4,1,0,6,12,1,2,1.01,0.004536,3.06,0,0.001313,0.010398,18,1,0,1
1,0.792859,0,0,0,4,1,3,6,4,3,0,0,0.012267,0,1,0,0,9,0,0,1
0,0.740259,23,4,132,7,1,1,21,46,5,16,1.01,0.000755,3.03,0,0.001313,0.010398,10,3,0,1
0,2.58836,8,1,18,1,1,1,0,7,2,0,0,0.006074,2.02,0,0,0.00831,9,1,0,1
3,5.46076,13,2,55,5,3,1,10,15,3,6,2.02,0.044519,4.05,3,0.00273,0.012366,16,3,3.12,0
2,1.54522,0,0,0,6,1,1,15,6,1,0,0,0.027315,0,2,0,0,9,0,0,1
0,0,4,1,16,3,1,1,3,7,2,1,0,0,7.14,0,0,0.041644,27,3,0,1
7,12.5285,15,5,131,9,2,9,36,28,14,2,5.09,0.076211,3.09,7,0.000914,0.010398,39,8,5.45,1
6,7.61688,27,13,153,9,2,0,36,71,13,9,4.07,0.027587,4.07,6,0.007154,0.01133,33,3,5.23,0
3,3.70195,19,4,77,10,1,3,45,29,7,7,0,0.0919,0,3,0,0,12,9,0,1
3,4.00726,17,3,57,4,1,2,6,26,5,5,0,0.089233,7.14,3,0,0.041644,27,2,0,1
0,0,128,3,482,21,1,1,210,174,4,8,0,0,3.03,0,0,0.010398,9,1,0,1
1,1.17486,21,5,77,4,1,2,6,45,7,1,2.02,0.003618,2.02,1,0.004292,0.00831,12,4,0,1
0,0,3,2,6,2,5,3,1,4,5,0,0,0,0,0,0,0,23,1,0,1
1,2.54988,9,1,20,3,1,2,3,5,3,0,2.02,0.009587,3.03,1,0,0.010398,9,2,1.07,1
2,2.65048,27,14,117,4,1,1,6,52,15,1,0,0.083459,0,2,0,0,9,2,0,1
2,2.35699,1,0,4,2,2,2,1,2,2,0,0,0.04406,0,2,0,0,13,2,1.03,1
0,2.29636,1,0,3,2,2,1,1,2,1,0,0,0.013768,4.14,0,0,0.011007,19,2,0,1
2,6.53653,14,3,56,4,3,0,6,17,3,7,3.03,0.090004,5.05,2,0.024322,0.024375,16,2,1.01,1
2,3.07326,82,5,335,42,2,6,861,88,11,2,1.05,0.074757,1.01,2,0,0.027761,29,41,0,1
1,1.26735,14,2,29,5,3,2,10,27,4,0,0,0.012094,1.01,1,0,0.027761,71,5,1.05,1
2,4.36338,47,5,256,20,1,1,190,38,6,16,1.01,0.036604,3.03,2,0.00273,0.010398,9,15,3.14,1
3,3.93677,6,3,44,5,2,1,10,10,4,2,1.01,0.061722,2.04,3,0.001705,0.00831,23,5,0,1
1,3.28866,3,3,11,2,2,0,1,6,3,0,0,0.007742,2.03,1,0,0.004949,39,2,0,1
1,0.792859,6,2,29,3,1,2,3,6,4,7,0,0.012267,0,1,0,0,9,3,0,1
1,3.28866,7,7,40,3,4,0,3,31,7,0,3.06,0.007742,2.08,1,0.010588,0.004949,51,2,1.26,1
0,2.58969,1,1,3,2,1,1,1,3,2,0,0,0.004777,3.03,0,0,0.010398,10,2,0,1
8,12.1251,24,1,82,24,2,1,276,60,2,1,1.01,0.026132,13.25,8,0,0.05882,58,19,5.48,1
1,3.87029,18,5,94,9,3,1,36,36,6,13,1.02,0.008026,5.11,1,0.03059,0.039276,41,9,1.14,1
0,0,321,2,847,19,1,1,171,423,3,5,0,0,3.03,0,0,0.010398,9,2,0,1
0,1.03163,24,3,87,3,1,2,3,23,5,5,0,0.001205,7.14,0,0,0.041644,27,2,0,1
4,7.46875,3,1,10,3,4,2,3,5,3,0,3.08,0.063705,4.33,4,0.03059,0.038159,63,3,1.67,1
1,0.60098,24,3,101,12,1,7,66,26,10,6,0,0.003885,0,1,0,0,18,10,0,1
1,4.57123,2,1,5,1,1,17,0,2,18,0,3.04,0.009093,3.03,1,0,0.010398,9,1,0,1
2,1.70353,12,3,51,6,2,1,15,23,3,3,0,0.045283,0,2,0,0,15,6,1.04,0
3,6.48196,28,8,88,13,2,1,78,44,9,3,1.01,0.052384,2.06,3,0,0.00831,39,12,1.13,1
0,4.06683,12,3,30,12,1,8,66,25,11,3,1.01,0.006276,3.06,0,0.00273,0.010398,18,11,0,1
1,0.60098,9,3,35,7,2,1,21,15,4,1,0,0.003885,0,1,0,0,35,7,0,1
0,0,11,2,45,6,1,1,15,18,3,5,2.02,0,3.03,0,0.004146,0.010398,12,6,0,1
13,16.4641,66,6,240,31,1,122,465,72,128,11,26.84,0.087196,4.14,13,0.02843,0.011292,18,27,9.13,1
1,1.17486,3,2,15,2,1,3,1,7,5,0,0,0.003618,2.02,1,0,0.00831,9,2,0,1
2,2.32375,3,1,12,3,1,7,3,7,8,0,2.02,0.008734,2.02,2,0,0.00831,11,3,0,1
9,9.3931,46,5,138,16,1,174,120,99,179,6,36.1,0.087733,3.06,9,0.001313,0.010398,18,16,2.3,1
1,3.28866,6,6,39,3,3,1,3,27,7,0,3.05,0.007742,2.07,1,0.010588,0.004949,46,2,1.25,1
0,2.61865,7,2,30,3,3,0,3,11,2,2,2.02,0.002806,4.05,0,0.005716,0.012366,16,3,4.09,1
1,3.28866,6,2,18,6,3,1,15,8,2,0,0,0.007742,4.12,1,0,0.037859,55,6,0,1
2,2.5984,5,3,25,3,2,0,3,11,3,27,2.02,0.053425,3.06,2,0.005716,0.010398,15,2,0,1
4,8.49681,29,5,59,9,2,1,36,28,6,7,6.14,0.097241,4.07,4,0.032961,0.013377,21,8,3.74,1
9,10.3357,25,14,167,8,1,13,28,56,26,0,8.26,0.076902,3.03,9,0.012657,0.010398,9,6,7.42,1
5,6.01329,64,5,271,19,1,1,171,40,6,41,1.01,0.060758,1.01,5,0.020279,0.005149,9,10,1.04,1
19,14.0755,22,7,114,12,2,19,66,55,26,3,9.15,0.040922,8.23,19,0.004271,0.027347,36,12,6.93,0
0,1.3633,8,5,34,5,3,1,10,18,6,4,0,0.001791,3.03,0,0,0.010398,24,4,0,1
1,4.17914,11,5,60,3,1,0,3,34,5,1,1.01,0.011494,3.03,1,0.001769,0.010398,9,1,1.01,1
1,2.76207,6,0,18,2,3,2,1,8,2,0,0,0.035341,2.06,1,0,0.00831,46,1,0,1
2,2.46006,7,5,32,6,2,5,15,16,10,1,2.06,0.009593,3.05,2,0.03059,0.01129,21,6,2.12,1
3,5.37625,6,3,34,2,3,1,1,10,4,10,2.02,0.042942,3.04,3,0.02077,0.010279,16,2,2.06,1
2,2.55041,6,1,19,5,1,4,10,16,5,1,0,0.053311,3.09,2,0,0.010398,32,5,0,1
6,7.86104,30,2,131,13,2,5,78,36,7,6,5.06,0.057674,5.08,6,0,0.01379,33,8,4.75,1
1,3.28866,2,2,9,2,2,0,1,6,2,0,0,0.007742,2.03,1,0,0.004949,39,2,0,1
18,10.9738,39,5,182,20,2,11,190,75,15,11,6.08,0.144352,1.01,18,0.01117,0.005149,11,11,7.74,0
0,1.03163,174,18,583,43,1,2,903,221,20,31,2.02,0.001205,3.03,0,0.004043,0.010398,9,22,0,1
1,3.9126,14,6,56,12,2,3,66,31,9,1,0,0.056379,3.06,1,0,0.010398,32,10,0,1
6,9.2521,26,4,81,10,2,2,45,53,6,2,2.02,0.097043,3.09,6,0,0.010398,39,9,1.05,1
2,2.69823,8,4,43,5,3,0,10,13,4,1,0,0.0098,2.04,2,0,0.00831,31,5,0,1
0,0,4,3,19,2,3,1,1,6,4,1,1.01,0,5.05,0,0.00273,0.024375,16,2,1.05,1
14,11.8687,39,7,154,15,1,1,105,55,8,13,4.05,0.091372,3.03,14,0.03717,0.010398,9,5,5.43,0
4,3.58153,4,3,16,4,3,1,6,12,4,8,1.03,0.016076,2.02,4,0.003144,0.003171,39,3,1.04,1
2,4.01034,4,3,19,2,3,1,1,6,4,1,1.01,0.084961,5.05,2,0.00273,0.024375,16,2,1.05,1
2,3.64676,3,0,7,4,2,3,6,4,3,2,2.02,0.007284,3.03,2,0,0.010398,13,4,0,1
1,1.54522,17,8,75,8,2,5,28,28,11,10,0,0.027315,0,1,0,0,13,4,1.04,1
6,8.77321,72,7,240,23,2,4,253,89,11,14,5.07,0.027524,2.03,6,0.00432,0.004949,39,14,7.68,1
0,0,16,1,41,1,1,1,0,2,2,3,0,0,3.03,0,0,0.010398,9,1,0,1
3,8.77244,42,8,129,10,2,2,45,76,10,4,2.03,0.080792,4.07,3,0.008456,0.013377,21,6,4.85,1
1,2.1402,1,3,19,3,2,1,3,6,4,0,1.01,0.006234,3.06,1,0,0.010398,19,2,0,1
0,1.45008,3,2,10,4,2,1,6,6,3,1,1.01,0.002148,4.07,0,0.003144,0.013377,21,4,0,1
1,1.18716,18,4,81,3,4,1,3,24,5,1,0,0.010376,1.01,1,0,0.01201,24,2,0,1
5,3.57285,6,3,44,3,3,1,3,11,4,3,0,0.013063,4.12,5,0,0.011745,49,3,1.03,1
2,5.50819,6,3,20,5,1,2,10,11,4,2,0,0.068771,3.03,2,0,0.010398,9,4,0,1
0,0,44,2,173,17,1,2,136,68,4,40,0,0,3.03,0,0,0.010398,9,3,0,1
2,1.54522,41,8,238,7,2,1,21,52,9,11,0,0.027315,0,2,0,0,11,4,0,1
1,1.09884,1,0,3,1,1,3,0,1,3,0,0,0.002528,5.07,1,0,0.038662,27,1,0,1
3,4.67365,5,3,21,4,1,4,6,18,7,2,1.01,0.013457,2.02,3,0,0.00831,9,4,1.01,1
1,1.35264,140,1,877,13,2,0,78,85,1,18,0,0.035057,0,1,0,0,35,1,0,1
3,6.53022,179,13,574,32,1,3,496,177,15,40,5.05,0.042617,3.03,3,0.025699,0.010398,9,17,2.06,1
0,1.64243,1,0,4,1,1,1,0,1,1,2,1.01,0.003252,3.06,0,0,0.010398,18,1,0,1
2,4.2341,4,3,17,2,3,11,1,6,14,0,2.03,0.038533,5.05,2,0.00273,0.024375,16,2,2.04,1
0,0,9,8,40,2,1,0,1,26,8,1,1.02,0,3.03,0,0.000395,0.010398,9,1,1.12,1
1,0.938338,8,1,71,2,1,1,1,7,2,0,0,0.011186,0,1,0,0,10,2,0,0
0,4.07967,12,5,40,7,1,2,21,24,7,1,4.06,0.006822,3.03,0,0.005046,0.010398,9,6,1.01,1
2,4.52366,5,4,18,4,2,1,6,11,5,1,2.03,0.014082,2.03,2,0.004754,0.004949,39,4,1.07,1
32,26.0888,6,2,22,4,3,1,6,18,3,26,1.03,0.158873,13.39,32,0.003733,0.05882,78,2,1.22,0
5,12.9419,36,9,147,15,3,1,105,72,10,8,2.02,0.027018,4.04,5,0.004457,0.013377,17,7,2.09,1
0,1.43177,6,5,28,2,1,0,1,14,5,0,3.03,0.001468,3.03,0,0.02407,0.010398,9,1,1.01,1
2,2.35,13,3,39,8,3,0,28,19,3,2,0,0.009963,3.05,2,0,0.01129,22,7,1.04,1
3,5.6765,11,7,40,7,2,1,21,31,8,5,2.03,0.01487,2.03,3,0.002416,0.004949,39,6,3.07,1
1,3.28866,3,3,10,3,2,0,3,6,3,0,0,0.007742,2.03,1,0,0.004949,39,2,0,1
0,1.64243,2,6,23,2,1,1,1,11,6,1,0,0.003252,11.18,0,0,0.022421,31,1,0,1
1,1.23854,4,0,13,4,1,0,6,5,0,8,1.02,0.051922,3.03,1,0,0.010398,9,4,1.04,1
6,6.29405,55,11,177,17,1,6,136,115,17,20,6.06,0.067275,3.04,6,0.022943,0.009428,19,9,5.29,1
5,7.31651,10,0,38,3,1,1,3,4,1,9,0,0.039384,3.03,5,0,0.010398,9,1,4.29,0
6,8.26464,26,5,132,12,2,2,66,44,7,15,3.03,0.038582,3.06,6,0.001077,0.010398,24,4,5.14,1
0,1.03163,17,3,57,4,1,2,6,26,5,5,0,0.001205,7.14,0,0,0.041644,27,2,0,1
2,1.54522,31,10,186,9,2,2,36,43,10,10,0,0.027315,1.01,2,0,0.004518,15,2,1.03,1
1,0.792859,10,2,42,7,2,2,21,12,3,7,0,0.012267,0,1,0,0,13,5,0,1
6,11.0402,10,2,36,7,3,19,21,17,21,3,4.08,0.063458,5.05,6,0.006463,0.024375,16,7,6.41,1
0,3.99248,16,6,50,11,1,2,55,39,8,4,3.04,0.006438,3.03,0,0.007292,0.010398,9,10,1.13,1
1,1.25985,2,2,6,2,3,0,1,6,2,0,0,0.036499,0,1,0,0,29,1,1.02,0
3,3.87796,1,0,3,5,1,4,10,6,4,0,0,0.013544,2.04,3,0,0.00831,18,5,0,1
2,2.76004,4,3,10,2,4,0,1,5,3,1,1.01,0.037532,1.01,2,0.020279,0.005149,22,2,0,1
0,1.39276,10,4,27,6,3,2,15,17,6,1,0,0.001819,4.12,0,0,0.038159,51,5,0,1
1,0.792859,5,1,13,5,2,1,10,6,2,2,0,0.012267,0,1,0,0,13,3,0,1
1,0.907447,20,2,115,2,1,6,1,7,8,9,1.01,0.006335,0,1,0,0,9,2,0,1
3,4.70913,18,1,63,11,1,28,55,32,29,3,6.13,0.011817,3.06,3,0,0.010398,18,9,1.03,1
1,1.35264,2,2,18,1,1,0,0,5,2,6,0,0.035057,0,1,0,0,9,1,0,1
0,5.87959,1,8,11,1,2,0,0,9,8,0,4.05,0.016575,3.03,0,0.002383,0.010398,15,0,2.02,1
1,1.35264,130,1,753,11,2,0,55,85,1,12,0,0.035057,0,1,0,0,35,1,0,1
0,0,16,12,98,7,1,2,21,58,14,1,2.02,0,3.03,0,0.004043,0.010398,9,6,0,1
1,3.28866,10,8,39,3,4,0,3,33,8,0,2.05,0.007742,2.08,1,0.006855,0.004949,51,2,1.25,1
6,8.72787,31,3,129,15,2,0,105,34,3,7,2.02,0.043102,5.06,6,0,0.013302,37,7,5.95,1
1,0.792859,7,3,37,6,2,0,15,22,3,3,0,0.012267,0,1,0.03059,0,14,6,1.02,1
9,10.2371,334,2,1040,32,1,1,496,184,3,19,1.01,0.108996,3.03,9,0.03059,0.010398,9,5,7.69,1
0,1.64243,38,0,72,2,1,0,1,45,0,0,1.01,0.003252,3.03,0,0.001313,0.010398,9,2,0,1
3,4.85274,8,1,30,4,3,6,6,14,7,2,4.07,0.049631,3.03,3,0.02301,0.02032,16,3,2.04,0
2,1.15014,1,0,3,7,1,2,21,7,2,1,0,0.02073,0,2,0,0,9,0,0,1
0,1.64243,10,2,32,10,2,6,45,19,8,1,3.06,0.003252,5.08,0,0.03059,0.039276,31,10,1.14,1
1,1.35264,41,1,265,6,2,0,15,23,1,7,0,0.035057,0,1,0,0,35,1,0,1
1,3.2211,12,3,44,5,1,3,10,14,6,6,0,0.005289,3.03,1,0,0.010398,9,0,0,1
3,6.7985,12,10,97,7,2,1,21,50,10,7,3.04,0.012109,3.06,3,0.005057,0.010398,24,7,1.03,1
1,0.792859,0,0,0,4,1,1,6,4,1,0,0,0.012267,0,1,0,0,9,0,0,1
1,3.23668,7,4,19,4,3,6,6,12,10,1,4.05,0.004716,4.12,1,0.001195,0.038159,49,3,2.09,1
3,4.85875,3,2,9,4,2,1,6,9,3,5,0,0.105557,3.03,3,0,0.011106,35,3,1.03,1
1,1.23499,18,8,55,8,4,0,28,41,8,4,0,0.00634,1.01,1,0,0.027761,64,7,0,1
1,4.40689,3,8,26,2,3,1,1,19,9,1,3.03,0.036837,3.03,1,0.02407,0.010398,12,2,1.02,1
4,4.52366,44,12,204,4,1,2,6,92,14,1,2.03,0.014082,2.02,4,0.005496,0.00831,9,3,3.29,1
2,3.41583,6,3,22,5,4,0,10,12,3,1,0,0.011663,3.09,2,0,0.036071,64,4,0,1
1,3.03811,10,12,50,7,1,2,21,36,14,4,1.01,0.055918,2.02,1,0,0.00831,9,7,1.09,1
1,1.35264,262,1,1501,34,2,0,561,137,1,4,0,0.035057,0,1,0,0,35,1,0,1
4,12.5926,7,2,22,13,1,27,78,17,29,2,12.16,0.030253,3.06,4,0.03059,0.010398,18,13,2.07,0
0,1.64243,1,0,3,2,2,1,1,2,1,0,0,0.003252,3.03,0,0,0.010398,26,2,0,1
0,1.43177,6,2,47,6,1,2,15,20,4,2,0,0.001468,3.03,0,0,0.010398,9,0,0,1
3,4.00726,24,3,90,3,1,5,3,29,8,5,2.02,0.089233,7.14,3,0,0.041644,27,2,1.03,1
1,1.35264,98,1,540,12,2,0,66,59,1,11,0,0.035057,0,1,0,0,35,1,0,1
2,1.38982,20,5,63,8,1,2,28,31,6,4,0,0.013912,0,2,0,0,16,8,1.03,1
6,4.73438,11,4,31,12,1,15,66,28,19,0,4.07,0.070693,0,6,0.011413,0,12,12,4.18,1
0,2.67407,1,0,3,1,1,1,0,1,1,0,0,0.004457,7.14,0,0,0.041644,27,1,0,1
0,1.03163,2,0,9,3,1,2,3,4,2,8,0,0.001205,3.03,0,0,0.010398,9,3,0,1
1,0.792859,7,2,32,5,2,1,10,9,3,4,0,0.012267,0,1,0,0,13,5,0,1
0,1.97962,44,2,216,3,3,2,3,8,4,2,2.02,0.002187,5.05,0,0.00339,0.024375,16,3,5.82,1
13,18.28,39,5,189,23,1,3,253,84,8,10,8.1,0.099443,3.03,13,0.004914,0.010398,9,19,4.09,1
1,3.28866,6,0,18,6,3,0,15,6,0,0,0,0.007742,4.12,1,0,0.037859,55,6,0,1
0,2.58836,3,2,10,3,2,0,3,5,2,0,0,0.006074,2.03,0,0,0.004949,39,2,0,1
4,6.47189,58,26,319,10,2,0,45,165,26,3,0,0.067137,3.03,4,0,0.010398,12,4,1.02,1
11,5.94911,58,6,258,17,2,1,136,79,6,10,0,0.028154,2.02,11,0,0.007363,15,14,6.05,1
0,2.42975,4,4,19,2,3,1,1,13,5,1,0,0.004481,3.03,0,0,0.010398,12,2,0,1
3,5.70339,31,6,93,21,1,37,210,54,43,7,6.1,0.017826,2.04,3,0.001763,0.00831,18,15,2.17,1
2,5.55317,18,1,46,4,1,1,6,22,2,3,3.03,0.06007,3.06,2,0,0.010398,18,4,2.36,1
1,1.23854,3,5,16,3,3,0,3,14,5,1,0,0.051922,0,1,0,0,36,1,0,1
3,4.90018,6,4,18,4,2,1,6,10,5,2,3.05,0.012112,5.18,3,0.001978,0.01144,33,2,2.98,1
1,0.60098,3,2,9,3,2,1,3,9,3,1,0,0.003885,0,1,0,0,50,3,0,1
1,3.66829,4,2,14,4,2,1,6,11,3,1,0,0.056403,3.03,1,0,0.010398,11,4,0,1
7,9.10209,20,2,68,8,2,3,28,16,5,8,3.03,0.027211,6.18,7,0.003733,0.014727,42,6,2.4,1
1,1.25985,12,7,66,3,1,1,3,40,8,4,0,0.036499,0,1,0,0,9,2,0,1
0,1.03163,217,3,604,20,1,1,190,103,4,19,0,0.001205,3.03,0,0,0.010398,9,5,0,1
4,4.10964,32,4,98,10,1,1,45,34,5,4,1.03,0.01719,1.1,4,0.003733,0.003391,0,6,1.04,0
1,1.35264,162,1,919,12,2,0,66,104,1,14,0,0.035057,0,1,0,0,35,1,0,1
2,5.96744,4,2,24,4,4,2,6,9,4,2,0,0.018997,4.07,2,0,0.011467,50,4,0,0
0,2.67407,19,9,63,7,3,1,21,40,10,5,0,0.004457,3.06,0,0,0.010398,44,4,0,1
3,4.42816,10,2,40,3,3,0,3,23,2,2,1.01,0.088681,3.03,3,0.00273,0.02032,16,3,1.11,1
1,0.792859,1,0,3,6,1,2,15,6,2,1,0,0.012267,0,1,0,0,9,0,0,1
3,6.78032,9,3,32,4,2,2,6,10,5,3,2.02,0.080572,3.03,3,0,0.010398,11,3,1.07,1
0,0,5,0,19,2,1,2,1,2,2,3,0,0,3.03,0,0,0.010398,9,1,1.01,1
2,1.54522,22,5,96,11,2,2,55,25,7,7,1.01,0.027315,1.01,2,0,0.004518,15,3,1.26,1
3,4.88853,4,0,9,2,2,2,1,5,2,1,1.01,0.060395,4.14,3,0,0.011007,19,2,0,1
2,5.27155,16,3,83,8,2,1,28,34,4,8,0,0.059968,3.03,2,0,0.008406,24,7,1.01,1
2,7.3729,4,0,12,6,1,50,15,9,50,1,11.47,0.017639,3.03,2,0,0.010398,9,4,2.12,0
0,1.64243,0,0,0,0,1,0,0,0,0,5,0,0.003252,3.03,0,0,0.010398,9,0,0,1
3,5.15836,8,2,20,5,2,10,10,14,12,1,2.03,0.021792,3.06,3,0,0.010398,29,4,0,1
1,1.26735,1,1,11,1,3,2,0,3,3,2,0,0.012094,0,1,0,0,22,1,0,1
6,10.68,10,6,48,9,2,6,36,24,12,6,4.07,0.074745,3.06,6,0.005716,0.010398,15,9,4.38,1
6,8.8814,7,5,22,6,2,8,15,15,13,0,4.07,0.063816,3.09,6,0,0.010398,39,5,1.02,1
0,0,3,4,13,2,2,0,1,8,4,2,2.02,0,3.06,0,0.005716,0.010398,15,2,0,1
5,2.69376,4,1,10,3,2,6,3,5,7,0,5.05,0.010337,1.01,5,0,0.005149,11,3,0,1
1,3.85212,2,0,7,2,1,6,1,3,6,19,0,0.055213,3.03,1,0,0.010398,9,1,0,1
4,5.56724,10,6,70,5,1,2,10,35,8,3,1.03,0.014013,2.02,4,0.001763,0.00831,9,5,3.2,1
1,3.28866,9,7,45,5,3,1,10,33,8,1,3.06,0.007742,2.07,1,0.010588,0.004949,46,4,1.25,1
1,2.99922,164,4,312,22,1,1,231,157,5,8,3.03,0.009026,3.03,1,0.007776,0.010398,9,8,1.01,1
0,0,10,4,29,4,3,2,6,10,6,2,2.02,0,5.05,0,0.02301,0.024375,16,4,2.04,1
1,1.18716,12,2,36,2,4,0,1,14,2,0,0,0.010376,1.01,1,0,0.01201,24,1,0,1
1,3.67974,28,9,85,9,3,0,36,27,9,10,2.02,0.008335,4.04,1,0.003144,0.013377,17,6,1.02,1
1,3.28866,2,0,6,2,4,0,1,2,0,0,1.02,0.007742,4.21,1,0.001763,0.037859,64,2,1.12,1
1,4.12294,4,2,14,4,1,4,6,11,6,1,1.01,0.057371,3.03,1,0,0.010398,10,4,1.03,1
2,4.2341,4,3,14,2,3,0,1,10,3,1,1.01,0.038533,5.05,2,0.00273,0.024375,16,2,2.03,1
2,5.27595,2,0,5,2,3,0,1,3,0,1,1.03,0.010726,8.12,2,0.000659,0.027347,29,1,2.1,0
3,5.5234,37,5,128,11,1,3,55,39,8,16,2.03,0.031898,3.03,3,0.001059,0.010398,16,6,3.9,1
2,9.97613,7,7,25,5,3,6,10,19,13,1,1.01,0.015043,4.19,2,0.03059,0.038159,49,4,2.26,1
1,1.23854,3,3,13,2,2,0,1,8,3,0,0,0.051922,0,1,0,0,39,2,0,1
0,0,4,4,31,3,1,2,3,19,6,1,0,0,3.03,0,0,0.010398,9,3,0,1
0,0,58,3,171,8,1,1,28,123,4,2,0,0,3.03,0,0,0.010398,9,1,0,1
1,2.55041,2,15,51,2,1,0,1,27,15,0,0,0.053311,3.03,1,0,0.010398,9,2,0,1
1,1.17486,3,3,13,2,1,2,1,5,5,2,0,0.003618,2.02,1,0,0.00831,9,2,0,1
10,23.8003,46,8,149,21,2,30,210,94,36,5,10.15,0.119711,3.09,10,0.002371,0.010398,39,20,3.13,1
0,2.94415,14,1,38,9,2,8,36,18,9,2,2.03,0.005154,3.03,0,0,0.010398,15,6,0,1
1,0.60098,5,1,22,3,1,1,3,7,2,3,0,0.003885,2.06,1,0,0.00831,29,2,0,1
1,2.49732,2,0,5,2,1,0,1,2,0,0,0,0.053226,3.03,1,0,0.010398,10,2,0,1
1,1.35264,479,1,2864,42,2,0,861,312,1,34,0,0.035057,0,1,0,0,35,1,0,1
0,2.67407,4,1,13,2,1,3,1,12,4,0,0,0.004457,3.03,0,0,0.010398,9,2,0,1
6,3.38172,0,0,0,2,1,1,1,2,1,0,0,0.01522,1.01,6,0,0.005149,9,0,0,1
5,9.12701,22,7,147,6,1,4,15,52,11,6,3.04,0.060772,3.03,5,0.004299,0.010398,9,4,2.17,1
1,0.792859,0,0,0,2,1,1,1,2,1,0,0,0.012267,0,1,0,0,9,0,0,1
1,3.28866,6,1,23,6,1,10,15,12,11,3,2.07,0.007742,2.02,1,0.001763,0.00831,9,5,3.11,1
1,2.82217,3,3,12,3,2,71,3,8,74,0,23.43,0.006996,3.06,1,0.00273,0.010398,15,3,1.09,1
0,0,2,0,13,2,1,4,1,3,4,8,0,0,0,0,0,0,9,2,0,1
2,2.35,0,0,0,1,2,1,0,1,1,0,0,0.009963,3.05,2,0,0.01129,21,1,0,1
0,1.45008,5,4,86,4,1,1,6,12,5,2,1.01,0.002148,3.06,0,0,0.010398,18,4,0,1
0,2.29636,4,0,14,2,2,5,1,4,5,2,3.04,0.013768,4.14,0,0,0.011007,19,2,0,1
1,0.788836,6,1,17,3,1,1,3,7,2,9,0,0.010028,0,1,0,0,9,2,1.05,0
2,5.42599,1,0,4,1,2,1,0,1,1,1,1.01,0.058268,3.06,2,0,0.010398,21,0,0,1
5,4.9693,56,26,269,11,1,1,55,144,27,5,1.01,0.103994,0,5,0.004723,0,9,5,2.04,1
2,4.01909,2,2,10,2,3,4,1,4,6,1,1.03,0.089419,2.02,2,0,0.017159,16,2,1.01,1
0,1.64243,0,0,0,0,1,0,0,0,0,1,0,0.003252,3.03,0,0,0.010398,9,0,0,1
11,13.5448,24,3,98,13,2,9,78,34,12,7,6.1,0.077401,4.11,11,0.003803,0.009344,24,10,4.38,1
1,0.792859,8,3,32,5,2,2,10,12,5,7,0,0.012267,0,1,0,0,11,3,0,1
3,4.66519,51,7,151,16,2,1,120,80,7,10,2.02,0.09934,4.05,3,0.00542,0.021972,16,9,1.2,1
6,7.52307,27,12,163,4,1,1,6,43,13,5,4.07,0.028488,3.03,6,0.006915,0.010398,9,2,6.07,1
1,4.04759,6,4,35,2,2,0,1,12,4,2,0,0.00828,3.03,1,0,0.010398,15,2,0,1
1,4.12294,4,2,14,4,1,3,6,11,5,1,1.01,0.057371,3.03,1,0,0.010398,10,4,1.03,1
1,2.82217,3,3,12,3,2,44,3,8,47,0,8.12,0.006996,3.06,1,0.00273,0.010398,15,3,1.09,1
0,1.64243,2,1,7,1,4,0,0,3,1,0,0,0.003252,13.41,0,0,0.05882,80,1,0,1
1,0.792859,0,0,0,4,1,2,6,4,2,0,0,0.012267,0,1,0,0,9,0,0,1
0,2.67407,8,4,29,4,3,2,6,15,6,0,0,0.004457,3.06,0,0,0.010398,47,4,0,1
0,1.31187,19,2,75,14,1,1,91,24,3,6,0,0.001388,5.07,0,0,0.023042,21,13,0,1
1,0.792859,5,5,26,5,2,1,10,14,6,7,0,0.012267,0,1,0,0,13,4,0,1
0,0,2,4,11,2,2,0,1,7,4,3,0,0,0,0,0,0,15,2,0,1
0,1.43177,24,8,183,10,1,4,45,73,12,7,0,0.001468,3.03,0,0,0.010398,9,0,1.02,1
1,2.86107,29,3,115,16,1,1,120,33,4,4,1.01,0.005575,3.03,1,0.003144,0.010398,9,12,0,1
1,1.23854,3,2,11,2,2,0,1,5,2,0,0,0.051922,0,1,0,0,39,2,0,1
1,2.88097,2,3,26,2,1,3,1,10,6,0,0,0.055174,3.03,1,0,0.010398,9,1,0,1
3,4.23089,11,9,66,5,2,0,10,41,9,4,0,0.017526,3.03,3,0,0.010213,33,3,2.1,1
2,4.08464,2,2,7,2,3,0,1,4,2,0,0,0.010541,3.06,2,0,0.006006,42,2,1.03,1
3,6.26449,21,11,137,12,1,5,66,67,15,8,2.03,0.063472,3.09,3,0.00283,0.010398,32,6,1.01,1
10,8.56136,14,6,53,5,2,2,10,28,8,1,3.03,0.022202,3.03,10,0.004493,0.010398,13,3,3.13,1
2,3.00249,40,5,154,16,1,3,120,57,8,12,1.01,0.013489,2.02,2,0,0.00831,9,14,1.14,1
0,1.25878,29,15,199,12,1,1,66,69,16,10,2.02,0.001304,0,0,0.00542,0,0,11,1.05,1
1,1.35264,51,1,345,7,2,0,21,32,1,8,0,0.035057,0,1,0,0,35,1,0,1
1,1.35264,206,1,1131,17,2,0,136,127,1,17,0,0.035057,0,1,0,0,35,1,0,1
1,4.65286,4,6,52,4,1,1,6,25,7,1,1.01,0.057135,3.03,1,0.00273,0.010398,9,3,0,1
0,0,4,3,15,2,3,2,1,8,5,1,0,0,0,0,0,0,16,1,0,1
3,10.4552,29,7,170,11,3,10,55,59,17,2,4.05,0.045984,4.1,3,0.001313,0.021972,44,11,3.41,0
0,0,12,4,33,5,3,1,10,13,5,2,2.02,0,5.05,0,0.02301,0.024375,16,5,1.01,1
7,4.8362,10,4,38,7,2,2,21,23,6,7,3.03,0.066661,3.03,7,0.009448,0.010213,33,4,3.09,1
1,3.14666,11,2,49,3,1,1,3,17,3,0,0,0.054023,3.03,1,0,0.010398,10,3,0,1
3,3.78532,7,1,23,8,2,4,28,13,5,1,1.01,0.060428,2.04,3,0.000976,0.00831,23,8,1.02,1
0,5.25817,8,0,24,8,1,1,28,8,1,4,0,0.01315,3.03,0,0,0.010398,9,8,0,1
0,1.64243,3,1,11,2,2,0,1,3,1,0,0,0.003252,4.04,0,0,0.012964,19,0,0,1
0,0,6,4,18,4,3,1,6,12,5,2,0,0,0,0,0,0,24,2,0,1
0,2.99495,4,4,19,2,3,1,1,14,5,1,1.01,0.0053,3.03,0,0.001313,0.010398,12,2,0,1
2,4.46352,1,3,24,1,2,0,0,14,3,0,2.04,0.01136,3.12,2,0.005496,0.010098,23,0,1.26,1
2,6.08433,9,1,30,6,2,2,15,13,3,2,3.03,0.011362,3.06,2,0.00106,0.010398,15,6,2.13,1
1,1.50087,64,13,268,21,1,1,210,160,14,11,0,0.041747,0,1,0,0,48,14,0,1
3,10.4963,13,7,36,10,3,20,45,33,27,1,9.13,0.046183,4.1,3,0,0.021972,44,10,3.59,1
0,8.85763,23,7,84,12,1,99,66,49,103,1,16.47,0.012153,3.09,0,0,0.010398,27,11,0,1
7,16.2091,17,3,49,6,3,11,15,13,14,0,9.21,0.111507,7.96,7,0.022652,0.029353,104,6,5.21,0
0,4.11562,12,3,23,6,1,1,15,14,4,1,0,0.006748,3.03,0,0,0.010398,12,6,0,1
2,2.76873,17,3,57,4,1,2,6,26,5,5,0,0.037311,7.14,2,0,0.041644,27,2,0,1
2,5.30545,9,0,28,6,3,10,15,14,10,2,3.07,0.095268,1.01,2,0.020279,0.005149,16,6,2.1,1
1,2.88097,13,4,44,3,1,2,3,26,6,2,1.01,0.055174,3.03,1,0.001313,0.010398,9,1,0,1
1,2.99256,9,0,26,3,2,1,3,3,1,3,0,0.007056,3.03,1,0,0.010398,31,3,0,1
1,4.7258,24,8,168,10,1,4,45,72,12,7,0,0.057847,3.03,1,0,0.010398,9,0,1.04,1
1,3.85212,2,16,53,2,1,0,1,27,16,0,0,0.055213,3.03,1,0,0.010398,9,2,0,1
0,0,0,0,0,2,1,2,1,2,2,0,0,0,0,0,0,0,9,0,0,1
15,19.4885,67,7,267,26,2,3,325,156,10,9,4.05,0.071681,13.25,15,0.013756,0.05882,58,20,7.63,1
0,2.60998,8,1,25,1,1,1,0,7,2,0,0,0.006416,3.03,0,0,0.010398,10,1,0,1
0,2.67407,19,2,75,14,1,1,91,24,3,6,0,0.004457,4.05,0,0,0.011467,19,13,0,1
1,1.35264,4,2,9,3,4,1,3,6,3,0,0,0.035057,1.03,1,0,0.027761,80,1,0,1
2,2.62836,43,17,226,17,1,5,136,128,20,8,2.02,0.065835,0,2,0.00604,0,18,10,1.59,1
2,7.70696,47,12,206,4,1,0,6,78,12,0,4.05,0.023586,3.03,2,0.009826,0.010398,9,3,3.94,1
2,5.06827,4,10,37,2,1,1,1,22,11,1,2.02,0.088151,3.03,2,0.02301,0.010398,10,2,1.02,1
0,0,8,4,38,2,3,1,1,10,5,2,2.02,0,5.05,0,0.02301,0.024375,16,2,1.01,1
4,8.939,32,2,115,11,3,1,55,64,3,4,3.03,0.075733,4.04,4,0.00729,0.013377,17,7,2.08,1
0,2.52248,244,23,822,47,1,1,1081,284,24,37,1.01,0.002712,3.03,0,0.00273,0.010398,9,30,0,1
0,4.06683,12,6,35,7,3,1,21,25,7,2,0,0.006276,3.06,0,0,0.010398,44,6,0,1
2,4.70954,27,5,126,6,1,13,15,56,18,8,7.09,0.01246,3.03,2,0.001313,0.010398,9,5,2.25,1
1,1.18032,10,1,45,6,1,1,15,10,2,4,1.01,0.010886,0,1,0,0,9,6,0,1
0,1.64243,5,3,16,3,2,2,3,8,5,0,0,0.003252,4.04,0,0,0.012964,19,0,0,1
3,4.35401,50,25,469,18,1,3,153,277,27,10,2.02,0.128742,0,3,0.020279,0,9,17,2.12,0
5,3.17313,2,2,13,2,1,1,1,4,3,6,1.14,0.031317,0,5,0,0,9,1,6.66,0
0,1.64243,2,0,12,2,1,2,1,2,2,4,0,0.003252,3.03,0,0,0.010398,9,0,0,1
0,4.11562,11,3,22,5,1,0,10,12,3,1,0,0.006748,3.03,0,0,0.010398,12,5,0,1
3,4.10317,8,2,32,3,3,1,3,13,3,5,1.01,0.086961,4.04,3,0.00273,0.022288,16,2,1.03,0
0,0,3,5,19,1,1,0,0,7,5,0,0,0,3.03,0,0,0.010398,10,1,0,1
1,1.35264,116,1,644,8,2,0,28,63,1,12,0,0.035057,0,1,0,0,35,1,0,1
0,0,14,1,66,4,3,2,6,15,3,9,0,0,4.05,0,0,0.012366,16,2,1.02,1
2,2.40151,13,7,60,7,1,2,21,25,9,6,1.01,0.009604,2.02,2,0,0.00831,9,6,1.16,1
2,7.83578,18,6,98,12,3,7,66,31,13,2,5.06,0.041286,4.1,2,0,0.021972,44,12,2.18,1
1,5.48549,39,9,166,14,1,20,91,71,29,0,6.06,0.019629,3.03,1,0.006733,0.010398,9,13,1.04,1
2,3.69563,10,2,79,6,2,4,15,18,6,11,2.03,0.037238,2.02,2,0,0.00831,15,0,2.08,1
1,3.05437,20,7,81,9,1,1,36,47,8,2,3.03,0.034789,3.03,1,0.02407,0.010398,15,8,1.01,1
0,0,5,4,19,3,2,1,3,14,5,3,3.03,0,3.06,0,0.007029,0.010398,15,3,0,1
2,2.6029,4,1,16,2,2,1,1,3,2,0,0,0.005742,4.04,2,0,0.012964,19,0,1.05,1
2,7.36559,10,11,58,2,1,1,1,29,12,5,5.1,0.093312,3.03,2,0.029742,0.010398,10,2,3.38,1
2,7.22218,21,13,88,9,3,3,36,44,16,4,2.03,0.014772,4.12,2,0.031902,0.038159,49,8,2.1,1
0,0,48,13,176,15,1,3,105,74,16,7,6.1,0,3.03,0,0.009437,0.010398,9,9,8.79,1
11,11.4058,27,6,185,10,1,4,45,78,10,10,3.04,0.106372,3.03,11,0.002955,0.010398,9,0,9.89,1
0,1.31187,301,3,947,32,1,1,496,167,4,19,0,0.001388,3.03,0,0,0.010398,9,5,0,1
0,1.43177,21,8,102,14,2,1,91,63,9,5,0,0.001468,8.12,0,0,0.027347,27,14,0,1
0,2.67407,2,2,7,2,3,1,1,4,3,0,0,0.004457,3.06,0,0,0.010398,45,2,0,1
2,2.76004,4,3,19,2,4,0,1,6,3,2,1.01,0.037532,1.01,2,0.020279,0.005149,22,2,0,1
1,6.50047,4,5,17,3,2,1,3,12,6,2,2.04,0.011607,3.06,1,0.03332,0.010398,15,3,1.11,1
1,2.83909,10,5,51,2,1,1,1,19,6,6,2.02,0.007953,3.03,1,0.005046,0.010398,9,2,0,1
11,11.9647,18,5,64,18,1,69,153,35,74,2,23.5,0.119783,3.03,11,0.008112,0.010398,9,17,7.8,0
1,3.28866,5,0,18,5,1,7,10,5,7,4,0,0.007742,2.02,1,0,0.00831,9,5,0,1
3,3.46561,10,2,45,3,3,1,3,17,3,7,1.01,0.038924,4.04,3,0.00273,0.022288,16,2,0,0
2,2.6029,33,7,107,13,3,1,78,44,8,9,0,0.005742,4.04,2,0,0.013377,17,6,1.05,1
2,4.08464,2,2,7,2,4,0,1,4,2,0,0,0.010541,3.08,2,0,0.006006,44,2,1.03,1
1,2.5984,79,1,225,1,1,1,0,2,2,3,0,0.053425,3.03,1,0,0.010398,9,1,0,1
0,1.64243,36,4,135,12,3,2,66,51,6,11,2.02,0.003252,3.03,0,0.001313,0.010398,24,4,0,1
1,1.17515,0,0,0,4,1,26,6,4,26,0,3.05,0.006345,0,1,0,0,9,4,0,1
0,1.43177,40,12,188,13,1,0,78,80,12,19,2.02,0.001468,3.03,0,0.005979,0.010398,9,2,0,1
3,3.6986,3,2,11,3,2,0,3,9,2,1,0,0.061516,3.05,3,0,0.01129,21,3,1.04,1
4,9.68386,28,9,90,11,2,20,55,54,28,5,10.12,0.130155,3.09,4,0.001313,0.010398,39,10,1.18,1
8,9.37718,13,2,62,8,3,1,28,24,3,14,3.28,0.061982,4.05,8,0.001759,0.012366,16,7,5.44,0
24,25.5769,60,15,332,16,1,3,120,119,17,11,6.1,0.172332,3.03,24,0.055021,0.010398,9,0,14.17,0
0,0,6,3,30,5,2,1,10,11,4,8,0,0,0,0,0,0,11,0,0,1
2,4.52366,4,3,16,4,2,0,6,10,3,1,2.02,0.014082,2.03,2,0.004754,0.004949,39,4,1.07,1
81,39.6054,484,28,2630,126,1,66,7875,908,91,59,37.57,0.242303,3.03,81,0.05365,0.010398,9,55,60.56,0
2,2.74289,4,5,32,3,1,2,3,12,7,7,0,0.005624,3.03,2,0,0.010398,9,3,0,1
0,2.99495,2,4,19,2,3,1,1,8,5,1,0,0.0053,3.03,0,0,0.010398,12,2,0,1
2,4.50602,3,2,9,3,3,0,3,6,2,0,4.07,0.008537,5.13,2,0.000845,0.014314,27,3,1.31,1
4,8.43595,23,4,97,14,2,4,91,41,8,5,3.04,0.028819,8.12,4,0,0.027347,27,14,1.01,1
0,2.67407,7,3,18,6,1,1,15,12,4,2,0,0.004457,3.03,0,0,0.010398,9,5,0,1
1,1.29819,4,1,18,4,1,2,6,8,3,0,0,0.006035,1.01,1,0,0.005149,9,4,0,1
3,4.2341,11,2,32,2,3,10,1,8,12,2,3.04,0.038533,5.05,3,0.00273,0.024375,16,2,2.02,1
3,8.08193,3,1,10,3,2,4,3,5,5,1,2.03,0.056707,4.04,3,0,0.012366,13,2,1.04,0
8,11.1794,12,4,30,8,2,7,28,16,11,1,4.06,0.074991,3.09,8,0,0.010398,39,7,2.07,1
1,10.3086,14,3,37,10,1,16,45,17,18,2,9.09,0.016314,3.06,1,0.00106,0.010398,18,10,1.15,1
1,3.81886,6,2,45,6,1,2,15,20,4,2,0,0.056466,3.03,1,0,0.010398,9,0,0,1
1,1.09884,1,0,3,1,1,5,0,1,5,0,2.02,0.002528,5.07,1,0,0.038662,27,1,0,1
1,1.45269,7,4,26,6,1,0,15,15,4,3,0,0.003502,2.02,1,0,0.00831,13,4,0,1
1,1.17515,16,0,73,5,2,2,10,7,2,8,0,0.006345,0,1,0,0,13,4,0,1
0,4.31109,0,0,0,2,1,18,1,2,18,0,5.07,0.010414,3.03,0,0,0.010398,9,2,0,1
1,7.41088,20,12,76,10,2,13,45,44,24,2,2.12,0.010159,3.09,1,0.03059,0.010398,39,8,1.32,1
0,0,3,4,14,3,2,0,3,10,4,3,2.02,0,3.06,0,0.005716,0.010398,15,3,0,1
0,0,2,2,7,2,2,0,1,4,2,0,0,0,3.06,0,0,0.010398,15,2,0,1
2,4.83343,21,7,102,14,2,1,91,64,8,5,0,0.059179,8.12,2,0,0.027347,27,14,0,1
0,0,5,0,16,5,1,4,10,5,4,2,1.01,0,3.03,0,0,0.010398,9,5,0,1
1,0.792859,0,0,0,5,1,2,10,5,2,0,0,0.012267,0,1,0,0,9,0,0,1
1,3.28866,9,3,28,9,3,0,36,13,3,1,1.01,0.007742,4.12,1,0.001763,0.037859,55,9,1.1,1
1,3.81886,16,5,88,8,2,1,28,35,6,5,0,0.056466,5.08,1,0,0.01379,33,7,0,1
0,0,4,1,25,2,2,1,1,3,2,2,0,0,3.03,0,0,0.010398,11,2,0,1
4,5.52249,3,1,9,3,2,8,3,4,9,1,3.08,0.044665,4.04,4,0,0.012366,13,2,1.03,1
1,4.92899,3,4,32,2,1,0,1,14,4,0,0,0.009014,3.03,1,0,0.010398,9,1,1.01,1
0,0,0,0,0,2,1,2,1,2,2,0,0,0,0,0,0,0,9,0,0,1
1,3.28866,6,5,19,4,2,0,6,14,5,2,1.01,0.007742,2.03,1,0.001763,0.004949,39,4,1.03,1
1,0.60098,15,3,71,4,1,1,6,47,4,4,1.01,0.003885,0,1,0.004292,0,9,0,0,1
15,17.9349,58,10,313,15,1,3,105,73,13,15,4.06,0.09447,3.06,15,0.005624,0.010398,18,1,10.4,1
1,1.22665,4,3,33,2,1,0,1,16,3,1,0,0.005986,1.01,1,0,0.005149,9,2,0,1
1,3.28866,6,6,40,3,3,0,3,28,6,0,3.05,0.007742,2.07,1,0.010588,0.004949,46,2,1.26,1
2,3.30197,10,6,40,7,3,1,21,24,7,1,0,0.073247,3.05,2,0,0.01129,22,7,0,1
3,13.4571,54,7,85,15,3,5,105,49,12,6,2.04,0.099344,4.19,3,0.031902,0.038159,49,13,1.2,0
1,1.35264,155,1,866,12,2,0,66,92,1,13,0,0.035057,0,1,0,0,35,1,0,1
0,0,26,2,140,2,3,1,1,8,3,9,3.03,0,4.05,0,0.007475,0.012366,16,2,1.01,1
0,1.43177,68,17,285,32,1,1,496,105,18,22,9.09,0.001468,3.03,0,0.036706,0.010398,9,28,2.08,1
1,1.09884,1,0,3,1,1,1,0,1,1,0,0,0.002528,5.07,1,0,0.038662,27,1,0,1
