numberOfNonTrivialBugsFoundUntil:,CvsEntropy,ck_oo_wmc,ck_oo_fanOut,ck_oo_numberOfLinesOfCode,ck_oo_numberOfMethods,ck_oo_dit,ck_oo_fanIn,ck_oo_lcom,ck_oo_rfc,WCHU_fanOut,ck_oo_cbo,WCHU_rfc,ck_oo_numberOfAttributes,ck_oo_numberOfPrivateAttributes,WCHU_cbo,WCHU_numberOfMethodsInherited,numberOfBugsFoundUntil:,ck_oo_numberOfMethodsInherited,ck_oo_numberOfPublicMethods,WCHU_numberOfLinesOfCode,class
2,6.6749,9,3,36,7,3,5,21,19,3.04,8,4.14,3,2,2.02,2.2,4,14,6,4.28,1
0,0,10,7,50,6,4,1,15,30,0,8,0,1,0,0,0,1,51,3,0,1
7,19.4361,34,17,188,12,2,1,66,86,1.02,18,3.12,3,3,1.02,1.01,8,14,2,5.44,1
3,17.9064,27,10,160,8,1,0,28,56,2.02,10,5.17,4,4,3.08,0,5,0,6,6.39,0
3,17.0697,32,9,120,21,1,19,210,55,3.05,24,7.42,9,6,6.09,0,7,0,18,8.66,1
3,11.5477,53,11,282,21,1,5,210,130,3.04,15,3.16,10,10,3.04,1.01,5,6,9,6.46,0
9,17.2611,28,11,115,11,1,0,55,60,2.05,11,6.25,5,5,3.04,0,12,0,7,6.64,0
1,3.19695,3,1,9,3,2,0,3,5,0,1,0,0,0,0,0,1,6,3,0,1
0,4.22329,36,7,112,7,2,1,21,42,0,8,0,0,0,0,1.01,0,29,2,2.18,1
0,1.76682,4,1,16,3,1,1,3,7,0,2,0,1,1,0,0,0,0,1,0,1
0,1.77712,2,1,15,2,1,1,1,4,0,2,0,0,0,0,1.01,0,7,2,0,1
1,5.70432,3,5,17,2,2,1,1,10,1.01,6,1.01,1,1,1.01,0,1,4,1,0,0
2,3.1496,5,4,20,2,2,1,1,10,2.02,5,1.01,0,0,2.02,1.03,2,3,2,1.01,1
0,8.14056,60,14,191,24,5,2,276,116,3.03,16,1.01,9,9,3.03,2.07,0,90,22,1.01,1
1,9.57998,30,14,233,13,3,1,78,84,4.07,15,4.35,9,9,4.07,3.04,4,21,4,6.99,0
5,12.2306,22,6,98,12,1,5,66,39,3.06,11,3.35,5,3,4.1,0,8,0,9,8.13,1
0,3.11109,2,3,7,2,3,2,1,5,0,5,0,2,2,1.01,1.06,1,39,2,1.01,1
1,4.02695,1,0,3,2,2,0,1,2,0,0,0,0,0,2.02,1.01,1,18,1,0,0
1,19.1174,6,1,25,7,1,17,21,14,2.02,18,4.1,2,2,9.18,0,3,0,4,5.39,1
9,25.1599,53,10,199,29,2,9,406,126,11.22,17,16.41,6,1,12.22,2.03,11,3,4,20.01,0
2,5.77294,10,7,53,6,2,0,15,37,0,7,0,1,0,0,4.06,2,32,2,1.01,0
0,7.26892,30,12,84,9,1,1,36,62,1.02,13,1.06,3,2,1.02,1.01,0,6,2,2.07,1
0,9.37455,15,4,58,8,3,2,28,27,0,6,1.01,5,5,1.01,1.01,1,23,8,1.08,1
0,6.42599,10,8,36,8,2,4,28,36,0,12,0,1,0,1.01,1.01,0,20,8,1.05,1
1,5.98276,4,1,12,4,5,0,6,6,0,1,0,1,1,0,2.03,1,16,3,0,1
1,5.65358,3,0,7,3,1,0,3,3,0,0,0,0,0,0,1.01,1,6,3,1.02,1
1,4.77474,14,4,136,8,1,1,28,44,0,5,0,5,5,0,0,1,0,2,2.15,1
5,11.5775,92,29,482,29,5,2,406,200,2.11,30,5.09,15,15,2.1,4.35,7,75,7,7.32,1
0,6.41569,3,1,20,2,1,0,1,8,0,1,0,0,0,0,0,0,0,2,1.02,1
2,16.1857,5,5,41,5,1,1,10,19,2.02,6,4.1,4,4,2.02,0,2,0,1,4.3,1
1,4.50833,5,0,15,6,1,1,15,6,0,1,0,2,2,1.01,1.01,1,6,5,0,1
2,5.82803,9,8,80,2,1,1,1,38,0,9,2.04,0,0,0,0,4,7,2,3.18,1
8,19.2704,65,13,250,23,1,4,253,140,3.05,17,8.59,5,3,6.07,1.05,9,30,10,10.14,1
3,4.0222,4,1,38,3,1,0,3,9,1.01,1,1.03,1,1,1.01,0,3,0,1,2.08,0
0,3.05459,10,2,55,7,1,2,21,25,0,4,0,3,2,0,0,1,0,2,0,1
1,12.8088,15,4,47,5,2,0,10,25,3.04,4,3.06,0,0,3.04,2.02,2,7,1,3.07,1
2,8.4335,68,6,230,29,1,20,406,129,1.01,26,1.12,5,5,13.15,1.01,3,6,21,4.39,1
2,4.3791,30,5,226,12,1,1,66,53,1.04,6,2.28,13,11,1.04,0,3,0,1,4.14,1
1,9.58809,13,6,44,5,2,0,10,28,1.01,6,3.25,0,0,1.01,2.02,2,7,1,4.38,1
2,8.24327,13,3,152,12,1,1,66,47,1.01,4,1.01,6,5,1.01,1.01,2,6,5,1.01,0
0,1.76682,1,0,3,1,2,0,0,1,0,0,0,0,0,0,5.08,0,20,1,0,1
1,5.98814,0,0,0,1,1,6,0,1,0,6,0,11,0,0,1.01,2,6,1,0,0
5,15.3807,13,3,63,11,1,1,55,35,2.03,4,4.26,3,3,3.03,0,5,0,5,5.39,1
2,10.231,19,5,64,11,4,4,55,32,1.01,9,2.02,4,3,2.02,4.07,2,65,10,3.08,1
1,10.9524,5,6,38,5,2,2,10,15,4.04,8,4.11,3,2,4.05,8.18,1,28,1,4.39,1
4,13.3755,27,9,76,13,1,7,78,50,3.04,16,4.22,4,2,16.2,1.05,4,30,12,5.34,1
0,6.42599,3,2,11,4,8,4,6,7,0,6,0,1,1,2.02,6.13,0,219,4,0,1
0,4.8313,8,1,23,2,1,2,1,7,0,3,0,1,1,1.01,0,0,0,2,1.02,1
3,11.4311,24,9,89,12,3,1,66,44,2.02,10,3.08,3,3,2.02,0,3,19,9,3.11,0
1,4.82617,16,6,67,10,1,1,45,26,0,7,1.04,2,2,0,0,3,6,6,2.23,1
1,6.41247,6,2,19,6,2,6,15,8,1.01,8,1.03,3,3,2.03,3.07,1,24,6,1.06,1
4,17.5389,4,5,24,4,3,0,6,13,3.03,5,4.11,0,0,4.05,3.03,5,32,1,4.2,1
0,6.13795,18,8,122,12,1,1,66,52,0,8,0,6,6,0,0,0,0,10,1.05,1
2,3.03875,34,6,127,9,1,2,36,73,1.01,8,1.44,1,1,1.01,0,2,6,7,1.73,0
4,16.0268,11,4,55,7,2,2,21,25,1.01,6,3.06,1,0,1.01,3.03,5,26,4,5.16,1
3,11.181,56,9,208,26,4,5,325,123,3.03,14,4.13,10,10,5.05,4.11,3,78,24,4.26,1
1,6.25954,4,2,22,4,4,1,6,9,0,3,0,0,0,0,1.01,3,36,2,2.03,1
2,4.91442,9,4,45,7,3,2,21,18,0,6,0,3,2,0,1.01,2,9,4,2.04,1
0,1.56044,8,2,29,8,5,1,28,14,0,3,0,1,0,0,2.04,2,80,7,1.04,1
0,2.98549,10,6,50,6,1,1,15,30,1.01,7,0,8,8,1.01,0,0,0,6,1.08,0
8,15.0607,70,12,313,35,3,10,595,117,3.03,22,6.42,15,13,5.09,1.02,12,14,16,7.16,1
0,3.17095,15,3,50,7,1,1,21,29,0,4,0,2,2,0,0,0,6,5,1.01,1
3,6.08326,21,7,71,5,1,3,10,46,1.04,9,2.08,0,0,1.04,0,3,0,2,2.24,1
6,9.50088,74,15,387,41,1,0,820,165,2.02,15,3.96,15,10,2.02,2.17,6,9,12,7.05,1
10,23.0493,74,15,241,8,1,12,28,142,6.1,26,13.09,0,0,9.15,1.01,10,6,6,14.78,0
3,6.31854,62,8,374,35,1,6,595,110,0,14,0,11,11,0,0,4,0,19,2.09,1
25,35.7287,115,43,440,22,1,3,231,258,13.23,46,26.05,6,6,13.24,0,27,0,2,33.79,0
15,15.7846,73,31,337,28,5,1,378,182,3.06,32,8.46,5,5,2.03,5.37,19,73,11,11.55,1
5,11.0213,42,17,146,8,1,2,28,91,4.09,19,4.47,2,2,4.09,1.01,5,6,4,5.69,1
0,1.76682,4,1,12,4,3,1,6,6,0,2,0,0,0,0,0,1,14,3,0,1
1,2.5349,1,1,5,1,1,0,0,4,0,1,0,0,0,0,1.01,2,6,1,0,1
5,14.1511,32,10,102,7,1,4,21,69,3.06,14,4.14,0,0,5.1,1.01,5,6,4,2.22,1
1,8.70423,29,0,80,7,1,0,21,21,0,0,0,5,3,0,0,1,0,1,0,1
24,18.4647,143,38,613,27,2,1,351,362,8.08,39,16.82,3,3,8.08,4.06,25,32,2,15.48,0
1,1.76682,6,3,19,2,1,0,1,12,0,3,0,0,0,0,0,1,6,2,0,1
0,0,11,2,29,2,2,1,1,16,1.02,3,1.66,0,0,1.04,1.09,0,9,1,2.34,1
0,3.15995,2,2,7,2,6,0,1,5,0,2,0,0,0,0,0,2,20,2,0,1
0,6.41569,3,0,9,2,2,0,1,4,0,0,0,1,1,0,0,0,8,1,0,1
0,5.02919,7,3,34,7,2,1,21,19,0,4,0,2,2,1.01,1.04,1,4,5,1.01,1
13,32.4055,47,16,166,17,4,1,136,91,11.14,17,16.33,4,4,11.14,6.1,20,39,5,19.44,1
4,5.81133,33,2,97,8,1,17,28,40,0,19,3.11,0,0,3.05,0,4,6,8,4.35,1
10,11.6025,126,35,624,40,5,2,780,266,3.06,36,7.13,18,18,3.06,5.37,14,74,9,9.53,1
8,19.4569,113,26,501,35,5,1,595,207,3.03,27,5.58,3,3,3.03,5.37,13,72,10,11.32,1
5,14.1924,50,14,280,16,1,1,120,132,3.09,14,6.85,13,13,4.09,1.01,6,6,3,7.85,0
1,5.87009,34,15,211,17,5,1,136,94,0,16,0,6,6,0,2.04,4,80,11,1.15,1
143,58.1518,0,0,0,0,1,0,0,0,0,0,0,2169,1,0,0,232,0,0,0,0
0,1.76682,13,1,52,5,1,3,10,17,0,4,0,1,1,1.02,0,1,0,3,1.01,1
1,12.2006,19,6,37,3,3,1,3,19,1.04,7,1.1,0,0,1.04,3.03,1,21,1,3.15,1
1,3.20019,9,2,23,4,1,2,6,12,0,4,0,1,1,0,0,1,0,2,0,1
4,10.3932,60,10,172,11,2,1,55,106,0,11,1.12,9,7,0,3.08,5,50,2,4.38,1
0,1.76682,25,3,81,11,1,6,55,42,0,8,0,8,1,0,0,0,6,9,1.02,1
0,0,4,0,17,4,2,1,6,6,0,1,0,0,0,0,0,1,12,3,0,1
0,3.76631,17,8,51,6,3,1,15,35,0,9,0,2,2,0,1.01,0,17,4,0,1
5,5.77253,5,7,37,2,1,6,1,17,2.02,13,3.09,0,0,3.05,0,5,6,2,3.46,1
7,14.5709,14,5,66,3,1,0,3,25,3.03,5,4.08,0,0,4.04,0,8,0,2,4.16,1
4,14.7404,33,12,116,22,3,0,231,61,0,12,5.16,1,1,0,12.22,5,72,8,6.25,0
1,5.82803,3,3,38,2,1,1,1,15,0,4,0,0,0,0,0,2,7,2,2.09,1
3,12.178,28,0,84,28,1,10,378,28,0,10,4.08,14,14,9.17,3.03,4,16,28,4.24,1
0,1.56044,3,2,10,3,6,0,3,6,0,2,0,0,0,0,0,2,20,3,0,1
1,1.76682,2,0,30,2,2,0,1,4,0,0,0,0,0,0,2.02,1,7,1,0,1
6,11.8849,12,2,82,11,1,0,55,27,0,2,2.03,8,8,1.01,0,6,0,5,1.04,1
3,16.789,40,17,202,16,5,1,120,100,4.05,18,4.14,9,9,4.05,5.37,4,72,8,4.23,1
0,1.76682,4,2,17,2,1,1,1,5,0,3,0,0,0,0,0,1,0,1,0,1
7,22.6033,68,22,374,28,3,1,378,199,6.18,23,11.85,17,15,9.3,3.04,9,21,8,13.01,1
16,29.2299,167,26,624,75,1,133,2775,315,9.1,151,19.98,10,9,35.76,0,24,4,39,24.59,1
0,5.82803,2,2,27,2,1,1,1,10,0,3,0,0,0,0,0,1,7,2,2.05,1
0,6.41569,3,1,8,2,1,11,1,6,0,12,0,0,0,5.07,1.01,0,6,2,1.08,1
1,7.34429,10,5,27,6,1,1,15,16,3.03,6,2.05,1,1,3.03,0,2,0,2,2.08,1
1,5.02919,9,4,53,5,1,1,10,22,0,5,0,2,2,0,0,2,0,1,1.01,1
6,7.53288,5,1,21,6,1,1,15,11,3.15,2,3.77,5,0,3.16,1.01,7,6,5,5.73,1
1,8.78554,40,2,139,22,1,4,231,66,1.01,6,1.05,7,7,1.01,1.01,1,16,11,1.06,1
0,6.41569,14,6,40,10,1,0,45,20,0,6,0,3,3,0,1.01,0,6,10,1.01,1
2,10.0211,30,14,134,10,1,0,45,80,1.01,14,1.02,0,0,1.01,0,3,0,0,1.01,0
0,7.80551,12,2,33,6,1,5,15,13,0,7,0,5,5,4.05,1.01,0,11,6,0,1
0,0,3,5,25,3,2,1,3,13,0,6,0,0,0,0,0,1,12,2,0,1
6,22.1695,39,11,134,23,1,355,253,72,7.09,362,9.27,10,10,61.58,0,8,0,21,12.88,0
0,1.76682,2,0,10,2,4,0,1,2,0,0,0,0,0,0,3.05,1,32,2,0,1
3,5.38037,80,15,469,40,3,1,780,200,0,16,2.19,13,13,0,1.02,3,21,5,3.81,0
0,11.4216,12,11,36,12,1,1,66,23,6.09,12,6.18,1,1,6.09,7.1,1,17,12,6.27,0
3,9.16954,2,2,8,3,8,3,3,6,0,5,0,1,1,2.02,8.13,3,160,3,0,1
3,8.70673,9,4,26,4,3,1,6,13,1.02,5,2.02,3,3,1.02,4.07,5,25,4,2.05,1
1,9.56428,34,5,107,20,1,1,190,49,0,6,0,8,8,0,0,1,0,18,0,1
4,15.4609,39,10,106,11,3,3,55,60,2.02,12,4.24,1,1,3.03,3.03,5,21,5,6.4,1
0,4.47111,5,1,16,4,3,1,6,9,0,2,0,1,1,0,3.1,1,14,3,0,1
7,18.9709,5,8,27,3,1,1,3,17,4.17,9,4.8,3,2,4.17,0,10,0,2,7.12,1
1,3.18918,107,16,387,16,1,1,120,187,3.03,17,0,11,6,3.03,0,3,7,5,2.12,1
2,10.1212,35,8,132,11,1,4,55,69,6.07,12,2.19,1,1,6.06,1.01,3,6,7,1.45,0
7,17.2555,32,26,153,21,3,1,210,92,1.12,27,5.58,1,1,1.13,12.22,8,72,5,8.24,0
0,4.33338,9,2,27,5,2,2,10,12,0,4,0,0,0,0,0,0,9,5,0,1
0,7.26436,11,1,42,6,2,1,15,17,1.01,2,0,2,1,1.01,3.05,0,18,5,0,1
2,3.82133,8,7,27,3,3,1,3,15,0,8,1.02,0,0,0,2.04,2,17,2,1.03,1
2,9.33423,7,7,49,7,1,2,21,29,1.01,8,1.02,4,4,1.01,0,2,0,6,0,1
0,0,9,6,27,4,3,1,6,12,0,7,0,0,0,0,0,1,21,2,0,1
1,1.77712,9,2,27,9,6,0,36,17,0,2,0,1,1,0,1.01,1,415,9,0,1
0,1.77712,2,1,6,2,3,1,1,3,0,2,0,0,0,0,1.01,0,14,2,0,1
1,9.33201,9,4,28,7,3,0,21,16,2.04,4,3.15,1,1,2.04,5.13,2,33,6,3.25,1
8,19.2402,24,12,113,13,2,1,78,55,5.09,13,8.39,6,5,5.09,8.18,12,29,4,8.11,0
0,5.36088,3,0,9,3,5,3,3,5,1.01,3,0,1,1,1.01,4.11,1,71,3,0,1
4,8.84204,23,5,66,13,1,46,78,40,1.01,50,3.07,5,5,11.17,0,6,6,12,4.21,0
4,10.5179,38,19,116,9,1,5,36,81,3.12,24,6,0,0,6.18,1.01,6,6,9,6.23,1
0,0,57,10,216,4,1,1,6,51,4.07,11,5.27,20,20,4.06,0,0,0,4,8.21,1
2,6.84217,23,2,59,11,1,2,55,27,0,4,1.02,5,5,2.02,1.01,4,6,2,1.06,1
2,6.17907,5,1,13,4,1,4,6,7,1.01,5,0,8,0,1.01,1.01,2,6,4,2.06,1
5,17.0216,57,19,378,19,1,2,171,135,4.09,20,4.24,27,23,4.15,0,7,0,4,8.28,1
0,4.33338,13,2,46,5,1,1,10,13,0,3,0,2,2,0,0,0,0,4,1.01,1
0,7.56276,24,7,91,9,3,7,36,57,5.05,14,2.09,1,1,7.09,4.1,1,44,9,3.27,1
0,1.76682,6,0,18,9,1,5,36,9,0,5,0,3,2,0,0,1,6,9,0,1
2,11.602,3,4,45,3,2,1,3,16,2.03,5,2.08,4,3,2.03,8.18,4,28,1,3.11,1
2,10.2788,29,10,156,15,1,0,105,69,0,10,1.01,6,6,2.02,0,2,0,2,2.12,1
2,7.61847,19,4,92,3,1,0,3,33,1.02,4,1.02,0,0,1.02,1.01,2,6,0,1.01,1
3,10.2527,29,10,149,11,1,9,55,84,1.02,19,3.17,11,0,10.44,1.01,3,6,11,4.45,1
4,5.85726,5,4,18,2,2,1,1,9,0,5,0,1,0,0,0,4,11,2,0,1
12,17.575,9,6,33,7,3,2,21,25,5.3,8,8.23,2,2,6.32,1.07,13,15,4,10.9,1
11,18.208,172,28,724,33,3,2,528,352,3.03,29,6.65,8,4,4.11,3.04,13,22,6,10.25,1
2,8.27328,14,8,53,10,4,4,45,30,2.02,12,3.04,3,3,5.06,4.08,2,63,8,4.19,1
6,16.4861,7,3,53,6,1,2,15,28,4.37,5,7.36,1,0,5.42,0,7,0,1,9.87,1
13,24.0899,83,19,436,33,1,5,528,187,11.21,24,17.36,24,15,11.2,1.01,15,6,8,18.78,0
0,7.72196,5,4,27,5,1,1,10,21,0,5,1.01,6,5,0,0,0,0,4,1.04,1
7,14.3803,44,5,255,19,1,3,171,85,2.02,8,4.41,11,11,3.03,1.01,9,6,6,7.46,1
0,2.56656,3,1,10,2,2,1,1,4,0,2,0,0,0,0,0,0,29,2,0,1
1,3.18664,2,1,6,2,1,1,1,3,0,2,0,0,0,0,0,1,0,1,0,1
0,1.77712,3,2,11,3,9,2,3,6,0,4,0,1,1,0,3.06,0,228,3,0,1
0,0,11,3,46,8,4,1,28,24,0,4,0,2,2,0,0,1,34,6,0,1
4,7.38057,8,1,31,5,1,1,10,15,1.02,2,2.08,0,0,1.02,0,4,6,2,2.28,1
13,17.3217,71,21,270,24,1,0,276,165,4.04,21,10.68,3,2,4.04,0,15,0,8,12.47,0
0,6.41569,41,4,142,20,3,1,190,67,0,4,0,8,8,0,3.04,0,21,8,1.15,1
2,10.9671,10,3,96,7,1,1,21,22,1.02,4,1.06,4,4,1.02,1.01,2,6,3,4.21,0
1,3.18664,4,1,9,2,2,0,1,4,0,1,0,0,0,0,1.01,1,12,1,0,1
0,3.79659,5,2,21,2,3,1,1,11,0,3,0,1,1,0,0,1,16,1,0,1
0,5.05758,5,3,44,2,1,1,1,19,0,4,0,0,0,0,0,3,7,2,2.08,1
1,2.59113,5,1,21,3,1,3,3,11,0,4,0,1,1,0,0,3,6,2,0,1
1,1.84469,25,11,90,5,1,3,10,53,1.01,14,2.03,0,0,1.01,0,4,6,2,1.11,0
0,8.62288,24,7,88,10,2,1,45,43,5.05,8,1.01,2,1,5.05,3.05,0,18,5,2.05,1
1,1.76682,8,1,27,7,1,2,21,8,0,3,0,4,4,0,0,1,6,7,0,1
7,7.28484,79,12,313,25,1,3,300,133,4.05,13,4.59,13,9,4.05,0,9,0,9,5.52,1
2,2.8819,8,4,25,3,3,1,3,11,0,5,0,0,0,0,1.01,2,14,2,0,1
0,4.41258,3,2,10,3,3,1,3,6,0,2,0,1,1,0,1.01,1,54,1,0,1
0,0,42,27,207,11,1,1,55,92,0,28,0,8,4,0,0,1,0,1,0,1
8,18.2366,47,30,118,6,1,1,15,69,13.39,31,15.74,1,1,13.4,1.01,19,6,2,15.21,1
1,6.30121,9,2,26,4,1,1,6,11,0,3,0,1,1,0,0,1,0,4,0,1
1,5.98276,4,0,12,4,1,0,6,4,0,0,0,0,0,0,1.01,1,10,4,0,1
1,7.47927,6,1,32,6,4,12,15,10,0,13,0,0,0,6.1,3.03,1,31,2,1.01,1
0,0,9,3,126,6,1,2,15,17,0,5,0,2,0,0,0,1,6,5,0,1
2,9.94289,38,13,132,17,1,3,136,69,4.05,16,4.1,4,4,6.07,1.01,2,6,10,4.15,0
1,1.76682,2,1,7,2,2,1,1,5,0,2,0,0,0,0,0,1,5,2,0,1
0,0,3,2,10,3,3,1,3,6,0,2,0,1,1,0,0,1,54,1,0,1
5,13.2632,34,21,136,8,1,0,28,92,4.06,21,4.14,4,4,4.06,0,6,0,5,4.27,1
2,8.66479,2,1,6,2,2,1,1,3,1.06,2,2.34,0,0,1.07,1.16,2,5,1,2.51,1
0,3.30831,3,1,9,3,5,3,3,6,0,4,0,1,1,1.01,3.07,0,64,3,0,1
1,2.34667,25,15,106,14,1,3,91,57,1.02,17,2.13,6,6,1.02,0,3,0,3,2.24,1
3,5.7361,16,5,69,6,4,1,15,23,1.01,6,1.04,2,2,1.01,1.01,3,34,2,1.23,1
3,13.8167,5,0,14,3,1,0,3,7,3.06,0,3.15,0,0,3.06,0,3,0,3,4.33,1
0,4.59691,7,3,19,5,3,2,10,9,1.01,5,0,1,0,1.01,3.05,0,30,3,0,1
0,4.68802,12,2,36,7,4,1,21,19,0,3,0,1,0,0,3.05,0,35,3,0,1
6,11.6447,1,0,3,1,1,0,0,1,0,0,0,5,1,0,1.01,6,6,1,0,1
4,13.4531,66,20,188,14,1,0,91,99,3.1,20,4.24,13,13,3.1,1.01,6,6,4,4.44,0
0,1.76682,6,4,39,4,1,3,6,15,0,7,0,2,2,0,0,1,0,4,1.04,1
1,3.19948,11,1,35,5,1,1,10,16,1.01,2,1.07,4,4,1.01,0,1,6,5,2.11,1
2,15.1891,16,14,102,10,2,3,45,58,4.05,17,4.12,6,5,4.05,8.18,3,28,2,4.24,1
3,12.5527,11,7,77,10,5,1,45,39,3.06,8,4.32,1,1,3.07,3.04,4,66,7,3.55,1
0,4.41258,9,4,30,11,4,1,55,18,1.01,5,1.02,1,1,1.02,5.21,1,312,10,1.03,1
2,3.88096,11,3,46,5,1,1,10,16,1.02,4,2.07,2,2,1.02,0,3,0,4,3.27,1
6,20.9156,12,9,41,4,2,1,6,22,3.06,10,4.15,3,2,3.06,8.18,11,28,2,5.28,1
3,4.63681,20,8,78,8,2,1,28,33,1.03,9,2.14,2,2,2.05,0,3,10,6,3.33,1
2,15.1351,9,11,50,2,2,1,1,32,3.04,12,2.14,1,1,3.04,0,2,6,1,2.23,1
3,18.1407,129,44,372,19,1,4,171,170,4.07,48,6.77,2,2,5.08,1.01,8,6,8,8.02,1
19,28.6537,197,42,801,34,3,4,561,419,12.27,43,18.86,14,14,13.28,4.19,24,24,8,23.7,0
1,22.3051,16,12,62,9,3,1,36,53,5.16,13,10.23,2,1,5.16,9.27,4,37,2,12.38,0
4,12.5353,27,8,85,15,2,26,105,44,3.03,34,5.09,1,1,14.23,3.05,5,41,9,5.25,1
1,11.9472,37,10,156,20,2,11,190,82,1.04,21,4.33,6,6,5.12,1.01,3,23,19,5.96,1
0,4.57426,4,1,28,8,1,1,28,16,0,2,0,4,0,0,0,0,6,0,0,1
1,12.4285,4,4,20,3,3,0,3,12,2.07,4,2.14,0,0,3.09,11.41,2,67,2,3.26,0
0,7.72196,3,2,14,3,1,1,3,8,0,3,1.01,2,2,0,0,0,0,3,0,1
1,3.23696,10,5,29,4,3,2,6,16,2.04,7,1.12,0,0,2.04,4.06,1,36,1,2.35,1
1,1.76682,9,2,39,5,1,1,10,12,0,3,0,2,2,0,0,1,0,4,0,1
2,14.2974,8,5,49,6,1,0,15,26,2.03,5,2.02,2,2,1.01,0,3,0,4,3.17,1
0,6.41569,3,0,10,2,1,0,1,4,0,0,0,1,1,0,0,0,0,2,0,1
0,3.19695,48,4,96,16,3,1,120,71,1.01,5,0,5,5,1.01,1.02,0,42,15,1.01,1
8,15.3538,24,8,92,18,7,6,153,43,2.02,14,3.03,5,5,4.05,8.13,8,120,16,3.03,0
0,3.30831,3,1,9,3,5,3,3,5,0,4,0,1,1,1.01,3.07,0,64,3,0,1
2,6.14016,24,11,77,8,2,3,28,54,1.01,14,0,2,2,1.01,0,2,14,4,1.01,1
7,7.25623,38,8,114,7,1,6,21,78,1.02,14,2.23,1,0,2.05,0,7,6,7,4.41,0
0,7.2787,14,2,43,8,3,1,28,23,1.01,3,1.03,3,1,1.01,3.05,0,30,3,2.1,1
2,5.25839,10,9,59,2,1,2,1,27,0,11,1.01,0,0,0,0,4,6,1,2.04,1
7,15.0525,71,25,460,22,3,1,231,183,5.11,26,7.02,10,10,5.11,3.04,8,21,10,8.48,1
0,1.76682,5,2,27,5,1,1,10,13,0,3,0,2,2,0,0,1,0,4,0,1
1,5.95836,20,14,91,12,6,1,66,47,0,15,0,3,0,0,2.04,4,82,8,2.18,1
3,8.96501,11,10,82,7,1,3,21,28,2.02,12,3.05,4,4,2.02,0,5,0,2,4.1,1
3,11.0669,5,5,27,5,2,1,10,17,2.03,6,2.05,3,2,2.03,8.18,4,28,3,1.01,1
0,6.41569,7,0,44,4,1,2,6,10,0,2,0,5,0,0,1.01,0,6,4,1.01,1
1,7.83167,12,1,31,4,1,1,6,15,0,2,1.01,2,2,0,0,1,0,4,1.02,1
1,6.42966,1,0,3,2,2,0,1,2,1.02,0,1.13,0,0,2.03,2.13,1,18,1,1.27,0
3,5.20137,35,11,152,15,1,1,105,65,2.02,12,2.09,5,0,2.02,0,4,0,3,3.1,1
0,1.76682,11,1,45,2,1,2,1,10,0,3,0,0,0,0,0,1,6,2,0,1
0,4.385,27,8,129,8,1,0,28,55,1.01,8,1.01,0,0,1.01,0,3,6,0,1.09,1
5,6.75539,14,2,68,12,1,2,66,22,2.03,4,2.09,7,1,3.04,1.01,7,6,12,2.35,1
0,9.64564,8,2,27,8,5,5,28,17,1.01,7,2.35,1,1,4.04,4.11,1,71,7,3.66,1
0,0,21,9,71,7,4,4,21,53,2.06,12,6.44,2,2,3.07,5.08,0,64,6,7.58,1
2,5.4784,29,9,79,5,1,3,10,47,2.03,12,2.11,0,0,3.04,0,3,6,2,3.18,0
1,14.3708,12,11,163,12,2,1,66,79,3.05,11,4.69,3,2,2.04,8.18,3,28,5,7.96,1
5,6.83071,66,28,407,21,1,1,210,161,3.05,29,1.13,6,2,3.06,0,5,0,2,2.39,1
1,5.88474,5,7,29,2,2,0,1,22,1.01,7,1.07,1,1,1.01,2.02,2,10,1,3.08,1
2,2.71813,16,6,100,3,1,0,3,29,0,6,1.01,4,4,0,0,2,6,1,1.07,1
5,9.06318,41,2,91,8,1,5,28,60,1.01,7,2.32,16,16,3.04,1.01,5,6,3,3.5,1
1,2.91017,6,2,19,4,3,1,6,7,0,3,0,0,0,0,1.01,1,14,3,0,1
1,1.76682,85,12,425,36,1,3,630,153,0,15,0,9,9,0,0,1,0,13,1.4,1
6,16.7735,46,10,152,19,3,5,171,87,6.07,15,7.6,4,4,6.08,4.06,6,76,17,8.17,1
1,1.76682,33,2,84,9,1,3,36,36,0,5,0,2,0,0,0,1,6,4,0,1
2,9.15622,11,14,40,4,3,1,6,31,1.01,15,0,0,0,1.01,1.01,3,17,2,0,1
12,6.85196,97,19,332,31,1,12,465,163,2.02,24,5.28,23,15,3.03,0,13,0,12,5.64,0
1,5.80709,32,17,177,17,5,0,136,81,0,17,0,9,5,0,2.04,4,80,10,1.25,1
2,13.9802,10,7,41,3,2,1,3,24,5.06,8,3.04,1,1,5.06,0,2,6,1,3.03,1
1,5.15731,8,8,41,4,1,1,6,20,0,9,1.01,1,1,0,0,1,0,1,1.01,0
1,3.16218,13,0,80,13,1,1,78,32,0,1,1.02,2,2,0,0,1,0,2,1.04,1
1,7.56943,18,7,120,8,1,1,28,41,2.02,8,3.05,8,6,2.02,0,1,0,3,4.12,1
0,3.18664,7,4,21,4,3,1,6,12,0,5,0,1,1,0,3.1,0,14,3,0,1
0,4.87416,76,5,210,11,3,1,55,128,2.02,6,1.95,11,11,2.02,2.03,1,36,9,2.58,1
3,4.41258,18,10,59,13,4,2,78,34,0,12,1.02,0,0,0,2.02,7,70,8,1.02,1
2,5.78633,5,2,24,2,2,0,1,12,0,2,1.05,0,0,0,0,2,2,2,2.26,1
5,11.2693,35,5,111,11,1,1,55,52,1.06,5,5.67,7,6,1.07,1.01,5,6,3,6.46,0
3,10.9403,2,1,11,2,1,1,1,6,0,2,0,1,0,1.01,0,3,0,2,1.03,0
0,1.77712,10,2,31,7,1,3,21,11,0,5,0,2,2,0,1.01,0,8,5,0,1
0,1.76682,2,6,9,2,1,0,1,12,0,6,0,0,0,0,0,0,0,2,1.07,0
13,25.1717,181,44,525,26,3,3,325,363,6.07,47,17.12,2,2,6.07,3.08,20,65,3,19.37,1
0,2.84822,13,12,70,10,5,1,45,40,0,13,0,4,0,0,2.04,3,80,7,1.19,1
0,1.76682,5,1,17,3,3,0,3,9,0,1,0,1,1,0,0,1,14,2,0,1
3,10.6649,8,1,29,4,2,1,6,14,2.02,2,2.08,2,2,2.03,1.09,4,9,2,3.15,1
0,6.41569,4,1,14,4,2,5,6,5,0,6,0,2,2,1.02,1.01,0,10,4,0,1
0,0,2,0,6,2,1,12,1,2,0,12,0,1,1,5.07,0,0,0,2,0,1
1,1.76682,11,7,50,4,3,0,6,30,0,7,0,1,1,0,0,2,14,3,0,1
2,6.95514,5,0,17,5,2,4,10,6,0,4,2.04,3,2,2.04,1.01,3,14,5,2.12,1
1,2.53371,49,16,186,25,3,0,300,82,2.04,16,2.17,0,0,2.04,0,3,72,11,2.43,1
3,8.16318,10,7,35,3,1,3,3,17,3.03,10,4.07,0,0,3.03,0,3,0,3,2.18,1
3,8.35105,10,8,30,3,2,2,3,20,0,10,0,2,2,0,2.03,3,11,2,2.02,1
2,6.81975,3,0,22,2,1,0,1,4,0,0,1.01,1,0,0,0,3,0,2,2.24,1
0,3.17095,25,5,59,10,1,1,45,26,0,6,1.09,8,1,0,0,2,6,9,1.39,1
1,1.77712,3,1,10,3,5,1,3,4,0,2,0,1,1,0,1.03,1,88,3,0,1
0,0,5,3,27,5,1,0,10,15,0,3,0,1,0,0,0,1,0,3,0,1
4,10.548,28,11,148,13,1,0,78,64,2.02,11,2.03,5,5,2.02,0,4,0,1,3.11,1
9,15.3743,0,0,0,0,1,0,0,0,0,0,0,56,1,0,0,20,0,0,0,0
0,1.76682,28,7,139,12,1,4,66,52,0,11,0,6,6,0,0,1,6,8,1.06,1
4,9.97572,4,3,14,4,8,8,6,8,1.01,11,1.01,1,1,8.09,8.14,4,172,4,0,1
13,23.3982,6,6,62,4,1,1,6,21,11.49,7,10.81,4,4,11.5,0,15,0,3,13.45,1
1,4.63082,15,1,52,10,1,1,45,27,0,2,2.02,5,5,0,0,2,0,9,1.02,1
3,10.1254,15,12,93,10,4,1,45,42,3.03,13,2.02,1,0,3.03,9.11,3,51,2,3.07,0
4,10.3576,25,8,84,5,1,3,10,43,2.03,11,2.19,0,0,4.05,1.01,7,6,2,4.38,1
3,12.5129,35,18,111,5,1,1,10,61,2.02,19,4.17,0,0,1.01,1.01,5,6,1,6.34,1
0,2.90397,5,0,22,2,2,2,1,8,0,2,0,1,1,0,1.01,1,10,2,0,1
2,2.97312,11,8,53,6,3,1,15,26,0,9,1.01,1,0,0,1.01,2,41,2,2.03,1
11,21.326,118,36,520,33,5,8,528,276,5.09,43,11.62,10,9,6.1,5.37,17,72,7,14.3,1
0,6.41569,7,0,22,6,3,9,15,13,0,9,0,1,1,2.03,3.05,0,19,6,1.01,1
1,14.2096,1,2,7,1,1,0,0,4,0,2,0,0,0,0,0,1,0,1,3.03,1
3,4.56949,5,0,18,5,1,1,10,5,0,1,0,4,4,0,0,3,10,5,0,1
2,12.3915,16,9,390,8,1,2,28,53,2.02,11,3.05,4,4,3.03,0,2,0,1,3.06,1
2,8.69863,3,2,16,3,1,1,3,8,0,3,1.01,3,3,0,0,2,0,3,0,1
2,7.67578,44,13,105,4,1,1,6,56,0,14,2.02,1,1,0,1.01,3,6,2,2.12,1
1,1.76682,5,1,41,4,1,1,6,8,0,2,0,2,2,0,0,1,0,2,0,1
0,4.68802,17,7,70,12,1,3,66,47,0,10,0,2,2,0,1.01,0,9,9,1.01,1
4,8.77144,14,5,70,5,1,1,10,29,3.05,6,3.21,2,2,3.05,2.06,5,0,3,4.64,1
5,17.6161,54,16,239,20,3,1,190,123,3.03,17,4.25,7,7,3.03,3.04,7,21,12,6.09,1
1,4.30172,7,1,18,3,1,1,3,7,0,2,0,1,1,0,0,1,0,1,0,0
0,4.70143,6,3,18,5,3,1,10,10,0,4,0,2,2,0,1.02,0,32,5,0,1
1,8.42497,23,10,64,12,5,1,66,59,0,11,1.09,2,2,0,9.7,2,208,12,2.07,1
4,7.65733,22,8,92,8,2,0,28,70,3.03,8,3.12,1,1,3.03,0,4,13,1,3.13,0
0,3.30831,6,2,15,5,5,0,10,10,1.01,2,0,1,1,1.01,9.59,0,247,4,0,1
1,1.76682,5,1,16,4,1,1,6,6,0,2,0,0,0,0,0,1,6,4,0,1
3,3.82071,15,3,49,7,2,1,21,20,1.01,4,2.04,5,5,1.01,0,3,36,5,3.05,1
4,12.6447,33,12,196,15,1,2,105,109,1.01,12,2.07,6,5,1.01,1.01,4,6,5,4.14,0
7,12.0569,12,3,45,11,1,6,55,30,4.08,9,8.72,1,0,5.12,0,7,0,6,9.32,1
4,9.50905,19,6,85,7,2,1,21,42,0,7,3.06,4,4,0,0,4,8,5,4.21,1
0,4.41258,7,2,21,7,5,1,21,11,1.02,3,2.04,1,1,1.02,5.9,1,409,7,2.12,1
1,1.50465,2,1,6,2,2,2,1,3,1.01,3,1.01,0,0,1.01,0,1,14,1,0,1
6,12.4581,47,18,170,12,2,1,66,89,5.16,19,6.66,1,0,5.16,10.17,7,35,2,8.27,0
0,5.99576,4,5,19,2,3,1,1,12,0,6,0,1,0,0,1.01,1,13,1,0,1
1,2.97312,3,2,9,3,2,1,3,5,1.02,3,1.04,0,0,1.02,2.31,1,21,3,1.06,1
6,18.4091,22,12,110,9,2,1,36,52,6.06,13,8.29,11,7,6.08,0,7,8,8,8.52,1
0,0,7,2,22,5,2,2,10,11,0,4,0,0,0,0,0,1,9,5,0,1
1,7.72196,3,2,15,3,2,1,3,8,0,3,1.01,3,3,0,0,1,8,3,0,1
10,24.0348,136,26,484,49,5,23,1176,237,8.13,48,14.25,5,4,15.3,6.17,12,40,40,15.88,1
3,6.80521,10,4,37,8,1,4,28,27,2.03,8,2.03,1,0,2.03,0,3,6,2,2.04,0
0,1.76682,4,2,11,4,1,2,6,6,0,3,0,1,0,0,0,1,9,4,0,1
0,5.36933,22,3,115,7,1,1,21,39,0,3,0,2,2,0,0,0,0,4,1.03,1
0,10.3221,35,7,152,17,3,0,136,72,2.02,7,2.04,5,5,3.03,3.04,1,21,10,3.12,1
3,3.82133,3,1,12,2,2,0,1,5,1.01,1,1.04,2,0,1.01,2.02,3,12,1,1.06,1
2,5.99307,12,3,32,9,6,3,36,16,1.03,6,1.09,2,2,2.04,3.06,2,81,7,1.16,1
1,4.33338,10,7,50,6,4,1,15,30,0,8,0,1,0,0,1.01,1,51,3,0,1
3,14.5859,13,6,71,11,2,1,55,42,3.05,7,4.34,1,0,3.05,9.19,7,28,4,8.51,1
2,8.16874,58,15,236,30,3,0,435,96,2.04,15,2.31,1,1,2.04,1.01,3,72,11,4.89,1
2,5.02919,8,2,34,4,1,1,6,17,1.01,3,1.04,1,0,1.01,0,3,6,2,2.25,1
5,7.66405,48,18,125,10,2,2,45,80,0,20,0,1,1,0,2.03,6,11,2,2.12,1
2,3.22666,7,3,19,2,2,0,1,18,1.01,3,1.01,0,0,1.01,1.02,2,8,2,2.02,1
2,3.18664,5,2,22,5,2,1,10,8,0,3,1.01,0,0,0,2.06,2,12,4,1.03,1
1,3.27147,10,6,46,5,1,2,10,23,2.02,8,1.01,1,1,2.02,0,2,6,3,1.01,1
5,14.4493,68,18,228,18,5,3,153,150,5.11,19,4.48,7,3,5.11,5.07,5,115,13,5.81,0
3,11.6432,21,14,95,8,2,2,28,48,3.04,15,6.19,2,1,3.04,6.14,8,29,5,7.56,1
0,4.40164,13,7,39,5,3,2,10,19,0,8,0,0,0,0,0,2,21,2,1.02,1
0,3.05459,4,3,45,3,1,2,3,8,0,5,0,0,0,0,0,1,6,2,1.04,1
0,1.76682,17,1,57,5,1,0,10,15,0,1,0,3,2,0,0,1,0,5,1.04,1
2,12.6847,5,2,20,5,1,2,10,9,3.03,3,2.04,1,1,3.04,2.05,2,6,5,3.15,1
2,8.67717,24,13,121,14,3,1,91,68,2.02,14,3.17,2,2,2.02,3.04,2,21,10,4.45,1
4,12.4038,127,19,396,31,5,3,465,181,1.01,22,3.04,7,1,1.01,5.37,5,73,11,3.6,1
3,10.5501,7,4,32,5,1,1,10,20,1.01,5,3.1,1,1,1.01,0,4,0,4,3.14,1
2,3.10682,1,1,34,1,1,1,0,4,0,2,1.01,0,0,0,0,2,0,1,2.3,0
0,5.82082,7,0,20,6,1,5,15,7,0,5,0,4,4,1.02,1.01,0,6,2,0,1
1,6.41569,20,4,88,9,3,0,36,41,0,4,0,4,4,1.01,1.01,1,23,5,0,1
0,1.76682,3,2,12,3,1,1,3,6,0,3,0,0,0,0,0,1,6,2,0,1
0,3.17095,23,2,89,10,1,1,45,32,0,3,0,7,5,0,0,0,6,9,0,1
3,11.9584,17,6,83,12,5,3,66,41,2.02,9,4.11,4,4,4.04,5.11,4,78,12,3.31,0
3,11.3834,7,3,19,5,3,1,10,12,3.05,4,4.12,2,2,3.05,4.1,3,32,5,3.14,0
0,4.43166,16,5,84,5,3,1,10,26,3.03,5,0,0,0,3.03,1.01,0,23,2,1.05,0
0,5.2122,13,7,39,4,2,0,6,32,1.01,7,1.06,0,0,1.01,0,2,7,0,2.1,1
1,7.47927,8,0,30,6,1,6,15,13,0,6,0,1,1,3.04,1.01,1,6,3,0,1
3,10.9347,16,5,45,7,3,15,21,27,1.02,20,3.06,2,2,9.12,4.1,3,44,7,4.13,1
1,6.44121,3,1,10,3,1,3,3,7,0,4,0,0,0,0,1.01,1,6,2,0,1
2,3.05459,8,4,26,2,1,1,1,14,1.01,5,1.04,0,0,1.01,0,2,6,2,2.17,1
0,6.41569,3,1,9,2,2,2,1,3,0,3,0,0,0,0,1.01,0,9,2,0,1
3,10.2202,5,4,34,4,2,1,6,15,0,5,2.03,3,2,0,0,3,8,4,0,1
4,12.7504,26,8,96,8,5,0,28,50,0,8,3.22,0,0,0,3.04,5,40,1,4.5,1
2,11.2422,36,3,283,16,1,5,120,95,2.04,8,4.5,18,18,4.08,0,4,0,1,8.16,1
3,20.1475,10,8,37,4,2,1,6,21,3.06,9,4.17,3,2,3.06,8.18,7,28,2,4.26,1
0,11.8601,2,4,11,2,1,1,1,7,2.05,5,1.27,2,2,2.05,0,1,0,2,2.46,1
3,13.1504,24,14,191,16,3,1,120,89,3.04,15,6.41,7,7,3.04,3.04,6,21,7,9.42,1
1,2.97312,7,3,32,5,1,1,10,14,0,4,1.02,2,2,0,0,1,0,4,1.1,1
4,10.5825,26,10,102,9,2,1,36,52,2.02,10,3.31,3,2,2.02,5.14,5,47,4,3.75,1
0,4.46612,32,9,123,12,1,1,66,39,1.03,10,1.11,3,3,1.03,0,3,6,8,2.34,1
19,23.5046,131,30,441,17,2,1,136,214,4.09,31,11.86,4,4,5.11,1.01,27,13,2,17.44,1
3,12.9005,5,2,38,5,1,2,10,15,1.01,4,3.04,3,3,1.01,0,3,0,1,2.07,1
2,4.41258,27,15,103,15,4,1,105,52,1.08,16,2.3,0,0,1.08,3.03,4,70,9,2.57,1
0,3.15995,8,2,30,8,5,1,28,14,0,3,0,3,0,0,2.04,2,80,7,0,1
3,11.6831,23,6,96,9,5,3,36,58,1.01,9,1.01,3,3,2.02,11.21,3,181,8,4.1,1
11,13.1737,28,6,162,15,2,1,105,51,4.06,7,4.19,5,5,3.05,2.08,11,20,3,4.76,0
0,1.76682,26,4,114,9,1,1,36,30,0,5,0,3,3,0,0,1,0,3,0,1
1,10.2628,8,7,53,7,2,0,21,31,0,7,1.07,0,0,0,0,1,7,2,1.19,1
0,8.45639,9,1,28,7,1,3,21,24,2.03,4,2.12,2,0,2.06,0,1,0,3,2.12,1
0,4.18914,47,5,176,23,1,2,253,102,1.01,7,1.02,5,4,2.02,1.01,0,8,13,1.12,1
0,7.72196,5,7,38,4,1,1,6,23,0,8,1.01,2,2,0,0,0,0,3,1.03,1
0,10.5804,11,5,35,7,5,14,21,21,1.01,18,2.07,2,2,3.03,3.03,0,37,4,1.1,1
4,5.44491,2,3,12,1,1,0,0,9,1.04,3,3.53,0,0,1.04,0,5,0,1,4.85,1
1,4.87697,9,8,31,4,3,0,6,16,1.05,8,1.06,1,1,1.05,0,2,14,2,1.06,1
1,3.19695,16,3,72,8,1,3,28,26,0,6,0,1,1,0,0,1,0,3,1.03,1
1,1.76682,3,1,14,3,3,1,3,8,0,2,0,5,5,0,1.01,1,23,2,0,1
1,1.77712,2,1,8,2,9,0,1,4,0,1,0,2,2,2.03,2.05,1,175,2,0,1
0,1.77712,3,0,11,3,1,0,3,5,0,0,0,0,0,0,0,1,0,1,1.01,1
1,9.5123,27,4,73,12,3,2,66,39,2.02,6,3.05,4,4,2.02,3.09,1,57,10,2.02,1
5,7.96788,33,8,87,7,2,1,21,41,1.01,8,4.14,3,3,1.01,1.01,5,9,6,5.64,1
0,1.76682,22,3,107,14,2,1,91,44,0,4,0,2,2,0,1.01,1,23,12,0,1
0,3.30831,5,0,14,5,7,5,10,6,0,5,0,0,0,6.1,7.14,0,157,5,0,1
0,1.56044,2,2,7,2,6,0,1,5,0,2,0,0,0,0,0,2,20,2,0,1
2,1.39536,9,2,43,7,1,0,21,15,0,2,1.02,5,5,0,0,4,0,4,1.08,1
0,9.36692,2,1,11,2,1,4,1,5,1.01,5,1.02,2,2,2.02,0,0,0,2,0,1
1,15.5993,29,9,156,14,3,1,91,82,2.02,10,4.17,3,3,2.02,3.04,3,21,10,6.49,1
1,5.98276,14,3,48,4,1,2,6,24,0,5,0,0,0,2.02,1.01,1,6,2,1.03,1
0,3.30831,3,1,9,3,5,3,3,5,0,4,0,1,1,1.01,3.07,0,64,3,0,1
14,25.5219,41,10,296,18,1,2,153,94,7.09,11,11.64,20,11,7.09,0,17,0,7,14.98,0
0,3.96663,14,4,30,1,1,0,0,15,1.01,4,1.03,0,0,1.01,1.01,0,7,1,1.04,1
9,18.6755,7,11,34,2,2,0,1,28,6.07,11,6.19,1,1,6.07,3.03,9,14,0,4.24,1
0,0,3,1,10,2,2,1,1,4,0,2,0,0,0,0,0,1,29,2,0,1
0,1.56044,13,11,81,11,5,1,55,35,0,12,0,3,0,0,2.04,2,80,8,1.13,1
5,10.1348,19,8,52,4,1,2,6,28,2.03,10,3.14,5,5,2.03,0,5,0,4,5.39,1
3,11.5039,12,6,46,10,2,19,45,21,2.03,25,2.11,4,3,3.06,1.01,3,12,10,3.33,1
2,7.21846,19,12,108,14,5,1,91,67,0,13,0,2,0,0,2.04,5,80,9,0,1
0,1.76682,7,7,53,4,1,2,6,22,0,7,0,3,3,0,0,0,0,2,1.01,1
1,3.01668,5,1,16,1,1,0,0,4,0,1,0,0,0,0,0,1,0,1,0,1
13,27.4268,92,27,432,33,5,2,528,239,9.31,29,17.35,3,2,10.32,5.37,15,73,9,19.65,1
2,9.04795,137,13,355,19,3,1,171,273,0,14,1.03,3,1,0,3.08,3,65,2,3.32,0
4,12.307,13,4,58,5,1,0,10,32,1.01,4,3.06,1,1,1.01,1.01,4,6,4,3.13,1
1,18.7155,54,2,196,18,1,66,153,61,3.03,68,6.39,8,6,21.7,3.11,5,6,13,10.92,1
0,8.96317,11,4,36,8,1,2,28,25,3.04,6,2.09,2,2,4.05,0,0,0,8,1.1,1
4,10.8049,12,7,72,5,1,1,10,28,4.06,8,4.28,3,3,4.06,2.06,6,0,3,7.82,1
1,1.77712,8,7,24,8,1,1,28,15,0,8,0,1,1,0,0,1,13,8,0,1
12,14.5398,12,8,123,8,4,1,28,42,5.08,9,8.21,5,5,5.08,7.21,19,32,8,11.68,1
2,2.57507,23,7,76,4,1,3,6,37,1.02,10,1.11,3,3,1.03,0,3,6,3,1.22,1
0,6.61569,10,9,30,10,1,1,45,19,3.08,10,3.16,1,1,3.08,4.09,0,15,10,3.24,1
1,4.50329,9,4,26,7,3,2,21,14,1.01,6,1.04,3,3,0,2.04,1,34,7,1.1,1
0,0,7,0,18,2,1,1,1,14,0,1,0,0,0,0,0,1,6,1,0,1
0,7.72196,7,0,21,6,1,9,15,8,1.01,9,1.01,3,3,5.05,0,0,2,6,1.01,1
1,7.4204,0,0,0,1,2,2,0,1,0,2,1.01,0,0,2.02,1.01,1,9,1,0,1
4,15.2441,13,2,75,9,1,0,36,38,3.05,2,5.22,4,4,4.06,0,4,0,4,5.85,1
6,20.0741,19,18,142,14,3,1,91,79,4.22,19,11.2,3,3,4.22,3.04,7,21,7,11.71,1
1,12.5339,10,4,30,8,2,9,28,18,2.03,13,3.12,2,2,7.13,3.03,1,11,5,2.18,1
4,5.8145,80,9,292,15,1,1,105,101,1.03,9,2.25,2,0,1.03,0,6,6,3,3.66,1
3,12.6913,83,5,170,22,3,2,231,86,6.08,7,3.74,18,10,6.09,5.17,4,44,19,6.82,1
8,28.2413,49,27,259,19,5,2,171,135,8.24,29,13.09,1,1,8.24,5.37,14,72,7,18.21,1
1,4.49802,4,9,19,2,2,2,1,16,0,11,0,1,1,0,0,1,7,1,0,1
1,8.04434,6,0,18,7,2,2,21,7,0,2,0,3,3,0,6.13,1,57,7,0,1
4,12.2832,21,2,85,9,1,7,36,36,2.02,9,3.2,3,3,13.15,2.02,5,9,7,4.29,1
2,9.57359,16,7,68,5,1,14,10,26,0,21,0,3,1,4.05,1.01,2,6,4,1.02,0
0,4.41258,9,2,30,9,6,1,36,17,1.02,3,2.03,1,1,1.02,5.9,1,412,9,2.35,1
6,11.9634,8,5,52,2,1,0,1,19,2.02,5,2.03,0,0,2.02,0,6,0,0,2.04,0
5,10.912,25,8,106,16,6,4,120,49,1.01,12,4.06,4,4,4.04,3.06,6,86,14,3.15,0
6,9.9241,13,3,69,9,2,1,36,27,3.03,4,2.06,2,2,2.02,2.08,6,20,2,2.11,0
0,4.68802,6,4,43,6,1,11,15,18,0,15,0,2,2,3.04,0,0,0,6,0,1
1,1.76682,9,5,37,6,1,1,15,18,0,5,0,3,2,0,0,1,0,4,0,1
0,3.22666,6,3,46,2,1,0,1,14,0,3,0,0,0,0,0,2,6,1,1.05,1
0,3.36633,18,14,101,13,3,2,78,66,0,16,0,1,1,0,1.02,1,21,7,1.01,1
0,1.56044,3,2,12,3,6,0,3,6,0,2,0,0,0,0,0,2,20,3,0,1
0,1.56044,2,2,7,2,6,0,1,5,0,2,0,0,0,0,0,2,20,2,0,1
1,1.76682,2,0,6,2,3,3,1,2,0,3,0,1,1,0,1.02,1,14,2,0,1
0,5.47181,5,2,21,2,3,1,1,11,0,3,0,1,1,0,2.03,1,16,1,0,1
1,1.76682,13,5,50,5,1,1,10,25,0,6,0,3,3,0,0,1,6,3,1.09,1
9,17.2944,28,11,152,10,1,1,45,62,3.09,12,6.46,9,6,3.09,0,9,0,3,6.98,1
1,11.9189,23,5,65,10,1,2,45,54,5.07,7,5.38,2,0,7.09,0,3,0,3,6.57,1
0,4.75414,1,0,3,1,4,1,0,1,1.01,1,1.01,0,0,1.01,3.04,0,36,1,1.01,1
1,6.30121,10,2,32,7,1,4,21,20,0,6,0,3,3,1.01,1.01,1,6,7,1.01,1
3,11.4044,10,2,71,6,1,0,15,28,0,2,4.25,4,4,0,0,3,0,4,4.93,0
0,1.56044,8,2,30,8,5,1,28,14,0,3,0,2,0,0,2.04,2,80,7,1.06,1
0,0,11,3,77,8,4,1,28,29,0,4,0,4,4,0,0,1,34,6,0,1
0,4.43166,25,6,146,11,2,5,55,53,0,11,0,10,0,0,1.01,0,13,2,1.02,0
0,1.77712,3,1,10,1,1,0,0,7,0,1,0,0,0,0,1.01,0,6,1,0,1
0,1.56044,3,2,11,3,6,0,3,6,0,2,0,0,0,0,0,2,20,3,1.01,1
5,8.3733,6,4,79,6,1,0,15,20,0,4,0,3,3,0,0,6,0,3,1.01,0
0,4.41258,60,17,194,28,2,1,378,100,2.02,18,2.08,1,1,1.01,1.09,1,28,14,2.36,1
0,4.44773,15,12,85,12,5,0,66,40,0,12,0,7,1,0,2.04,3,80,9,1.3,1
3,10.2283,24,11,90,19,4,0,171,47,4.06,11,5.19,0,0,4.06,7.17,8,73,9,7.56,1
8,18.3841,50,10,145,29,3,16,406,78,1.01,25,7.21,4,4,4.04,8.52,9,133,24,9.65,1
3,14.266,7,2,60,5,4,1,10,24,1.02,3,3.07,3,3,1.02,4.1,5,47,5,3.18,1
0,7.10003,47,10,155,16,2,4,120,81,1.01,14,2.02,1,0,1.01,3.05,0,18,5,2.05,1
1,1.76682,73,20,415,30,1,1,435,141,3.03,21,0,17,8,3.03,0,1,6,8,1.1,1
9,10.3631,36,9,170,4,1,2,6,90,3.04,11,5.51,5,4,3.04,0,11,6,3,5.76,0
2,4.57971,14,2,65,9,1,2,36,34,0,4,0,0,0,0,0,2,6,0,1.02,1
0,6.41569,23,6,87,7,2,1,21,35,0,7,0,0,0,0,1.01,0,29,2,1.08,1
0,6.42599,4,0,10,5,5,1,10,5,0,1,0,1,1,0,3.06,0,75,4,0,1
2,4.79899,11,7,87,2,1,1,1,36,1.02,8,1.17,0,0,2.04,0,2,6,1,2.51,0
1,1.38451,148,25,599,44,5,4,946,292,0,28,0,19,19,0,0,2,70,19,1.02,1
1,4.19546,7,4,29,2,1,0,1,14,0,4,0,0,0,0,0,2,0,0,1.01,0
0,3.15241,3,5,89,3,1,1,3,14,0,6,0,1,1,0,0,1,0,1,0,1
2,11.1153,6,5,25,5,1,1,10,16,2.03,6,3.1,1,1,2.03,0,2,0,4,3.14,1
0,3.05459,4,2,21,6,1,7,15,14,0,9,0,1,1,0,0,1,0,5,0,1
1,6.09363,10,4,30,8,2,9,28,18,0,13,0,2,2,3.09,1.01,1,11,5,1.01,1
5,25.7875,25,17,89,20,4,1,190,57,5.17,18,8.49,2,2,6.18,12.31,8,78,10,8.82,1
0,2.99178,6,0,44,6,1,5,15,11,0,5,0,2,1,0,0,1,0,4,2.02,1
1,7.17242,14,4,58,9,3,1,36,30,1.01,5,1.08,4,4,1.01,3.04,2,32,1,1.18,0
31,33.6659,142,23,504,33,1,27,528,274,16.26,48,29.7,6,6,48.95,2.02,32,7,21,33.3,0
3,5.63729,23,4,81,15,4,14,105,35,0,18,2.03,1,1,1.01,3.47,5,233,14,3.07,1
5,19.8036,38,6,138,13,1,4,78,60,3.05,9,4.16,4,1,6.07,1.01,8,6,7,7.32,1
5,19.1818,50,19,272,29,3,3,406,179,6.11,22,9.05,13,12,7.11,4.08,6,21,7,11.64,1
7,19.1282,15,4,60,13,6,2,78,42,3.04,6,3.12,2,1,3.03,5.08,7,73,10,5.22,1
0,0,17,4,61,6,1,6,15,30,0,10,0,3,1,0,0,1,6,4,0,1
1,8.05292,2,1,15,1,1,0,0,4,1.01,1,1.01,0,0,2.02,1.01,2,6,1,1.01,1
7,19.8138,71,29,255,28,3,5,378,151,1.04,33,6.27,1,1,3.08,12.22,8,72,11,7.83,0
1,9.53614,1,1,8,1,1,0,0,3,1.02,1,1.03,1,0,1.02,0,1,0,1,2.08,1
1,2.97312,3,2,9,3,2,1,3,5,1.02,3,1.04,0,0,1.02,2.31,1,21,3,1.06,1
4,16.1061,32,9,118,9,2,1,36,40,2.05,10,3.22,2,2,2.05,3.05,4,14,3,2.6,1
0,6.90917,17,5,45,8,3,1,28,37,0,6,0,0,0,0,1.02,0,30,1,1.01,1
11,22.9998,36,9,245,12,2,1,66,83,7.1,10,15.13,19,18,7.1,1.01,14,13,4,17.21,0
1,10.1983,13,5,41,9,3,2,36,25,1.01,7,2.02,2,2,3.03,2.07,1,54,7,1.01,1
3,4.51037,3,2,15,2,1,1,1,7,0,3,1.11,2,2,0,0,3,6,2,1.27,1
2,11.1043,29,3,118,13,1,3,78,58,2.03,6,1.03,6,5,2.03,1.01,2,6,5,2.05,0
0,4.41258,8,4,32,6,6,11,15,12,0,14,1.02,3,3,3.1,2.06,1,93,3,1.03,1
2,9.1192,4,6,23,4,2,1,6,15,0,7,0,1,0,0,3.09,3,28,1,1.01,1
5,14.0791,12,2,30,5,1,6,10,21,1.03,8,3.06,9,3,2.04,1.01,5,6,2,2.05,1
1,0,18,1,59,9,1,9,36,31,0,10,0,0,0,1.01,0,1,6,9,0,1
0,7.6651,7,3,23,5,3,8,10,14,0,11,0,2,1,3.03,3.07,0,39,3,0,1
0,5.63928,1,0,3,1,2,0,0,1,0,0,0,0,0,0,5.08,0,20,1,0,1
1,6.41569,7,1,26,6,1,5,15,15,0,6,0,2,2,0,0,1,0,5,1.02,1
5,13.1365,32,9,196,19,4,1,171,83,6.1,10,8.53,9,9,6.1,6.14,15,32,9,8.47,1
1,3.01668,8,5,145,4,5,1,6,17,0,6,0,5,5,0,1.02,2,55,3,1.04,1
5,9.92215,2,5,46,1,1,0,0,15,1.01,5,1.05,0,0,1.01,0,7,0,1,4.41,0
3,11.828,7,5,27,2,2,1,1,21,1.01,6,3.03,1,1,3.03,0,4,3,1,2.03,1
7,15.769,25,8,90,6,1,1,15,45,3.03,9,4.07,4,4,3.03,1.01,7,6,2,3.17,1
0,7.46676,8,0,26,7,1,4,21,7,0,4,0,6,6,0,1.01,0,12,7,0,0
1,3.03875,11,0,33,11,1,6,55,18,0,6,0,2,1,1.01,0,2,0,11,0,1
0,1.76682,18,3,77,5,1,1,10,23,0,4,0,7,7,1.01,0,1,6,3,1.01,0
1,8.39741,18,12,110,11,4,1,55,50,2.02,13,2.04,2,1,2.02,9.11,1,51,3,1.03,0
1,5.5393,55,8,230,25,1,2,300,77,2.02,10,0,20,20,3.03,0,3,6,24,0,0
2,5.55124,62,7,220,22,2,5,231,87,1.01,12,2.12,10,9,1.01,1.11,3,11,14,3.26,1
0,5.02919,27,7,147,21,4,1,210,76,1.04,8,1.1,4,4,1.04,1.07,2,39,7,2.06,1
0,0,3,0,15,3,2,1,3,5,0,1,0,1,1,0,0,1,4,2,0,1
8,21.8778,39,14,180,19,1,2,171,112,4.04,16,8.42,1,0,4.04,0,8,0,9,9.85,0
0,0,7,1,27,5,1,4,10,11,0,5,0,2,0,0,0,1,0,4,0,1
1,7.47927,4,0,13,4,1,6,6,4,0,6,0,2,2,1.02,1.01,1,6,4,0,1
2,9.20458,8,0,28,8,2,18,28,12,0,18,1.02,0,0,10.17,0,3,6,6,1.08,1
0,1.56044,3,2,10,3,6,0,3,6,0,2,0,0,0,0,0,2,20,3,1.01,1
0,8.04434,10,2,33,5,1,0,10,16,0,2,0,1,1,1.01,1.01,0,6,4,0,1
1,1.76682,9,2,27,5,2,1,10,12,0,3,0,0,0,0,0,1,9,5,0,1
0,5.24229,4,3,30,4,2,1,6,12,1.01,4,0,1,1,1.01,1.01,1,14,1,0,1
1,7.47927,11,0,24,9,1,0,36,11,0,0,0,0,0,0,1.01,1,15,9,1.02,0
4,11.0132,41,5,179,15,1,3,105,51,4.04,7,3.24,3,3,4.04,0,5,6,8,8.14,0
2,3.04262,1,0,3,1,2,0,0,1,0,0,0,0,0,0,1.01,3,20,1,0,1
2,8.36237,20,9,60,4,4,18,6,39,2.04,27,2.55,0,0,5.24,4.09,3,16,3,3.75,1
1,8.51102,54,11,277,22,3,0,231,107,1.01,11,2.08,5,5,1.01,3.04,2,21,15,3.18,1
4,14.7948,17,3,71,7,1,2,21,35,0,5,4.12,6,5,3.03,0,4,0,5,6.19,1
0,3.36633,9,1,21,5,1,0,10,10,0,1,0,2,2,0,0,1,6,4,0,1
1,4.50833,4,3,12,3,5,1,3,6,0,4,0,0,0,0,3.08,1,89,1,0,1
0,7.72196,5,3,21,4,2,1,6,11,0,4,1.01,5,5,1.01,0,0,8,4,0,1
2,4.8424,36,6,145,7,1,0,21,58,2.03,6,3.33,0,0,2.03,0,4,6,2,3.89,1
1,3.98647,16,5,72,6,4,1,15,30,0,6,0,2,2,0,1.01,1,34,2,0,1
3,11.8519,8,2,33,7,5,46,21,17,1.01,47,1.01,2,2,14.35,3.04,3,86,6,1.02,1
3,14.5908,49,13,135,18,5,5,153,77,2.03,18,4.3,5,5,3.04,4.15,5,79,16,6.62,1
0,4.41258,12,2,38,12,6,3,66,22,1.02,5,1.09,1,1,2.04,6.58,1,499,12,1.13,1
10,17.9368,61,18,187,19,1,24,171,122,5.28,39,7,7,7,7.14,1.01,10,6,13,8.57,1
9,10.5919,6,0,48,2,1,8,1,9,0,8,3.07,4,4,4.04,0,11,0,2,3.41,1
12,31.5637,58,29,234,20,3,1,190,191,11.24,29,17.91,5,4,10.23,9.27,16,37,3,23.96,1
27,35.8788,0,0,0,0,1,0,0,0,0,0,0,185,1,0,0,42,0,0,0,0
1,12.0816,22,11,179,15,3,1,105,72,2.02,12,2.05,6,6,2.02,3.04,2,21,8,3.21,1
0,3.71677,7,2,23,7,5,3,21,10,0,5,0,1,1,0,4.49,0,248,7,1.01,1
0,1.56044,3,2,10,3,6,0,3,6,0,2,0,0,0,0,0,2,20,3,0,1
0,0,7,1,25,2,1,3,1,7,0,4,0,0,0,0,0,1,0,2,0,1
5,17.2562,30,10,152,9,1,2,36,89,3.04,12,6.58,4,4,2.03,0,9,0,3,8.02,1
0,7.26436,8,3,32,6,1,0,15,16,0,3,1.01,1,1,0,1.01,0,6,5,1.01,1
0,2.84822,17,13,78,12,5,0,66,42,0,13,0,2,2,0,2.04,3,80,8,1.12,1
0,6.41569,12,3,43,4,1,3,6,23,0,6,0,2,2,2.02,1.01,0,6,4,1.02,1
1,2.23703,13,12,165,5,5,1,10,33,0,13,0,4,4,0,0,2,55,3,0,1
2,4.80854,38,8,151,10,1,2,45,80,0,10,0,2,2,0,0,2,0,1,2.03,1
0,5.68119,46,13,220,20,1,11,190,95,1.01,22,1.03,11,7,2.02,1.01,0,6,15,3.14,1
3,6.83452,109,10,457,65,2,41,2080,195,1.01,51,2.06,14,11,5.1,0,5,62,47,3.35,0
1,11.1725,26,4,108,13,1,4,78,51,1.01,8,1.01,7,3,2.02,1.01,2,6,2,3.27,0
1,6.02605,17,6,83,12,5,2,66,41,1.01,8,3.1,4,4,1.01,4.07,2,78,12,2.25,0
3,7.696,14,4,140,9,1,1,36,36,0,5,0,5,5,0,0,3,0,4,1.09,1
1,3.19695,6,3,19,3,5,1,3,12,0,4,0,0,0,0,3.08,1,89,1,0,1
3,14.3413,46,24,128,10,1,1,45,74,3.04,25,4.19,4,4,3.04,1.01,4,6,3,5.49,1
3,5.6766,9,2,28,1,1,0,0,19,0,2,1.12,2,2,0,1.01,3,6,1,2.13,1
3,5.05091,8,8,29,3,3,1,3,17,3.07,9,3.15,1,1,3.07,4.06,4,36,1,3.26,0
0,2.67051,6,2,18,6,1,34,15,24,0,36,0,0,0,13.17,0,1,6,6,0,1
0,7.81509,16,1,55,10,2,1,45,21,2.02,2,2.02,0,0,2.02,0,0,11,9,1.03,1
5,10.9776,6,1,21,4,1,10,6,13,2.02,11,1.3,30,0,3.07,1.01,12,6,4,7.8,1
0,6.41569,9,2,29,8,1,1,28,18,2.02,3,0,1,1,2.02,0,0,0,8,1.02,1
8,10.2464,82,19,290,15,1,3,105,124,1.02,22,3.34,0,0,2.04,0,9,6,4,6.23,1
4,16.2007,23,7,71,9,1,2,36,42,3.04,8,7.24,4,4,3.05,1.01,4,11,8,5.22,1
3,3.82071,19,3,54,7,2,3,21,21,1.01,6,2.04,9,9,2.02,0,4,36,5,3.08,1
2,11.1198,14,9,96,11,2,1,55,40,2.04,10,2.25,7,6,2.04,7.17,3,28,3,3.8,0
1,4.36826,30,13,169,7,1,5,21,77,0,18,3.07,1,1,0,0,2,6,5,1.07,1
6,21.2841,63,10,162,32,2,23,496,76,4.07,33,6.28,7,5,9.14,2.02,6,21,23,6.71,1
2,12.0347,4,5,45,4,2,1,6,18,3.04,6,2.08,3,2,3.04,8.18,4,28,2,2.03,1
5,9.64953,23,9,124,8,1,2,28,50,2.08,11,4.44,2,2,3.08,0,7,0,3,5.14,1
0,1.77712,2,0,6,3,1,0,3,4,0,0,0,0,0,0,0,1,7,3,0,1
0,0,15,7,44,9,2,2,36,34,3.04,9,5.22,2,2,4.05,6.19,0,31,8,7.3,1
0,7.72196,9,2,33,6,1,0,15,17,0,2,1.01,4,4,0,0,0,0,5,0,1
2,5.15869,34,3,142,17,1,3,136,58,1.01,6,3.4,1,1,2.02,0,4,6,12,3.94,0
6,13.06,20,8,71,11,5,8,55,37,2.03,16,3.06,4,3,4.05,4.07,6,71,10,4.13,1
7,11.2702,29,3,115,22,1,7,231,45,0,8,4.06,14,10,1.01,0,7,6,13,5.26,1
2,6.05686,5,10,65,5,2,2,10,37,1.01,12,2.15,0,0,2.03,1.01,4,4,3,3.19,1
3,11.5519,8,11,60,7,2,1,21,30,2.03,12,3.07,5,5,2.04,0,3,8,7,2.08,1
1,2.90397,2,1,6,2,2,1,1,4,0,2,0,0,0,0,1.01,2,10,2,0,1
3,10.2582,14,6,67,8,2,1,28,18,2.04,7,5.14,5,5,2.04,2.02,6,8,6,5.25,1
1,5.38823,36,2,94,15,1,3,105,43,0,4,2.02,3,0,0,0,3,0,11,3.05,1
2,7.21846,21,12,126,15,5,1,105,80,0,13,0,2,0,0,2.04,5,80,9,0,1
16,27.4277,108,34,525,35,5,2,595,243,8.14,35,14.93,10,10,8.14,5.37,20,73,6,19.56,1
0,5.4727,11,2,41,8,3,2,28,22,2.02,4,2.1,3,3,2.02,4.11,0,55,7,2.22,1
6,12.7295,63,9,222,23,4,1,253,145,1.02,10,2.05,2,2,2.03,9.58,8,192,21,2.04,1
0,1.76682,10,0,36,4,1,1,6,9,0,1,0,1,1,0,0,1,0,3,1.04,1
1,4.7997,17,0,68,5,1,1,10,19,0,1,0,5,5,0,0,1,0,4,1.02,1
0,6.26191,15,4,57,5,1,0,10,36,0,4,0,1,0,0,0,0,0,2,0,1
1,1.38451,23,7,77,5,1,2,10,47,0,9,0,3,0,0,0,2,6,2,0,1
2,6.35106,96,13,381,33,3,28,528,139,3.07,41,3.17,3,3,5.32,3.52,4,195,27,4.71,1
9,15.7896,29,11,252,16,4,1,120,88,5.08,12,8.53,9,9,5.08,7.21,23,32,11,11.25,1
0,4.64887,4,1,10,3,2,1,3,6,0,2,0,0,0,0,2.02,0,29,2,0,1
2,7.70698,8,4,25,2,4,1,1,13,1.02,5,1.06,0,0,4.04,3.04,3,16,2,1.07,1
3,8.04434,9,4,18,4,3,0,6,11,0,4,0,0,0,0,3.03,3,33,2,0,1
1,3.18664,4,2,15,3,3,1,3,8,0,3,1.02,0,0,0,2.04,1,14,2,1.03,1
2,2.15793,20,11,81,8,2,1,28,39,0,12,0,2,1,0,0,3,29,6,2.02,1
6,21.0274,102,13,440,23,3,1,253,245,4.04,14,5.25,2,0,4.04,7.07,7,41,1,8.02,1
0,0,13,1,43,6,1,1,15,13,0,2,0,2,2,0,0,1,0,5,0,1
2,5.52957,37,22,236,19,5,1,171,128,1.03,23,2.22,4,4,1.03,6.55,2,72,9,2.24,1
2,9.08573,16,2,49,6,3,2,15,14,3.03,4,1.09,3,2,3.03,1.01,3,29,5,1.3,1
0,3.32521,13,12,63,4,1,1,6,45,0,13,0,0,0,0,0,1,6,1,1.11,1
2,17.7108,46,13,215,16,3,2,120,101,2.02,15,5.27,7,6,4.04,3.04,4,21,7,4.76,1
8,17.5143,20,1,95,10,2,1,45,36,0,2,4.24,8,7,0,2.02,8,4,9,7.61,1
0,6.41569,29,0,79,8,1,0,28,23,0,0,0,4,2,0,0,0,0,1,0,1
1,1.76682,9,4,31,2,2,0,1,17,0,4,0,1,0,0,0,1,14,1,0,1
7,15.7896,22,9,159,13,4,1,78,57,5.08,10,8.38,5,5,5.08,7.21,16,32,11,11.19,1
9,16.1068,49,15,396,19,5,2,171,105,4.04,17,6.39,8,8,4.04,4.27,18,34,6,12.76,1
1,1.77712,5,3,17,3,2,2,3,6,0,5,0,1,1,0,0,1,43,2,0,1
5,13.7684,43,23,176,15,5,2,105,117,1.01,24,4.09,1,1,1.01,5.37,5,72,6,5.2,0
5,12.3564,59,22,387,27,4,2,351,176,6.22,24,9.54,8,8,6.23,6.14,13,32,9,11.05,1
15,20.29,19,9,199,9,4,3,36,55,3.11,12,7.02,12,12,4.11,4.1,20,47,6,11.51,0
7,12.6552,10,2,56,8,1,0,28,27,1.01,2,3.07,3,3,1.01,0,7,0,4,4.14,1
0,3.36633,81,4,257,9,1,1,36,65,0,5,0,9,0,0,0,1,6,3,0,1
3,7.08978,10,0,30,11,3,4,55,11,0,4,3.08,5,5,1.01,6.11,4,70,11,3.24,1
15,36.1864,150,48,548,40,4,13,780,328,9.16,58,20.21,7,7,16.29,12.28,19,78,15,24.82,1
12,21.4581,26,7,113,15,1,5,105,51,8.11,12,9.64,11,0,9.12,0,13,0,6,9.91,0
2,10.8383,20,3,50,11,1,6,55,25,0,9,0,5,5,1.02,0,2,0,10,0,1
0,6.41569,7,2,21,4,1,1,6,10,0,3,1.01,2,2,1.01,1.01,0,6,4,0,1
2,5.42567,101,6,370,20,1,1,190,218,0,7,2.81,0,0,0,1.01,2,6,0,4.48,1
1,6.90708,4,2,17,4,3,0,6,9,0,2,0,2,2,0,0,1,1,4,1.01,1
7,19.4171,45,14,198,20,1,2,190,97,6.06,16,6.53,7,7,7.09,0,7,0,10,4.53,0
0,3.30831,3,1,9,3,5,2,3,5,0,3,0,1,1,1.01,3.07,0,64,3,0,1
1,9.30009,60,17,174,8,2,1,28,72,0,18,0,0,0,0,1.01,1,29,2,1.13,1
1,3.19189,24,4,76,10,2,1,45,28,0,5,0,8,7,0,0,1,25,4,0,1
1,13.9202,3,6,23,3,2,1,3,15,3.05,7,3.09,4,3,3.05,8.18,2,28,1,3.07,1
0,7.62199,6,1,30,4,3,1,6,5,0,2,0,2,2,0,0,1,13,3,0,1
6,15.7601,15,2,74,9,1,0,36,28,2.02,2,3.14,4,3,3.03,0,6,0,6,4.47,1
1,14.4321,8,6,27,5,6,3,10,20,1.01,9,2.06,1,1,3.03,11.51,1,155,4,1.03,1
0,3.05459,7,2,19,5,2,3,10,10,0,5,0,1,1,0,0,1,15,5,0,1
0,4.22329,34,6,105,7,2,1,21,41,0,7,0,0,0,0,1.01,0,29,2,2.16,1
10,21.3635,41,7,281,19,1,2,171,104,3.07,9,6.32,17,16,3.07,0,12,0,10,8.04,0
3,11.6615,17,8,50,4,3,1,6,21,0,9,1.01,2,2,0,2.02,4,21,3,2.03,1
4,7.03016,30,17,147,14,1,2,91,68,1.04,19,2.15,16,16,1.05,0,6,0,3,3.47,1
13,12.9364,218,21,646,37,2,1,666,471,5.12,22,9.71,21,10,5.12,2.03,17,18,6,11.02,0
0,8.98492,20,12,130,13,3,1,78,61,2.03,13,3.11,5,5,2.03,3.04,2,21,7,4.21,1
3,13.1509,50,13,147,14,1,2,91,93,1.02,14,3.09,2,2,1.02,1.01,3,6,5,3.13,1
1,2.53244,4,3,34,2,1,1,1,13,0,4,0,0,0,0,0,3,7,2,0,1
1,3.05459,33,8,110,16,1,1,120,68,0,9,0,1,0,0,0,2,0,9,1.03,1
0,3.36633,4,0,13,4,1,0,6,4,0,0,0,2,1,0,1.01,1,6,4,0,1
2,6.12275,16,4,51,13,4,1,78,24,0,5,1.01,2,2,0,1.01,2,55,8,2.07,1
1,5.02919,23,6,120,18,4,1,153,61,1.04,7,1.1,3,3,1.04,1.07,3,39,7,2.06,1
1,5.88694,12,1,57,10,1,1,45,21,0,2,2.06,6,0,0,0,2,0,9,2.21,1
0,0,3,0,10,3,1,0,3,3,0,0,0,2,2,0,0,0,8,3,0,1
0,1.76682,9,1,32,2,1,1,1,15,0,2,0,2,2,0,0,1,6,2,0,1
15,31.2057,148,40,564,34,5,2,561,289,10.21,41,19.58,9,9,10.21,5.37,22,73,5,22.23,1
1,2.98374,4,1,14,3,2,2,3,6,1.01,3,1.03,1,1,1.02,0,2,11,3,2.07,1
0,6.42599,2,2,8,2,1,1,1,4,0,3,0,1,1,0,1.01,0,7,2,0,1
10,18.222,63,15,278,16,1,29,120,118,2.02,44,10.22,7,7,12.19,1.01,11,6,12,10.52,1
1,5.95086,30,16,146,15,5,1,105,82,1.01,17,2.16,2,2,1.01,2.04,5,80,10,3.18,1
1,0,9,2,24,3,1,0,3,10,0,2,0,2,2,0,0,1,6,3,0,1
2,5.98276,17,3,50,11,2,14,55,19,0,17,0,4,4,10.35,1.01,2,12,11,0,1
5,14.6314,17,1,52,1,1,0,0,25,1.01,1,3.18,0,0,1.01,1.01,5,6,1,5.38,1
8,23.6105,111,11,350,42,3,1,861,195,9.11,12,14.77,16,16,9.11,14.43,10,67,40,18.35,0
1,1.42715,25,0,165,17,1,6,136,59,1.01,6,1.01,0,0,1.02,0,2,6,17,1.02,0
2,3.70646,10,5,45,6,1,1,15,17,1.01,6,1.01,1,1,1.01,0,2,0,2,2.14,1
0,1.76682,9,3,42,3,1,1,3,12,0,4,0,2,2,0,0,1,0,2,1.01,1
4,17.1691,177,31,788,38,5,1,703,325,5.08,32,9.56,17,17,5.08,4.35,16,75,11,15.73,1
3,12.0774,7,3,22,5,3,3,10,12,0,6,1.02,2,1,0,4.06,3,55,5,1.04,1
2,7.22187,8,3,32,3,1,1,3,14,0,4,0,3,3,0,0,2,0,3,0,1
1,2.80367,4,2,20,2,1,1,1,7,0,3,0,3,3,0,0,1,0,2,1.01,1
10,17.039,14,8,53,5,2,2,10,31,5.18,10,6.42,1,1,14.49,2.06,10,11,2,8.11,0
0,6.41569,31,10,92,13,2,1,78,49,0,11,0,1,1,0,2.02,0,29,3,1.05,1
1,8.1934,8,0,23,2,1,7,1,6,0,7,0,1,1,6.08,0,1,0,2,1.02,1
2,6.19566,26,11,98,9,2,6,36,60,0,16,2.03,2,2,1.05,1.01,2,11,9,3.12,1
1,3.19189,12,1,42,5,2,0,10,11,0,1,0,5,5,0,0,1,25,5,0,1
2,1.27443,2,0,6,2,3,1,1,2,0,1,0,0,0,0,0,2,5,1,0,1
0,1.56044,53,11,134,13,5,1,78,93,0,12,0,16,8,0,2.04,2,80,7,1.39,1
1,7.7645,4,4,29,4,1,1,6,19,1.02,5,2.09,1,1,1.02,0,1,0,3,3.17,1
3,17.1566,7,10,34,4,2,1,6,33,4.05,10,4.16,1,0,3.04,8.18,4,28,1,5.15,1
4,8.67717,57,22,265,23,5,1,253,154,2.04,23,3.12,4,4,2.04,6.38,4,72,10,4.4,1
0,1.76682,5,2,16,4,3,1,6,9,0,3,0,1,0,0,0,2,14,3,0,1
0,1.56044,2,2,7,2,6,0,1,5,0,2,0,0,0,0,0,2,20,2,0,1
11,21.0216,30,17,123,7,2,0,21,102,6.1,17,10.45,2,1,6.1,1.06,11,19,1,10.94,0
1,4.31805,4,4,13,4,2,0,6,9,0,4,1.01,0,0,1.01,0,1,13,1,0,0
0,5.61911,2,0,6,2,3,0,1,2,0,0,0,0,0,0,5.13,0,33,1,0,1
1,5.02919,18,3,71,14,4,1,91,32,0,4,1.02,2,2,0,1.07,2,39,7,2.07,1
0,6.79305,9,4,34,8,3,0,28,18,1.01,4,1.02,3,3,1.01,5.13,0,33,6,2.08,1
0,7.95718,2,0,7,2,2,2,1,2,0,2,0,2,1,0,1.01,0,19,2,0,1
0,7.05038,6,6,36,3,1,1,3,19,0,7,0,1,1,0,0,0,0,2,1.04,1
0,1.77712,5,0,18,5,1,2,10,5,0,2,0,4,4,0,0,0,6,5,0,1
1,4.83647,19,4,65,7,1,1,21,39,0,4,0,2,2,0,0,1,8,6,1.03,1
9,17.3119,51,15,187,16,4,4,120,93,2.06,19,4.24,5,5,4.1,4.08,9,88,15,5.79,1
0,5.82803,4,2,37,2,1,1,1,14,0,3,0,0,0,0,0,1,7,2,1.04,1
0,6.94415,122,24,390,29,2,2,406,177,1.01,25,2.07,7,7,1.01,2.08,0,15,15,3.4,1
1,3.71677,7,2,22,7,6,2,21,12,0,4,0,1,1,0,4.49,2,262,7,1.05,1
6,14.0182,50,12,237,17,4,10,136,117,10.12,22,6.61,4,4,14.21,4.11,7,51,13,6.66,1
0,6.01575,7,2,39,5,2,1,10,18,1.01,3,1.01,2,1,1.01,3.05,0,18,5,1.01,1
16,27.2665,38,5,202,11,1,4,55,68,10.11,9,17.3,14,12,10.11,0,19,0,3,19.76,0
0,2.84822,17,13,114,13,5,0,78,47,0,13,0,6,1,0,2.04,3,80,9,1.29,1
3,12.0117,5,7,28,5,2,1,10,18,2.03,8,4.07,2,1,2.03,8.17,5,28,1,5.17,1
1,1.77712,2,1,8,2,9,0,1,4,0,1,0,2,2,2.03,2.05,1,176,2,0,1
3,17.2759,10,3,36,10,1,11,45,19,5.05,14,5.23,2,2,7.12,4.09,3,14,6,5.55,1
0,5.45209,168,14,644,37,1,11,666,305,0,24,1.06,1,1,0,1.01,0,6,13,3.13,1
2,3.17095,13,4,114,7,1,1,21,36,0,5,0,8,7,1.04,0,2,0,2,1.01,0
12,17.9211,177,28,588,35,2,2,595,234,6.13,29,8.18,27,14,6.13,2.03,19,18,8,12.25,1
4,10.3419,14,6,50,6,1,1,15,33,2.03,6,2.08,1,1,2.03,1.01,4,8,5,4.78,1
1,7.72196,6,3,43,4,6,1,6,21,1.01,4,1.01,0,0,1.01,5.37,1,103,1,1.11,1
0,0,3,3,21,3,1,1,3,11,0,4,0,2,2,0,0,1,0,3,0,1
2,3.54759,14,8,53,10,4,4,45,30,1.01,12,1.01,3,3,3.03,3.06,2,63,8,2.06,0
0,6.41569,1,0,4,1,1,3,0,2,0,3,0,0,0,1.01,0,0,0,1,0,1
0,4.41258,19,2,61,19,5,1,171,38,0,3,2.05,1,1,0,5.9,1,422,19,2.07,1
0,0,17,4,78,20,3,4,190,50,0,8,0,4,4,0,0,1,14,14,0,1
2,4.53091,15,3,40,6,3,4,15,32,0,7,1.03,1,0,5.35,2.02,2,10,3,1.07,1
6,14.5398,11,7,81,7,4,1,21,27,4.09,8,7.28,3,3,4.09,7.21,13,32,7,10.5,1
11,23.0656,28,11,153,12,1,7,66,65,7.1,18,9.37,5,5,13.18,0,13,0,4,8.05,1
0,3.17013,3,2,15,1,1,0,0,10,0,2,0,0,0,0,0,0,0,1,1.01,0
12,25.6709,70,11,222,26,4,7,325,133,2.03,18,10.41,9,9,13.16,9.14,12,122,20,11.75,1
1,3.0616,14,7,62,9,4,3,36,30,0,10,1.01,3,3,1.02,2.05,2,62,7,2.05,1
6,7.94205,0,0,0,0,1,0,0,0,0,0,0,81,1,0,0,13,0,0,0,1
0,4.57426,14,2,70,6,2,0,15,21,0,2,0,4,4,0,0,0,13,1,0,1
1,1.76682,8,2,39,6,1,1,15,19,0,3,0,1,0,0,0,1,0,4,0,1
0,5.33086,4,2,13,4,3,0,6,6,0,2,0,1,1,1.01,3.1,0,14,3,0,1
3,9.16954,3,2,11,4,8,2,6,7,0,4,0,1,1,1.01,8.13,3,160,4,0,1
0,3.15241,29,15,144,10,2,1,45,62,0,16,1.13,2,1,1.01,1.04,3,29,6,2.58,1
0,5.36088,21,10,73,7,5,7,21,41,0,16,1.02,1,1,3.03,4.11,1,71,5,1.01,1
1,4.88727,1,1,3,1,1,0,0,2,0,1,1.01,0,0,0,1.01,2,6,1,0,1
3,8.00679,24,4,140,12,2,1,66,49,0,5,4.09,2,2,0,2.02,5,18,6,4.36,0
1,6.42599,9,0,22,6,1,5,15,6,0,5,0,5,5,3.03,1.01,1,11,6,0,1
3,16.617,41,10,109,16,2,5,120,52,4.04,15,8.28,7,7,8.19,3.07,6,11,11,10.84,1
8,13.0943,60,25,281,16,1,0,120,182,6.16,25,5.58,4,4,6.16,1.01,8,6,4,6.71,0
15,17.978,125,25,379,26,1,52,325,227,5.1,75,9.91,5,1,13.25,0,18,6,22,12.81,0
22,42.0495,101,14,316,12,2,22,66,122,5.1,35,18.59,1,1,13.23,1.01,30,9,7,21.52,0
36,30.4541,286,21,945,55,3,1,1485,494,10.19,22,28.66,3,3,10.19,3.04,50,30,3,34.77,1
2,8.74592,7,1,34,7,4,7,21,13,0,8,1.03,0,0,4.04,3.03,3,31,2,2.05,1
1,6.4348,16,6,68,8,2,1,28,21,0,7,0,5,5,0,0,1,8,6,1.01,1
8,14.2492,139,37,582,33,1,9,528,273,4.05,46,7.59,9,2,5.06,1.01,10,6,6,8.44,0
0,11.7532,5,2,19,5,3,1,10,11,1.01,3,1.01,1,1,1.01,5.13,0,33,3,2.02,1
4,10.571,71,22,230,18,1,1,153,156,4.05,23,4.23,16,15,4.05,1.01,4,6,11,5.49,1
7,21.8404,86,25,416,18,2,1,153,205,10.25,26,12.51,1,1,10.25,2.02,8,11,1,15.66,0
3,13.3046,23,3,93,18,5,18,153,48,1.01,21,2.03,5,5,6.15,3.03,3,37,9,3.12,1
1,5.99307,10,0,30,11,1,8,55,11,0,8,0,11,5,1.01,1.01,1,6,11,0,1
1,6.05686,13,5,61,8,2,1,28,17,0,6,2.03,4,4,0,2.02,3,8,6,2.14,1
0,1.56044,5,0,17,5,1,1,10,11,0,1,0,1,1,0,0,2,0,5,0,1
14,26.5914,158,35,677,40,5,1,780,342,5.14,36,8.92,9,9,5.14,5.37,18,73,11,13.35,1
0,1.77712,3,1,10,3,2,2,3,6,0,3,0,0,0,0,1.01,0,11,2,0,1
10,23.6268,43,16,188,10,2,0,45,137,6.08,16,11.69,1,1,6.08,2.19,11,19,2,14.4,1
0,4.68802,4,1,20,3,1,1,3,8,0,2,0,2,2,0,0,0,0,3,0,1
0,1.77712,10,5,27,5,2,1,10,14,0,6,0,0,0,0,1.01,0,9,4,0,1
1,5.89435,0,0,0,0,1,0,0,0,0,0,0,4,0,0,0,3,6,0,0,1
0,1.56044,3,3,10,3,6,0,3,7,0,3,0,0,0,0,0,2,20,3,1.02,1
0,3.17095,8,0,25,9,1,1,36,19,0,1,0,5,1,0,0,0,6,6,1.01,1
7,12.4057,1,0,6,2,1,2,1,3,0,2,0,42,0,1.01,1.01,19,7,2,1.01,0
1,5.51129,14,2,53,7,2,0,21,33,2.02,2,1.01,2,2,2.02,2.02,1,10,6,1.02,1
1,1.56044,16,11,136,11,5,1,55,42,0,12,0,3,0,0,1.03,2,80,8,1.15,1
3,8.51529,21,8,63,9,4,19,36,47,1.01,27,3.04,6,0,3.03,2.04,5,72,2,3.06,1
0,4.75414,45,12,176,18,3,1,153,84,0,13,1.04,3,3,0,3.04,0,21,11,2.08,1
0,5.35698,6,2,24,5,1,2,10,11,1.02,4,1.08,1,0,2.02,0,0,0,5,2.15,1
0,3.18664,3,1,32,3,1,1,3,6,0,2,0,2,2,0,0,0,0,2,1.02,1
7,20.3477,15,7,59,5,3,1,10,31,4.14,8,4.41,1,1,5.16,3.04,8,21,1,4.41,0
0,3.18664,5,2,16,4,3,1,6,9,0,3,0,1,0,0,3.1,0,14,3,0,1
2,8.69863,2,2,10,2,1,1,1,7,0,3,1.01,2,2,0,0,2,0,2,1.02,1
4,12.6078,25,11,79,14,5,4,91,55,1.01,15,6.24,2,2,1.01,9.7,5,211,14,5.24,1
2,7.47927,6,1,31,6,4,26,15,10,0,27,0,0,0,10.16,3.03,2,31,2,1.02,1
0,5.36933,7,2,46,4,1,1,6,23,0,2,0,2,2,0,0,0,0,3,1.01,1
1,6.21176,8,2,42,5,1,3,10,13,1.01,5,1.04,1,0,1.04,0,3,0,2,2.09,1
4,17.5178,4,4,28,4,1,1,6,15,4.18,5,6.57,2,2,5.19,0,4,0,1,4.92,1
0,6.15544,22,7,73,5,2,4,10,25,0,11,2.06,2,2,2.02,1.01,2,10,4,1.13,1
1,0,6,2,14,4,6,1,6,9,0,3,0,1,1,0,0,1,67,4,0,1
0,6.41569,4,0,13,4,1,1,6,5,0,1,0,2,2,0,1.01,0,6,4,0,1
0,0,3,0,8,2,2,1,1,4,0,1,0,1,1,0,1.01,1,10,2,0,1
1,1.76682,18,4,101,8,2,2,28,35,0,6,0,6,5,0,0,1,18,3,1.06,1
15,27.2338,77,24,293,22,1,9,231,184,6.11,30,11.94,6,5,7.15,2.02,18,8,16,12.17,1
3,16.6715,27,15,95,9,1,7,36,61,3.1,22,5.39,0,0,8.16,0,3,0,3,4.59,1
1,1.76682,8,1,42,7,1,1,21,18,0,2,0,6,3,0,0,1,6,7,1.01,1
3,6.45747,35,5,104,7,3,1,21,65,1.01,6,1.1,9,9,1.01,1.01,3,33,6,2.6,1
0,1.77712,3,2,11,3,9,1,3,6,0,3,0,1,1,0,3.06,0,228,3,0,1
3,7.22788,21,9,92,8,1,1,28,54,0,9,0,9,9,0,1.01,4,6,6,1.01,0
1,7.47927,10,4,62,6,1,11,15,21,1.01,15,0,4,3,3.07,0,1,0,2,0,1
6,18.2028,17,3,80,9,1,0,36,26,4.07,3,3.34,7,7,4.09,0,7,0,6,4.15,1
1,1.77712,1,1,3,1,1,0,0,2,0,1,0,0,0,0,0,1,6,1,0,1
3,6.20292,19,3,51,5,1,3,10,31,3.03,5,2.06,0,0,3.03,0,3,0,3,3.23,1
3,13.5092,24,3,104,13,1,2,78,46,0,5,4.11,7,7,1.01,0,3,0,8,5.39,1
1,7.63517,2,1,12,2,1,1,1,5,1.01,2,1.04,2,2,1.01,0,2,0,1,1.09,1
1,4.72501,12,0,24,9,1,1,36,11,1.01,1,0,2,2,1.01,0,1,12,9,1.01,1
2,11.2502,8,3,55,7,1,1,21,19,1.01,4,2.03,5,5,1.01,0,2,0,3,3.08,1
6,6.94439,16,1,47,3,3,2,3,20,3.03,3,2.12,1,1,3.03,2.03,7,16,1,3.34,1
2,3.12618,64,4,214,7,1,1,21,117,0,5,0,0,0,0,0,2,6,2,1.08,1
2,8.81525,8,2,27,4,2,1,6,14,3.03,3,2.09,2,2,3.04,1.09,3,9,2,3.13,1
1,7.23217,7,4,23,5,4,3,10,14,0,7,0,2,1,1.01,3.07,1,48,3,0,1
4,15.8933,45,14,183,13,1,6,78,104,4.05,20,5.42,0,0,5.08,1.01,7,6,4,7.83,0
2,2.9034,7,12,36,4,5,0,6,33,0,12,1.01,0,0,0,0,4,40,1,1.01,0
0,11.7472,49,14,217,17,3,0,136,104,2.02,14,3.06,7,7,3.03,3.04,2,21,10,4.23,1
4,4.69981,11,2,35,5,4,1,10,12,1.01,3,0,0,0,1.01,2.03,5,18,5,1.05,1
0,3.19311,9,4,22,5,3,1,10,12,1.01,5,0,3,2,1.01,2.05,0,32,5,0,1
1,9.5467,18,7,87,12,3,1,66,53,2.02,8,2.04,1,1,2.02,3.04,2,21,10,3.17,1
10,21.4383,99,23,384,28,1,29,378,175,9.12,52,5.51,8,1,17.26,1.01,13,20,10,8.03,1
0,1.76682,6,3,37,5,1,1,10,13,0,4,0,1,0,0,0,1,0,4,1.01,1
0,2.99178,3,1,8,3,1,3,3,7,0,4,0,29,4,0,0,1,6,2,1.01,1
0,6.42599,7,1,21,6,4,2,15,9,0,3,0,1,1,1.01,5.11,0,90,6,0,1
2,4.4013,10,2,36,11,3,2,55,22,0,4,0,2,1,1.01,1.01,2,23,3,1.02,1
0,1.56044,3,2,10,3,6,0,3,6,0,2,0,0,0,0,0,2,20,3,0,1
0,9.02416,6,4,33,4,1,1,6,17,0,5,2.02,4,4,0,0,1,0,3,1.03,1
2,8.22594,22,16,103,9,2,1,36,74,1.01,17,2.13,0,0,1.01,0,2,4,1,1.16,0
1,4.41258,16,6,56,11,2,3,55,29,1.01,9,1.02,1,1,1.01,0,2,17,6,2.13,1
0,3.8069,19,7,81,7,2,1,21,41,0,8,0,1,1,1.01,1.01,1,47,1,0,1
1,3.17625,1,0,4,1,2,0,0,2,1.03,0,1.28,3,0,1.06,2.02,1,9,1,1.31,1
1,10.1306,12,10,83,7,2,0,21,37,1.01,10,3.05,12,8,1.01,0,3,8,6,4.22,1
1,8.47144,10,7,38,6,4,5,15,32,4.05,12,2.07,1,1,6.07,4.11,1,51,5,1.08,1
0,0,70,8,478,26,1,10,325,142,3.03,17,11.96,25,21,8.12,0,0,0,9,19.07,1
4,13.5775,23,7,82,19,7,3,171,41,2.04,10,4.23,5,5,5.07,4.07,4,92,16,2.31,0
6,18.2442,32,0,92,16,1,16,120,47,0,16,7.21,1,0,16.22,1.01,7,6,16,7.42,0
0,0,17,7,51,12,2,6,66,33,0,12,0,1,1,0,0,1,17,7,0,1
1,1.76682,2,2,27,2,1,0,1,9,0,2,0,0,0,0,0,1,6,1,1.01,0
0,4.18914,13,3,37,10,1,7,45,18,1.01,10,2.09,2,2,0,1.01,0,8,8,2.22,1
1,7.6507,7,2,25,7,3,3,21,13,1.01,5,0,5,3,1.01,1.01,1,24,7,0,1
2,13.8243,8,6,70,8,1,0,28,32,1.05,6,4.22,3,3,2.06,0,2,0,4,4.27,0
0,9.95198,12,2,38,7,1,2,21,18,1.01,4,2.08,3,3,2.02,1.01,0,6,7,2.17,1
23,38.2013,88,26,343,30,2,6,435,220,10.39,30,27.05,6,6,16.42,7.18,24,19,18,34.15,0
5,10.6277,36,11,113,15,5,5,105,61,4.07,16,4.2,4,4,4.08,4.15,5,143,13,4.38,1
0,3.1028,50,29,304,17,1,1,136,123,1.03,30,1.13,8,2,1.04,0,1,0,2,2.36,1
3,9.66991,8,4,23,6,6,12,15,15,1.01,16,1.04,1,1,8.09,5.12,4,78,5,2.05,1
1,3.19695,3,1,11,3,2,0,3,5,0,1,0,0,0,0,0,1,6,3,0,1
7,18.4852,44,13,173,20,3,5,190,121,5.09,18,5.54,5,1,7.12,4.06,7,71,14,5.81,1
2,7.36317,0,0,0,0,1,0,0,0,0,0,0,235,1,0,0,7,0,0,0,1
0,4.50348,4,3,15,3,2,0,3,10,0,3,0,0,0,0,1.01,1,10,2,0,1
0,8.07975,8,3,30,6,5,4,15,16,2.02,7,2.11,3,3,2.02,5.08,1,92,6,1.14,1
2,4.23308,76,10,264,14,1,12,91,121,0,22,1.09,0,0,0,0,3,6,11,2.31,0
4,14.001,21,10,82,7,2,1,21,51,0,11,1.01,1,0,0,3.03,5,26,4,3.04,1
0,7.87093,4,3,13,3,3,1,3,8,1.01,4,0,1,1,1.01,1.01,1,14,2,0,1
0,6.41569,2,0,7,3,1,0,3,6,0,0,0,0,0,2.02,0,0,0,2,0,1
0,1.77712,6,3,20,5,1,1,10,13,0,4,0,2,0,0,0,1,6,4,0,0
0,3.71865,63,10,307,21,1,1,210,122,1.01,11,1.02,0,0,1.01,0,1,6,2,2.31,1
0,9.31549,12,2,38,4,1,1,6,12,0,3,0,2,2,0,1.01,0,6,3,1.08,1
0,6.41569,13,2,42,4,1,0,6,23,0,2,0,3,3,1.01,0,0,0,3,0,1
1,5.84321,22,2,58,8,5,0,28,34,1.01,2,0,1,1,1.01,9.59,1,251,7,0,1
1,10.7189,15,2,45,11,1,8,55,22,1.01,10,1.01,1,1,7.07,1.01,2,6,11,2.03,1
0,1.76682,8,7,31,6,1,2,15,21,0,9,0,1,0,0,0,1,9,6,1.01,1
4,14.6883,57,12,180,20,3,9,190,101,8.14,21,4.48,15,9,10.16,1.01,7,35,20,7.92,1
1,2.71813,42,21,195,10,1,2,45,96,0,23,0,4,4,0,0,2,0,1,1.15,1
1,10.3221,32,10,125,14,3,0,91,63,2.02,10,2.04,3,2,2.02,3.04,1,21,11,3.11,1
2,8.97676,11,3,88,6,1,1,15,24,0,4,1.01,3,3,0,0,3,0,2,3.13,0
0,5.72876,23,6,58,9,3,1,36,42,3.03,7,2.12,3,3,3.03,4.1,0,34,7,2.11,1
11,15.4536,93,19,405,21,1,1,210,134,4.14,19,5.23,12,12,4.14,0,18,6,10,10.52,0
5,10.0245,20,9,63,9,3,1,36,39,3.03,9,2.06,3,2,3.03,4.06,5,67,7,2.11,1
3,4.69981,4,0,13,2,3,2,1,5,2.08,2,2.09,0,0,2.08,2.03,3,16,1,1.17,1
0,4.87416,8,2,25,7,3,1,21,10,1.01,3,0,3,3,1.01,2.05,0,34,7,0,1
9,20.6318,29,12,98,7,1,4,21,67,7.37,15,6.19,2,1,8.42,1.01,9,6,3,8.65,1
1,5.02919,33,17,130,11,2,1,55,65,0,18,0,2,1,0,1.06,4,29,6,1.11,1
4,17.0132,19,3,96,13,2,1,78,40,0,4,5.07,4,1,0,2.02,7,6,10,7.43,1
2,15.677,39,8,150,31,3,25,465,61,3.05,33,4.37,4,3,11.17,3.15,8,32,14,9.15,1
0,1.56044,2,2,7,2,6,0,1,5,0,2,0,0,0,0,0,2,20,2,0,1
1,1.77712,1,1,3,1,1,0,0,2,0,1,0,0,0,0,0,1,6,1,0,1
4,21.903,35,17,152,21,3,2,210,67,5.07,19,9.32,1,1,4.07,12.22,10,72,9,10.82,1
4,3.81443,98,8,461,27,1,4,351,187,0,12,2.02,39,39,0,0,8,6,9,2.06,1
3,10.7641,21,3,55,10,1,8,45,28,3.07,10,4.21,4,2,5.1,0,3,0,9,3.35,1
3,4.41939,7,5,26,3,3,1,3,11,0,6,0,1,1,0,0,3,9,1,0,1
0,4.68802,11,3,33,8,1,0,28,24,0,3,0,1,1,0,1.01,0,9,8,0,1
2,6.39356,29,5,132,5,1,1,10,57,1.02,6,1.04,1,1,1.03,0,4,7,2,3.2,1
0,1.56044,8,2,29,8,5,1,28,14,0,3,0,2,0,0,2.04,2,80,7,0,1
0,7.20141,7,6,33,5,1,1,10,17,1.01,7,0,1,1,4.04,1.01,2,6,5,3.06,1
0,6.41569,14,3,38,12,1,20,66,28,0,23,0,2,2,14.16,1.01,0,6,12,1.01,1
3,18.6835,33,8,97,18,3,1,153,70,6.13,9,8.87,1,1,6.13,12.55,4,31,3,10.5,1
3,10.4273,13,16,79,4,2,0,6,46,2.14,16,4.38,0,0,2.14,0,5,9,2,4.62,1
1,3.19695,3,1,9,3,2,0,3,5,0,1,0,0,0,0,0,1,6,3,0,1
0,3.18664,5,2,16,4,3,1,6,9,0,3,0,1,1,0,3.1,0,14,3,0,1
1,10.2902,15,3,109,10,2,2,45,29,1.01,5,2.04,4,4,1.01,2.02,3,18,6,5.4,1
3,11.5044,45,21,197,22,5,1,231,128,0,22,4.1,4,4,0,5.37,5,72,5,5.15,1
2,3.28852,33,8,137,13,1,1,78,44,0,9,1.09,5,5,0,0,2,0,8,2.41,1
2,14.8927,11,7,79,9,3,1,36,44,2.02,8,4.1,3,3,2.02,3.04,3,21,9,6.16,1
0,4.5126,10,5,40,8,1,1,28,25,0,6,1.04,3,0,1.01,0,1,0,6,1.09,0
8,9.50502,57,7,283,12,1,27,66,87,2.03,34,4.53,1,0,14.3,0,9,6,5,5.46,1
5,21.0564,42,13,196,10,1,30,45,70,6.19,43,11.09,0,0,22.62,1.01,5,6,10,12.32,0
0,1.76682,9,0,26,5,1,1,10,11,0,1,0,2,0,0,0,1,0,4,0,1
0,2.84822,13,13,91,10,5,1,45,39,0,14,0,5,0,0,2.04,3,80,7,1.3,1
5,14.328,101,21,351,21,1,29,210,156,2.04,49,6.44,9,3,17.32,1.01,8,6,11,8.3,0
0,10.2185,8,1,20,6,1,2,15,12,0,3,0,2,2,3.04,1.01,0,6,5,1.01,1
1,6.91542,28,10,107,14,2,7,91,54,2.03,17,2.11,4,4,5.07,8.2,3,56,7,3.41,0
6,17.3959,26,4,149,9,1,2,36,53,1.01,6,4.13,1,0,3.03,1.01,7,6,6,6.57,0
5,8.42705,22,11,111,11,1,1,55,60,0,12,3.16,4,4,0,0,6,0,7,3.31,1
15,13.0688,235,35,1326,78,1,6,3003,461,6.14,36,9.5,55,34,6.15,0,27,0,15,13.75,0
1,9.75182,14,3,50,16,3,11,120,31,1.01,14,2.07,2,2,3.07,6.11,7,17,14,3.29,1
2,5.74149,11,7,60,6,4,1,15,30,1.01,8,3.17,1,0,1.01,3.11,4,51,3,3.57,1
1,0,1,1,3,1,1,0,0,2,0,1,0,0,0,0,0,1,6,1,0,1
1,9.74272,22,8,78,8,3,2,28,45,1.01,10,1.07,3,3,1.01,4.1,1,56,7,2.09,1
2,2.06344,7,2,35,5,1,1,10,12,0,3,2.04,1,1,0,0,3,0,2,2.22,0
33,34.5185,85,25,523,34,1,5,561,257,10.2,26,19.04,22,18,10.2,0,35,0,10,28.08,0
0,3.19695,34,4,106,10,3,1,45,50,1.01,5,0,3,3,1.01,1.02,0,36,9,0,0
1,5.02919,23,9,98,26,3,5,325,76,1.05,14,1.24,4,4,1.06,1.02,2,14,14,1.16,1
2,12.1216,31,5,75,12,3,3,66,49,1.01,8,4.16,4,4,3.05,3.09,3,57,10,5.23,1
2,7.48725,19,7,69,16,4,0,120,36,1.02,7,2.08,0,0,1.02,7.17,5,73,8,3.23,1
0,1.77712,2,1,6,3,1,1,3,5,0,1,0,0,0,0,0,0,0,2,0,1
1,7.38898,3,2,16,3,1,1,3,9,1.01,3,1.05,1,1,1.01,0,5,0,2,2.12,1
0,7.6651,8,3,26,6,3,2,15,15,0,5,0,2,1,0,2.06,0,39,4,0,1
0,4.91442,26,2,99,17,1,4,136,32,1.02,6,1.11,7,6,2.04,1.07,1,19,15,2.42,1
4,14.0049,32,9,104,23,2,17,253,51,2.02,26,4.16,5,1,2.02,3.04,4,14,11,3.63,1
1,1.76682,9,3,28,3,1,1,3,12,0,4,0,1,1,0,0,1,0,3,1.01,1
0,0,2,2,16,2,3,2,1,4,0,4,0,0,0,0,0,1,5,1,0,1
0,0,11,3,54,8,4,1,28,25,0,4,0,3,3,0,0,1,34,6,0,1
4,12.5528,22,13,179,12,3,1,66,77,2.03,14,6.27,10,10,2.03,3.04,5,21,4,5.7,1
0,0,5,2,15,4,3,1,6,8,0,3,0,0,0,0,0,1,5,3,0,1
0,7.2787,36,8,119,11,2,1,55,69,1.01,9,1.01,3,2,1.01,3.05,0,18,5,1.02,1
2,16.6315,9,5,32,5,3,2,10,24,3.04,7,3.06,0,0,3.04,5.08,3,15,2,1.01,0
0,6.42599,25,9,79,10,3,3,45,46,1.01,12,0,4,3,3.03,1.01,0,32,10,1.08,1
1,3.18664,5,0,23,5,1,1,10,7,0,1,0,3,3,0,0,1,0,4,1.01,1
2,6.31552,19,19,45,2,1,2,1,36,1.01,21,2.03,1,1,1.01,1.01,2,7,2,1.02,1
0,3.05459,6,1,20,2,1,1,1,4,0,2,0,1,0,0,0,1,0,1,0,1
2,5.13272,23,20,132,8,1,0,28,83,0,20,0,4,1,0,0,2,0,1,1.13,1
0,4.22264,6,1,23,3,3,0,3,10,0,1,0,1,1,1.01,0,2,14,2,1.09,1
0,3.45817,19,0,37,8,1,1,28,18,0,1,0,4,4,0,1.01,0,10,5,1.02,1
4,20.1092,84,21,185,39,7,3,741,92,5.09,24,6.25,6,6,7.11,6.09,5,101,37,8.47,1
2,9.95543,22,13,90,12,1,6,66,50,1.01,19,2.09,10,10,2.02,1.01,3,6,11,2.26,1
2,4.87697,4,3,20,2,1,1,1,13,1.02,4,1.02,1,1,1.02,0,2,0,2,2.02,1
0,2.63545,1,1,5,1,3,2,0,2,0,3,0,1,1,1.01,3.27,1,120,1,0,1
1,10.8895,9,1,38,7,1,5,21,12,1.01,6,1.01,3,2,2.02,1.01,1,6,6,3.05,1
2,8.50394,10,6,41,4,4,8,6,28,0,14,1.01,3,2,2.02,4.07,2,63,4,2.04,1
3,7.34746,17,8,68,21,3,7,210,49,0,15,1.03,5,3,0,0,3,17,12,2.04,1
0,4.43166,2,1,12,2,3,1,1,5,0,2,0,0,0,0,1.01,0,23,1,0,1
6,7.75438,6,0,27,3,1,2,3,7,0,2,1.03,3,3,1.01,0,7,0,2,2.2,1
6,15.1921,59,20,338,24,3,1,276,162,4.05,21,6.24,12,12,4.05,3.04,8,21,12,8.59,1
0,4.68802,9,3,31,8,1,0,28,24,0,3,0,1,1,0,1.01,0,9,8,0,1
0,1.77712,8,2,23,4,1,1,6,13,0,3,0,2,2,0,0,0,15,3,0,1
0,0,3,2,14,2,3,2,1,5,0,4,0,0,0,1.01,0,0,5,1,0,1
0,3.9513,3,2,9,3,5,5,3,7,3.03,7,0,1,1,4.04,3.07,0,64,3,0,1
0,2.95101,4,2,12,4,3,1,6,7,3.03,3,0,0,0,3.03,3.1,0,14,3,0,1
4,12.8023,55,10,153,35,4,46,595,83,1.01,56,4.09,13,8,19.45,1.02,5,31,33,5.23,1
0,0,6,1,30,5,1,4,10,16,0,5,1.05,53,5,2.04,1.01,0,6,2,6.22,1
3,14.3549,12,7,38,3,2,0,3,31,2.02,7,5.12,2,2,4.04,0,5,3,1,5.15,1
1,4.61185,11,1,44,8,1,1,28,18,0,2,0,6,6,0,1.01,2,11,8,2.04,1
2,4.40324,4,2,23,2,1,0,1,9,0,2,1.01,1,1,1.05,1.01,2,6,1,0,1
2,6.12275,24,9,93,16,4,1,120,42,0,10,1.01,3,3,0,1.01,2,57,11,2.07,1
1,1.77712,1,1,3,1,1,0,0,2,0,1,0,0,0,0,0,1,6,1,0,1
2,4.582,6,4,42,4,2,1,6,15,0,5,1.02,1,1,1.01,0,2,5,1,2.05,1
0,0,5,2,21,2,3,1,1,8,1.01,3,1.03,0,0,1.01,0,0,5,1,1.07,1
18,32.7874,153,47,681,50,5,2,1225,345,10.2,48,15.58,13,13,10.2,5.37,24,74,14,19.71,1
2,12.8864,46,20,238,16,2,1,120,122,10.18,21,5.89,8,7,10.18,3.06,2,12,3,5.2,0
5,12.7638,28,13,140,20,2,0,190,55,3.06,13,6.24,1,0,3.06,10.19,8,69,8,6.92,1
5,10.6231,51,13,155,17,1,4,136,92,0,13,1.12,5,5,0,0,5,0,7,3.26,0
2,10.0124,124,16,338,41,3,1,820,229,5.19,17,8.34,12,12,5.19,7.38,2,63,36,10.59,1
1,3.79861,39,6,179,12,1,1,66,49,0,7,1.02,6,3,0,0,3,7,5,3.18,1
0,2.97312,1,0,3,1,3,0,0,1,0,0,0,0,0,0,0,1,11,1,0,1
0,4.43166,1,0,3,3,1,1,3,3,0,1,0,0,0,0,0,0,0,0,0,1
3,13.6058,49,6,160,7,1,1,21,61,0,7,3.12,6,6,0,0,3,0,4,5.42,0
0,6.41569,2,0,6,2,2,5,1,2,0,5,0,0,0,3.03,7.07,0,39,1,0,1
2,8.88385,7,1,21,5,1,7,10,11,0,8,1.04,1,1,2.02,0,2,6,4,1.01,1
4,16.8267,28,6,78,21,3,31,210,47,1.02,37,4.12,6,5,19.42,1.01,5,23,18,4.38,1
0,2.79724,6,4,26,2,1,0,1,17,1.01,4,1.04,0,0,1.01,0,1,0,1,2.06,0
0,7.83167,21,3,37,4,1,1,6,13,1.01,3,1.02,3,3,1.01,0,0,0,3,3.25,1
0,4.64887,5,2,19,2,3,2,1,8,1.01,4,0,1,1,2.02,1.01,0,28,2,0,1
1,5.74856,18,3,59,12,7,1,66,30,1.03,4,3.36,2,2,1.03,6.93,2,523,12,4.28,1
0,3.82133,6,2,19,6,1,2,15,10,0,4,0,1,1,0,1.01,1,6,5,0,1
3,12.1593,25,7,77,11,1,3,55,45,1.01,10,1.01,1,0,3.03,0,3,0,9,0,1
8,13.4381,20,8,119,6,2,3,15,42,2.04,11,3.32,3,3,2.05,0,8,4,4,3.98,1
4,9.1054,16,2,63,11,4,19,55,36,0,21,2.02,1,1,7.1,2.02,5,5,10,2.06,1
1,3.18664,3,2,13,3,3,1,3,6,0,3,1.02,0,0,0,2.04,1,14,2,1.03,1
2,7.83059,8,2,20,7,1,0,21,14,0,2,0,1,1,0,0,2,0,1,0,1
0,7.27922,7,7,39,7,1,1,21,16,0,8,0,1,1,0,1.01,0,12,7,0,1
4,7.18485,38,10,122,16,2,5,120,87,1.01,15,0,0,0,1.01,3.08,5,50,1,3.15,1
9,30.6794,28,15,101,13,4,3,78,55,7.14,18,11.57,7,7,8.16,11.38,16,70,11,15.29,1
6,19.5417,32,10,97,9,1,2,36,68,3.09,12,7.74,3,3,4.05,1.01,7,6,1,7.03,1
1,1.76682,19,2,82,6,1,1,15,19,0,3,0,2,2,0,0,1,6,4,1.06,1
0,7.00075,12,2,34,12,1,1,66,17,0,3,1.02,1,0,4.05,1.01,0,6,11,2.04,0
1,9.16205,4,1,15,3,1,6,3,9,0,7,1.02,1,0,4.05,1.01,1,6,2,2.09,1
2,10.0211,13,7,40,4,1,1,6,23,0,7,0,0,0,0,0,3,0,0,1.02,0
0,8.62632,4,3,16,2,1,1,1,10,1.01,4,0,2,2,1.01,0,0,0,2,1.01,1
0,3.71677,8,4,30,7,5,4,21,21,0,8,0,1,1,0,4.49,0,248,7,1.01,1
1,2.5349,1,1,3,1,1,0,0,2,0,1,0,0,0,0,1.01,2,6,1,0,1
6,16.4202,31,11,95,9,1,5,36,54,5.05,16,4.23,1,1,6.09,0,9,0,3,4.47,1
2,8.50408,68,6,193,8,3,1,28,91,3.04,7,3.81,15,15,3.04,4.1,3,34,7,4.79,1
5,6.59762,178,34,828,50,5,6,1225,341,2.04,37,2.51,19,19,2.02,2.31,10,70,14,6.05,1
1,5.87009,20,13,91,15,5,0,105,52,1.02,13,1.09,6,6,1.02,2.04,4,80,10,2.16,1
31,31.9437,257,42,1087,56,5,3,1540,440,7.13,44,17.78,15,15,7.13,5.37,46,71,15,27.85,0
11,23.032,89,27,349,30,4,2,435,150,8.24,28,14.51,4,4,8.24,11.41,18,72,10,17.08,0
7,14.7298,52,6,156,15,1,42,105,73,6.09,48,4.26,15,1,23.29,0,8,0,9,6.41,1
0,0,18,10,120,14,5,0,91,67,0,10,0,7,4,0,0,1,80,6,0,1
0,3.36633,42,4,115,6,1,6,15,45,0,10,0,1,1,1.01,0,0,6,3,0,1
5,21.2282,28,4,147,21,2,3,210,73,5.16,5,13.66,11,11,5.19,6.52,8,3,3,17.37,0
4,6.38161,11,2,30,5,1,0,10,13,0,2,1.01,1,1,2.04,0,4,6,4,1.07,1
0,0,24,3,77,15,1,12,105,43,4.06,15,4.32,6,4,9.35,0,0,0,13,5.83,1
2,3.1496,4,2,15,3,1,3,3,5,1.02,5,1.05,1,0,1.02,1.03,2,0,2,2.1,1
0,10.2088,15,10,55,8,3,2,28,26,2.03,11,1.04,4,4,2.04,1.01,0,32,7,3.12,1
1,5.93615,18,1,117,10,1,1,45,30,0,2,0,13,13,0,1.01,1,6,2,2.04,1
1,1.76682,5,0,20,2,1,4,1,5,0,4,0,2,2,1.01,0,1,6,2,1.02,1
3,6.02605,17,6,84,12,5,2,66,39,1.01,8,3.1,4,4,2.03,3.06,4,76,11,2.25,1
1,1.77712,1,1,3,1,1,3,0,2,0,4,0,1,1,0,0,1,0,1,0,1
11,29.9939,66,9,185,20,1,16,190,96,8.13,24,13.99,11,5,20.24,1.01,14,6,8,17.33,0
1,4.2852,5,1,36,4,1,3,6,9,0,4,0,3,3,3.03,0,2,0,3,1.01,1
5,7.19932,14,7,41,5,3,2,10,20,0,8,2.04,0,0,2.02,0,8,21,2,3.05,1
0,2.97312,1,0,3,1,3,0,0,1,0,0,0,0,0,0,0,1,11,1,0,1
1,3.18664,3,3,13,3,3,1,3,8,0,4,1.02,0,0,0,2.04,1,14,2,1.03,1
6,16.519,9,3,29,3,1,5,3,15,2.02,8,8.73,0,0,8.12,1.01,7,6,3,11.67,1
0,6.42599,9,8,51,9,1,1,36,24,0,9,0,1,1,0,1.01,0,14,9,0,1
5,6.1094,40,9,106,5,1,5,10,46,2.03,14,3.2,2,2,2.03,0,6,0,5,2.42,1
0,4.76964,49,8,195,14,1,0,91,75,0,8,0,11,11,0,1.01,0,6,8,1.05,1
0,1.76682,3,0,11,3,1,2,3,3,0,2,0,3,3,0,0,1,12,3,0,1
0,4.33338,3,4,15,2,2,1,1,10,0,5,0,0,0,0,0,0,4,2,1.02,1
1,5.84059,2,2,7,1,1,0,0,4,0,2,0,0,0,0,1.01,1,6,1,0,1
0,1.77712,5,3,17,4,1,8,6,11,2.02,11,0,2,0,7.07,0,1,6,3,0,1
1,4.30172,10,1,50,4,1,1,6,14,0,2,0,1,0,0,1.01,1,6,2,0,1
2,1.76682,2,2,11,2,1,2,1,6,0,4,0,1,1,0,0,2,0,2,1.01,1
35,37.6698,239,35,876,38,2,2,703,599,10.15,37,22.62,11,8,10.15,4.18,40,23,3,31.17,0
0,2.84822,12,11,60,11,5,1,55,35,0,12,0,2,0,0,2.04,3,80,8,1.06,1
0,9.46033,8,3,31,3,2,8,3,17,0,11,0,0,0,3.03,12.22,0,69,0,1.01,1
1,0,3,1,10,2,2,1,1,4,0,2,0,0,0,0,1.01,1,29,2,0,1
0,4.40148,8,4,37,4,2,0,6,26,6.07,4,1.13,0,0,6.07,3.05,0,9,1,1.1,1
4,10.786,20,3,66,10,5,0,45,32,2.02,3,2.23,2,2,2.02,2.03,5,16,7,3.53,1
2,5.62327,17,2,62,3,2,1,3,23,1.02,3,1.16,4,4,1.02,1.01,3,6,2,2.49,1
5,18.2209,5,1,10,1,1,1,0,9,8.12,2,6.64,0,0,9.21,1.01,5,6,1,6.29,1
3,14.266,7,5,64,5,4,1,10,30,1.01,6,2.05,3,3,1.01,4.1,5,47,5,4.16,1
3,3.18671,2,0,6,2,2,1,1,2,0,1,0,0,0,0,0,3,10,1,0,1
4,5.96006,16,4,58,11,2,2,55,22,2.03,6,3.08,3,3,2.03,0,6,12,10,4.1,1
1,11.3595,9,1,23,9,4,21,36,12,0,22,1.01,1,0,7.11,5.36,3,63,1,2.03,1
11,19.6298,25,13,198,13,1,3,78,82,4.07,14,4.23,12,12,6.08,1.01,12,6,6,8.56,0
2,4.58578,10,6,59,9,2,2,36,35,1.01,8,1.15,0,0,1.01,2.07,3,28,4,3.57,1
1,5.98276,3,1,10,1,1,3,0,7,1.01,4,0,0,0,1.01,1.01,1,6,1,0,1
0,8.62632,6,0,22,2,1,1,1,6,0,1,2.2,0,0,0,0,0,0,1,3.04,1
0,4.83769,7,2,24,4,1,11,6,16,0,13,1.07,5,5,7.08,1.01,0,6,2,2.19,1
3,3.82071,22,3,63,8,2,1,28,26,1.01,4,2.04,7,7,1.01,0,3,36,6,3.07,1
2,16.9512,15,2,51,10,1,2,45,20,1.01,2,1.01,3,2,1.01,0,2,0,7,1.05,0
1,8.48552,20,8,95,15,5,5,105,45,1.01,13,3.05,4,4,3.03,3.06,2,80,13,2.23,1
1,5.74856,9,2,28,9,7,1,36,14,1.02,3,3.23,1,1,1.02,6.93,2,520,9,3.37,1
0,1.76682,12,9,73,7,3,1,21,35,0,10,0,4,4,0,0,0,1,5,0,1
0,4.55719,13,5,39,2,2,1,1,24,0,6,1.04,0,0,0,1.05,2,11,1,2.14,1
17,27.3621,61,7,181,21,2,27,210,95,8.24,34,17.23,2,1,20.75,2.06,17,11,6,20.43,1
3,12.0882,10,1,54,6,1,1,15,23,1.01,2,2.03,2,2,3.03,0,3,0,2,1.04,1
1,4.38535,40,8,147,19,5,1,171,70,0,9,2.14,2,2,0,2.05,2,137,17,3.5,1
5,17.6967,35,16,176,9,1,2,36,98,2.07,18,4.25,5,5,3.09,1.01,5,6,2,5.52,1
2,5.02919,20,7,96,16,4,2,120,47,1.03,9,1.08,2,2,1.03,1.07,4,39,7,2.03,1
0,3.19695,8,1,17,7,1,0,21,9,0,1,0,0,0,0,1.01,0,6,7,0,1
21,31.2801,79,17,338,20,1,9,190,171,13.49,24,25.81,3,3,17.67,1.01,28,6,9,30.66,0
0,1.77712,4,3,15,2,1,1,1,10,0,3,0,1,1,0,0,0,0,2,1.01,1
1,7.38689,23,11,65,5,3,2,10,37,0,13,0,1,1,0,3.03,2,21,3,1.06,1
0,3.15241,11,7,50,2,2,1,1,19,0,8,0,0,0,0,0,1,11,1,1.01,1
20,34.2777,6,1,33,5,1,4,10,15,1.01,5,1.02,233,9,6.07,1.01,34,6,2,8.18,0
0,7.00075,4,0,10,5,1,2,10,5,1.03,2,1.28,0,0,3.05,0,0,0,1,1.67,1
0,3.45817,24,6,108,9,1,1,36,67,0,7,0,4,4,0,1.01,0,6,6,1.03,1
0,6.41569,5,0,18,6,1,9,15,9,0,9,0,2,2,2.03,1.01,0,6,5,0,1
3,11.2037,14,8,123,9,2,1,36,43,1.01,9,1.03,4,3,1.01,0,3,6,5,3.53,1
0,4.64887,4,1,10,3,2,1,3,6,0,2,0,0,0,0,2.02,0,29,2,0,1
9,29.4386,42,22,325,24,3,1,276,174,6.15,23,11.35,7,7,6.15,4.06,13,23,10,16.65,0
1,14.8324,10,2,52,6,1,1,15,19,1.01,3,2.05,4,4,2.02,0,1,0,2,1.04,1
3,10.9766,7,7,37,6,2,0,15,27,2.02,7,3.06,0,0,2.02,0,5,7,2,3.13,1
2,13.1037,20,6,57,12,7,4,66,37,1.01,9,7.2,3,3,3.03,8.13,2,115,9,8.29,1
0,3.94798,13,3,36,8,2,21,28,13,0,24,0,3,3,1.01,0,2,12,8,1.03,1
7,13.8673,59,10,210,18,1,3,153,103,3.08,12,6.21,7,7,3.08,1.01,8,6,7,7.79,1
0,4.41258,20,1,97,20,2,3,190,25,0,4,2.07,8,8,1.02,2.07,1,35,20,3.29,1
0,0,25,9,96,14,5,4,91,41,3.05,13,3.11,6,6,2.06,4.07,0,75,13,4.38,1
4,7.14634,29,12,70,11,8,2,55,39,1.02,14,2.07,4,4,2.03,2.05,4,183,10,3.1,1
1,1.76682,10,2,49,4,1,1,6,19,0,3,0,1,0,0,0,1,0,3,0,1
6,17.0249,95,17,259,25,4,8,300,124,6.11,25,5.43,9,6,7.12,2.02,11,49,21,9.89,1
1,3.19189,7,1,24,3,1,1,3,8,0,2,0,0,0,0,0,1,22,3,0,1
0,1.76682,1,2,14,1,1,0,0,5,0,2,0,0,0,0,0,0,0,1,0,1
3,9.70651,50,7,116,16,1,8,120,53,1.01,15,3.05,9,8,3.05,2.09,3,6,13,3.05,1
1,1.77712,10,3,39,4,1,1,6,11,0,4,2.04,1,1,0,0,3,6,4,2.2,1
2,8.45689,33,7,131,22,4,3,231,80,1.01,10,2.11,7,7,1.01,3.09,2,73,18,3.11,1
1,11.6158,26,12,173,14,3,0,91,68,3.03,12,3.07,7,6,3.03,3.04,2,21,11,5.34,1
4,5.24311,39,4,173,6,1,5,15,64,1.02,9,2.54,0,0,2.07,0,4,6,4,4.2,1
2,13.5695,25,2,71,12,2,39,66,34,1.01,40,2.03,3,2,15.24,1.01,4,12,5,3.15,1
0,4.33338,3,5,13,2,2,1,1,10,0,6,0,0,0,0,0,0,4,2,1.02,1
2,11.3129,29,5,171,20,2,3,190,64,1.01,8,2.18,13,11,1.01,1.01,4,13,1,3.48,0
1,2.99199,29,10,156,15,1,2,105,69,0,12,0,6,6,0,0,1,0,2,1.09,1
5,5.97445,7,2,31,4,2,1,6,10,1.01,3,1.05,0,0,1.01,2.04,5,15,1,3.14,1
6,14.7861,21,9,79,8,2,1,28,36,2.1,10,3.33,2,2,2.1,3.05,6,14,4,3.34,1
4,7.72196,29,6,98,5,6,1,10,54,1.01,7,1.01,0,0,1.01,5.37,4,103,2,1.21,1
1,8.61561,16,3,48,10,3,2,45,30,1.01,5,2.03,3,3,1.01,2.07,1,55,9,1.01,1
2,10.7594,7,2,21,7,4,8,21,11,1.01,9,2.04,1,0,4.05,5.36,4,63,1,2.06,1
9,19.2408,56,18,230,11,1,1,55,101,4.07,18,5.46,8,8,4.07,0,11,0,0,7.29,0
1,7.2288,7,3,28,6,4,0,15,23,0,3,0,1,1,0,9.58,2,179,6,0,1
3,9.28127,6,8,22,3,3,1,3,17,2.02,9,1.02,1,1,2.02,1.01,3,14,2,0,1
2,4.49111,78,16,253,17,1,6,136,140,3.11,22,4,4,4,3.15,1.01,3,6,7,4.82,1
0,8.67717,54,11,276,22,3,0,231,107,1.01,11,2.08,5,5,1.01,3.04,1,21,15,3.2,1
1,1.38451,10,2,27,9,5,3,36,12,0,5,1.01,1,1,0,1.02,2,253,8,1.03,1
0,1.77712,100,6,376,26,1,1,325,191,0,7,0,19,16,0,0,1,30,24,0,0
0,0,9,5,33,3,3,0,3,18,0,5,0,1,0,0,0,1,14,2,0,1
1,1.56044,3,2,10,3,6,0,3,6,0,2,0,0,0,0,0,2,20,3,1.01,1
2,7.94243,12,8,59,7,3,1,21,34,0,9,3.1,1,0,0,7.07,2,41,3,3.14,1
0,0,9,2,28,6,6,12,15,11,0,13,0,3,3,0,1.01,1,75,3,0,1
2,7.73771,21,5,66,10,2,2,45,26,4.08,7,4.23,8,4,4.07,3.11,3,11,9,5.53,1
5,7.93397,6,11,31,3,1,2,3,25,1.01,13,2.03,1,1,1.01,0,5,0,1,2.03,1
2,11.2074,13,12,67,5,1,0,10,39,2.04,12,4.24,2,2,2.04,1.01,3,6,3,6.54,1
2,12.5792,47,20,208,21,5,1,210,118,0,21,3.09,1,1,0,5.37,5,72,5,5.13,1
9,16.4773,15,16,84,7,3,1,21,54,9.17,17,9.4,2,2,9.17,4.09,11,18,2,11.55,0
0,9.06665,6,3,17,4,1,1,6,10,0,4,3.1,0,0,0,1.01,2,6,4,2.09,1
1,4.77591,4,0,22,2,1,1,1,6,0,1,0,1,1,0,0,2,0,2,0,1
2,11.7129,33,11,99,10,3,3,45,39,2.02,13,2.08,1,1,2.02,3.03,3,21,4,2.04,1
4,13.9237,6,6,62,4,1,0,6,31,2.02,6,2.03,1,1,2.02,1.01,4,6,3,2.11,1
0,0,10,2,23,3,1,0,3,9,0,2,0,2,2,0,0,0,6,3,0,0
0,7.72196,2,1,9,2,1,2,1,5,1.01,3,1.01,2,2,2.02,0,0,0,2,0,1
2,3.18918,8,2,34,2,4,1,1,18,0,3,1.02,0,0,0,2.03,2,18,2,2.05,1
6,11.1884,23,4,69,6,1,12,15,36,3.09,15,4.23,0,0,9.15,1.01,6,6,4,4.32,1
0,7.91391,10,8,37,7,5,0,21,28,0,8,1.01,2,2,1.01,3.06,0,67,5,0,0
4,21.1016,18,14,57,9,5,1,36,45,3.08,15,5.58,1,1,4.09,3.04,9,40,3,7.98,1
0,6.01575,8,3,32,6,2,1,15,17,1.01,4,1.01,1,0,1.01,3.05,0,18,6,1.01,1
0,3.26332,15,4,51,9,1,6,36,31,0,10,0,1,1,0,0,0,0,4,0,1
2,7.90771,5,0,22,5,1,0,10,9,0,0,1.02,2,2,0,0,2,0,3,2.08,1
0,4.68802,15,8,60,11,1,1,55,44,0,9,0,5,5,1.01,1.05,0,30,11,1.03,1
2,6.2318,28,6,134,9,2,1,36,49,1.01,7,1.04,11,8,1.01,1.02,2,4,5,1.05,1
2,12.7082,20,9,86,10,2,5,45,59,3.03,14,3.07,2,1,5.05,7.07,2,39,3,3.27,0
2,8.90433,9,2,33,8,3,27,28,20,0,29,0,2,2,11.19,3.03,2,24,4,1.05,1
10,19.5813,122,32,595,39,5,2,741,273,3.05,34,12.78,12,12,4.06,6.38,12,71,13,11.74,1
8,17.5231,28,16,121,8,2,2,28,59,6.22,18,8.12,4,4,6.22,6.23,10,5,1,10.69,1
4,12.1236,13,1,75,4,1,3,6,20,1.01,4,1.02,3,2,1.01,0,4,0,3,1.03,1
1,3.69105,25,7,78,4,1,1,6,38,0,8,0,1,1,0,1.01,2,6,2,1.07,1
2,10.9041,30,11,111,13,1,9,78,74,4.05,19,2.02,2,2,8.11,1.01,2,13,12,0,1
27,34.7864,49,17,168,22,1,146,231,80,12.23,153,20.42,24,15,49.17,0,27,0,22,22.94,0
0,4.68802,3,1,11,3,2,1,3,6,0,2,0,0,0,0,1.01,0,11,3,0,1
5,7.31355,57,13,180,6,1,1,15,90,3.03,14,2.09,8,7,3.03,0,8,6,2,4.21,1
0,4.08622,4,1,16,2,3,1,1,9,0,2,0,1,1,0,2.03,0,16,1,1.01,1
0,2.97312,4,2,17,2,2,0,1,8,0,2,0,0,0,0,0,1,9,1,0,1
2,5.65618,6,3,28,5,2,1,10,13,0,4,2.19,2,2,1.01,1.07,4,7,1,2.43,1
2,3.09661,19,5,102,7,1,1,21,39,1.01,5,1.01,5,5,1.01,0,6,0,4,2.09,1
1,7.67247,17,7,58,4,2,0,6,29,5.1,7,3.27,0,0,5.1,3.05,1,9,1,3.39,1
7,14.9163,52,17,161,14,5,3,91,101,6.11,19,3.36,4,3,6.13,5.07,7,112,11,4.63,1
2,14.2302,43,5,138,18,3,1,153,95,4.04,6,1.06,4,4,4.04,3.07,2,36,9,3.16,1
5,21.9852,2,2,8,2,2,1,1,4,8.58,3,17.57,2,2,8.58,5.22,8,5,1,22.38,1
9,12.2608,139,30,739,41,1,15,820,284,4.04,44,7.45,28,28,5.06,1.01,11,1,7,10.42,0
1,9.53614,9,0,25,7,1,6,21,14,0,6,0,7,4,4.05,1.01,1,6,5,0,1
3,3.3149,56,18,279,36,4,1,630,140,1.07,19,1.42,7,7,1.07,2.05,3,17,15,3.35,1
0,3.15995,3,2,10,3,6,0,3,6,0,2,0,0,0,0,0,2,20,3,0,1
7,19.6259,86,31,350,31,5,2,465,195,4.05,32,8.9,2,2,4.05,5.37,8,72,8,11.11,0
2,9.58427,24,9,76,10,2,3,45,48,2.02,12,1.06,1,1,1.01,3.04,3,15,9,2.08,1
22,27.0841,94,21,307,15,1,6,105,204,7.12,27,16.7,2,2,9.2,1.01,24,6,8,17.36,0
1,1.77712,1,1,3,1,1,0,0,2,0,1,0,0,0,0,0,1,6,1,0,1
0,3.00184,11,4,38,2,1,2,1,18,1.02,6,1.08,0,0,2.04,0,2,6,2,2.15,1
2,3.1496,5,4,20,2,2,1,1,10,2.02,5,1.01,0,0,2.02,1.03,2,3,2,2.02,1
0,4.6939,42,6,124,17,4,2,136,81,0,8,0,1,1,0,9.58,1,184,17,0,1
0,4.57426,8,3,39,6,2,1,15,18,0,3,0,3,3,0,0,0,13,1,0,1
1,5.93615,15,0,85,10,1,1,45,28,0,1,0,9,9,0,1.01,1,6,2,2.03,1
7,9.48112,98,15,638,38,1,1,703,208,3.05,16,7.39,31,28,3.05,0,11,0,8,7.18,1
6,9.95194,20,7,65,5,2,4,10,33,1.03,11,2.04,1,0,1.01,2.02,7,12,1,4.15,1
1,8.04434,11,4,33,9,2,16,36,22,0,20,1.06,2,1,8.16,2.02,1,11,9,2.07,1
4,14.4326,16,8,239,7,5,2,21,47,4.05,10,7.27,10,10,4.05,4.27,12,34,6,11.41,1
9,14.4626,49,4,240,17,1,0,136,96,3.03,4,4.17,8,8,3.03,0,11,0,4,5.74,1
1,1.76682,13,3,45,5,1,1,10,28,0,4,0,2,1,0,0,1,0,2,1.03,1
1,1.50465,30,4,93,20,1,0,190,44,0,4,0,4,4,0,0,1,0,18,0,1
0,5.97053,12,2,31,6,4,1,15,16,0,3,0,1,0,0,3.05,0,35,3,0,1
2,15.0796,5,2,41,3,1,1,3,16,1.01,3,2.03,3,2,1.01,0,2,0,2,3.08,1
8,10.4263,93,16,347,23,1,4,253,172,0,20,5.13,10,8,1.01,1.01,8,6,2,6.26,0
0,9.25652,6,4,19,4,3,1,6,10,1.01,5,0,0,0,1.01,1.01,2,17,3,0,1
0,8.47667,25,6,83,12,2,4,66,53,1.01,10,1.15,5,4,2.03,1.02,0,29,12,2.42,1
2,10.0676,37,8,113,18,3,27,153,65,4.04,35,2.12,1,1,10.16,5.07,2,55,12,3.19,1
1,10.731,6,4,33,5,1,1,10,19,3.03,5,2.04,5,5,3.03,0,1,0,5,2.08,1
1,9.23472,6,0,18,6,2,1,15,6,0,1,0,0,0,0,11.3,2,56,5,1.01,1
1,3.18664,6,2,20,3,3,1,3,8,0,3,1.02,0,0,0,2.04,1,14,2,1.03,1
1,9.67792,16,9,79,8,1,4,28,39,0,13,1.01,4,4,1.01,0,1,0,2,2.06,1
4,7.20709,7,7,29,6,1,1,15,25,1.03,8,1.06,3,3,1.03,0,4,0,2,2.07,1
0,1.76682,4,2,10,2,1,1,1,4,0,2,0,0,0,0,1.01,0,6,2,0,1
1,7.08412,31,6,177,12,1,7,66,74,1.01,13,3.19,5,5,1.01,0,5,0,7,4.88,1
3,12.3849,20,4,69,20,4,6,190,42,2.02,9,3.18,3,3,8.08,9.65,4,200,20,4.3,1
0,1.76682,10,3,38,10,1,1,45,18,0,4,0,1,0,0,0,1,0,10,0,1
1,3.20993,6,2,25,4,1,2,6,11,1.01,4,1.04,0,0,2.02,0,1,0,1,1.06,1
0,7.26892,8,0,31,2,1,1,1,11,1.01,1,1.02,0,0,1.01,1.01,0,6,1,1.01,1
0,6.01575,23,6,78,9,2,1,36,41,1.01,7,1.01,2,1,1.01,3.05,0,18,6,0,1
1,1.39536,16,6,52,8,2,1,28,21,0,7,0,1,1,0,0,2,8,6,0,1
3,11.9006,10,5,39,10,4,1,45,19,2.02,6,4.06,0,0,2.02,11.38,4,70,7,3.08,1
1,8.934,3,2,15,2,1,1,1,8,0,3,1.01,1,0,0,0,1,0,2,2.04,1
3,9.08201,20,5,63,4,1,2,6,27,0,7,2.03,0,0,0,0,5,6,3,3.08,1
0,4.41398,6,1,15,2,1,0,1,7,0,1,1.02,1,1,0,0,1,0,2,2.04,1
4,16.753,10,6,92,5,4,1,10,31,2.02,7,7.09,7,7,2.02,4.1,8,47,5,6.53,1
0,3.19695,21,9,62,9,3,1,36,54,3.03,10,0,2,1,3.03,1.02,0,36,9,1.02,1
2,10.137,22,8,195,12,3,0,66,58,2.02,8,4.09,8,7,2.02,3.04,4,21,11,5.36,1
0,6.41569,13,1,35,8,3,1,28,12,0,2,0,0,0,0,1.01,0,11,8,1.01,1
2,3.13086,9,2,27,5,2,2,10,12,0,4,0,0,0,1.01,0,2,9,5,0,1
2,4.69129,4,7,16,2,2,3,1,11,0,10,0,1,0,1.01,0,2,7,1,0,1
0,4.41258,7,2,21,7,5,1,21,10,1.02,3,2.03,1,1,1.02,5.9,1,409,7,2.12,1
1,6.33209,23,14,166,14,5,1,91,70,0,15,1.04,8,8,0,2.04,4,80,10,2.16,1
0,3.97134,2,0,6,2,3,0,1,2,0,0,0,0,0,0,0,1,33,2,0,1
4,20.8861,38,14,272,17,3,0,136,82,1.01,14,2.07,8,8,1.01,1.02,6,14,13,7.6,0
0,7.91219,1,1,6,1,1,2,0,6,0,3,0,3,0,5.06,0,0,0,1,0,1
2,6.12275,21,4,71,15,4,1,105,31,0,5,1.01,3,3,0,1.01,2,57,10,2.09,1
1,2.91017,6,3,18,4,3,1,6,8,0,4,0,1,1,0,1.01,1,14,3,0,1
0,3.30831,5,0,14,5,7,6,10,6,0,6,0,0,0,9.13,7.14,0,157,5,0,1
1,15.5592,7,5,32,6,1,1,15,21,1.02,6,4.11,1,1,2.03,0,1,0,4,2.07,1
2,6.82195,5,4,27,5,3,2,10,15,1.04,6,2.14,1,1,1.06,2.14,5,33,4,2.24,1
0,4.68802,7,1,21,5,1,9,10,9,0,10,0,2,2,1.01,1.01,0,6,5,0,1
2,5.07878,13,3,31,6,5,11,15,20,3.03,14,1.04,1,1,11.12,3.07,2,64,6,2.13,1
12,27.4287,97,10,358,31,1,137,465,124,5.08,145,14.87,3,3,31.95,0,18,0,20,16.83,1
4,10.3507,12,3,53,5,1,0,10,19,0,3,2.02,1,1,0,1.01,5,6,5,3.14,1
1,4.0521,73,10,233,25,1,3,300,100,0,13,2.06,15,1,0,0,3,0,22,3.26,1
1,8.02724,52,12,169,14,1,1,91,108,1.02,13,2.17,1,1,1.02,1.01,1,6,14,3.2,1
0,5.32582,2,3,13,2,1,0,1,8,0,3,0,0,0,0,0,0,0,2,0,1
0,6.42599,10,8,32,5,2,1,10,17,1.01,9,0,3,2,2.03,1.02,0,26,5,1.04,1
1,11.9716,22,7,64,15,6,6,105,28,2.02,12,4.07,5,5,5.07,5.1,3,108,12,5.19,1
15,17.5007,52,20,164,13,2,3,78,97,3.03,23,7.2,3,2,4.04,0,15,13,1,7.25,0
0,6.04232,12,3,36,7,3,1,21,20,1.01,4,0,3,3,1.01,1.02,0,34,7,0,1
0,17.842,2,1,12,2,1,1,1,5,5.06,2,4.29,0,0,6.07,0,0,0,1,3.37,1
1,1.76682,3,4,24,3,1,1,3,11,0,5,0,2,2,0,0,1,0,2,1.02,1
0,4.41258,10,2,30,10,6,1,45,17,0,3,1.01,1,1,0,6.58,1,497,10,1.04,1
1,1.17006,11,2,30,10,5,5,45,15,0,7,0,1,1,0,1.02,2,253,10,0,1
6,11.0533,13,7,118,8,1,5,28,35,1.01,8,2.04,6,6,2.02,0,6,6,3,4.07,1
1,1.38451,27,4,82,20,4,13,190,42,0,17,1.01,1,1,0,1.01,2,233,18,1.03,1
0,6.41569,2,1,8,2,1,0,1,5,2.02,1,0,0,0,2.02,1.01,0,6,2,0,1
1,9.06916,13,1,45,12,2,5,66,15,1.01,6,3.06,6,5,2.04,4.14,2,27,12,5.23,1
3,15.0338,39,10,274,23,5,2,253,122,3.07,12,5.62,15,15,3.06,4.27,12,34,9,9.31,1
8,10.135,93,25,329,18,1,2,153,209,3.08,27,5.51,3,1,4.09,0,8,0,2,7.8,0
8,21.3934,37,11,270,14,2,1,91,87,5.1,12,6.67,15,14,5.1,1.01,9,13,4,8.66,0
1,7.23217,7,4,23,5,4,1,10,14,0,5,0,2,1,0,2.06,1,49,3,0,1
0,3.37663,2,0,7,2,2,2,1,2,0,2,0,1,1,0,0,0,10,2,0,1
2,4.3792,45,8,124,7,3,1,21,82,0,9,0,1,1,0,3.08,2,65,2,1.06,1
1,12.3495,9,5,51,3,1,2,3,23,0,6,3.05,1,0,0,0,2,0,2,2.07,1
4,11.6789,16,3,110,7,2,2,21,28,2.02,5,2.1,10,7,2.02,2.04,4,4,2,3.14,0
0,3.44787,3,1,7,2,2,1,1,4,0,2,0,0,0,0,2.02,0,29,2,0,1
0,12.2071,20,5,82,7,1,0,21,59,0,5,0,0,0,2.03,1.01,1,6,2,0,1
6,10.8989,43,8,292,21,1,6,210,124,0,8,1.02,17,17,0,0,6,6,5,2.08,1
0,0,17,6,51,12,5,4,66,27,0,9,0,1,1,0,1.02,1,253,12,0,1
1,8.67904,4,3,19,2,1,0,1,12,1.01,3,0,0,0,1.01,0,1,0,2,0,1
12,14.1196,12,3,91,7,1,3,21,26,3.03,6,8.19,2,2,5.05,0,13,0,4,9.87,0
1,9.00686,1,1,3,1,3,0,0,2,3.05,1,2.36,0,0,3.06,4.13,2,17,1,2.84,1
4,16.9705,11,3,82,7,1,3,21,26,2.02,6,6.06,10,10,2.02,0,5,0,4,8.46,1
3,13.6128,30,12,89,13,1,2,78,53,2.03,14,3.06,7,7,5.06,1.05,3,30,11,4.12,1
6,19.5212,29,20,115,9,2,1,36,86,5.12,21,9.63,5,5,6.13,2.04,8,11,3,10.74,0
2,7.53549,8,2,27,6,5,7,15,12,0,8,0,2,2,7.07,3.04,2,85,5,0,1
0,3.36633,6,2,24,4,1,2,6,13,0,4,0,1,0,0,0,1,0,4,1.01,1
1,9.53015,13,4,42,7,2,6,21,16,1.02,10,1.06,2,2,3.05,2.03,1,14,7,1.17,1
0,3.10486,2,1,9,2,2,1,1,5,1.01,2,1.03,0,0,1.01,2.08,0,15,2,1.09,1
2,10.3534,69,8,189,37,3,8,666,81,1.01,16,4.14,11,8,2.02,2.02,3,34,35,5.37,1
1,13.6031,21,8,75,10,6,3,45,47,1.02,11,2.12,1,1,3.04,10.48,1,158,8,3.31,1
2,8.83054,11,4,38,6,2,1,15,24,0,5,0,0,0,0,1.01,2,19,2,2.02,1
9,19.0251,53,14,315,22,4,1,231,153,3.05,15,6.02,9,9,3.05,6.1,11,39,4,12.79,1
1,2.98342,2,2,19,1,1,4,0,6,0,6,1.01,0,0,1.01,0,2,6,1,0,1
0,4.78875,8,4,22,4,3,1,6,10,0,5,1.02,0,0,0,3.03,0,21,2,1.03,1
3,5.83014,21,15,85,6,1,2,15,41,0,17,1.01,5,5,0,0,3,6,3,1.01,1
3,7.41817,26,12,240,18,5,1,153,108,0,13,0,2,0,0,2.04,6,80,9,0,1
3,7.04931,7,0,76,5,2,1,10,12,2.02,1,2.17,6,3,2.03,2.04,3,4,3,4.45,1
0,1.76682,4,4,13,3,4,0,3,13,0,4,0,0,0,0,1.01,1,36,1,1.01,1
0,6.42599,13,2,40,9,1,1,36,18,0,3,0,2,2,0,1.01,0,11,8,1.02,1
0,1.76682,2,0,7,2,1,5,1,2,0,5,0,1,0,1.02,0,1,0,2,0,1
6,22.5908,87,12,376,40,1,69,780,147,4.04,79,9.66,11,10,24.39,1.01,7,6,22,12.9,1
5,5.97445,9,3,38,5,2,1,10,17,0,4,1.06,2,1,0,2.04,5,15,2,3.17,1
0,1.76682,21,6,133,9,3,3,36,61,0,9,0,4,0,0,0,1,72,2,0,0
4,5.02919,30,5,114,12,1,1,66,35,1.02,5,1.04,2,1,1.02,0,5,0,9,2.17,1
6,15.6337,32,11,84,19,1,8,171,47,3.03,19,5.31,6,0,5.05,2.02,7,7,10,4.66,1
0,6.41569,7,1,23,4,1,1,6,11,0,2,0,5,2,0,1.01,0,6,4,1.01,1
3,7.34746,15,5,50,14,4,2,91,24,1.01,7,1.02,2,2,1.01,1.01,3,55,8,2.1,1
9,17.4516,27,12,95,9,1,14,36,52,4.11,24,6.26,1,1,14.24,1.01,9,6,5,5.26,1
0,6.68071,29,9,145,11,1,1,55,61,0,10,0,8,8,1.01,1.01,0,6,4,1.18,1
3,6.43978,45,13,214,28,5,0,378,93,0,13,2.05,13,13,0,1.03,7,80,12,3.38,1
2,14.705,40,9,131,23,2,9,253,60,2.02,18,3.07,5,1,2.02,2.03,2,14,12,3.21,1
9,21.0803,85,24,277,10,1,4,45,181,7.15,28,10.89,1,1,9.19,1.01,11,6,2,10.5,1
1,7.47927,5,0,18,5,1,1,10,11,0,1,0,1,1,0,1.01,1,6,5,0,1
4,13.1185,105,10,411,21,3,1,210,226,2.02,11,4.64,2,2,3.04,2.02,6,10,4,5.34,1
2,7.92388,27,9,108,13,1,1,78,74,3.15,10,2.63,1,0,3.15,0,4,0,9,4.12,1
0,1.56044,3,2,10,3,6,0,3,6,0,2,0,0,0,0,0,2,20,3,0,1
0,7.38593,4,0,12,4,3,0,6,4,0,0,1.02,0,0,0,5.13,0,33,3,1.06,1
3,10.9599,16,7,47,12,4,3,66,34,2.03,10,2.08,1,1,3.04,9.7,4,178,12,2.11,0
1,1.76682,7,2,24,3,1,1,3,8,0,3,0,1,1,0,0,1,0,3,0,1
1,3.03348,5,5,15,1,1,1,0,8,2.03,6,1.02,0,0,2.03,1.01,2,6,1,1.03,0
4,9.97572,3,3,11,3,8,8,3,7,1.01,11,1.01,1,1,8.09,8.14,4,172,3,0,1
1,6.21176,4,4,22,4,2,1,6,13,0,5,1.01,1,0,0,5.09,3,28,1,1.03,1
7,17.3833,21,7,51,9,3,1,36,33,4.09,8,6.2,0,0,4.09,12.55,7,31,2,5.52,1
0,3.71677,8,2,30,6,6,12,15,11,0,13,0,3,3,0,1.01,0,75,3,0,1
0,11.6303,3,4,17,2,1,1,1,11,0,5,2.02,0,0,1.01,0,0,0,2,0,1
2,3.12148,7,3,29,6,1,3,15,15,0,6,0,1,0,0,0,2,30,5,0,1
5,6.60445,69,6,245,18,2,1,153,119,0,7,2.21,3,0,0,1.01,6,13,1,4.83,1
2,9.69581,12,6,45,7,2,2,21,28,1.01,7,3.1,6,5,3.03,0,3,8,5,3.11,1
2,8.10954,12,3,28,4,3,1,6,11,1.01,4,1.04,1,1,1.01,3.1,2,14,3,1.04,1
1,4.57263,11,8,49,6,3,1,15,26,0,9,1.01,1,0,0,4.04,1,41,2,0,1
16,25.4544,49,21,385,21,1,2,210,126,1.03,23,8.45,12,0,1.03,0,16,0,6,12.73,1
14,31.5124,108,17,343,20,2,1,190,199,14.3,18,22.37,4,4,16.34,4.05,17,12,5,25.05,1
1,9.09107,20,9,62,10,3,2,45,43,3.03,11,2.03,3,3,3.03,2.07,1,55,8,2.04,1
1,10.8518,6,1,15,1,1,0,0,5,1.01,1,1.13,0,0,1.01,0,1,0,1,2.26,1
0,3.15995,2,0,6,2,5,1,1,2,0,1,0,0,0,0,2.04,2,80,2,0,1
1,5.82553,3,1,9,3,3,3,3,5,2.06,4,2.04,1,1,4.07,4.1,1,44,3,2.03,1
1,3.20427,16,11,76,6,1,1,15,43,0,12,1.1,5,5,0,0,2,0,4,1.13,1
0,2.98148,2,1,8,2,1,1,1,4,0,2,0,1,0,0,0,2,0,1,0,1
0,0,52,12,164,11,1,2,55,65,2.03,14,6.48,2,1,3.05,1.01,0,6,7,7.94,1
0,1.76682,3,1,7,2,2,1,1,4,0,2,0,0,0,0,2.02,0,29,2,0,1
1,13.9484,19,14,54,10,4,4,45,31,4.07,18,4.24,0,0,4.08,11.41,4,72,7,5.41,0
0,4.64887,4,1,10,3,2,1,3,6,0,2,0,0,0,0,2.02,0,29,2,0,1
0,4.43166,13,4,37,7,1,3,21,29,0,7,0,1,0,0,1.01,0,6,1,0,0
1,8.00589,0,0,0,0,3,0,0,0,2.03,0,2.24,0,0,2.04,4.13,2,17,0,2.46,1
1,5.88907,11,2,57,3,2,4,3,19,3.03,6,1.09,1,1,5.05,1.01,3,10,2,1.36,1
9,22.1232,47,11,195,9,1,6,36,112,4.04,17,10.51,2,2,7.07,1.01,11,6,4,12.04,0
0,1.77712,12,2,66,5,1,1,10,14,0,3,0,4,4,0,0,0,0,4,1.01,1
4,17.1585,33,18,226,16,3,1,120,107,4.14,19,7.04,8,8,4.14,3.04,5,21,7,8.93,1
0,6.41569,8,4,33,6,1,4,15,13,0,8,0,2,2,0,1.01,0,6,6,1.01,1
1,10.6096,3,6,43,3,2,1,3,17,2.03,7,3.07,6,5,2.03,8.18,2,28,1,3.1,1
0,1.76682,28,14,149,9,5,3,36,80,0,17,0,4,4,0,1.02,1,55,5,1.08,0
2,7.27922,14,9,62,13,5,17,78,35,0,26,1.01,4,4,15.19,3.06,2,72,12,0,0
0,4.41258,9,2,29,9,6,1,36,17,1.02,3,2.07,1,1,1.02,5.9,1,412,9,2.12,1
2,10.6248,28,6,114,12,1,0,66,48,2.02,6,3.07,6,6,2.02,1.1,2,0,1,3.15,1
0,6.41569,2,0,7,2,2,0,1,3,0,0,0,1,1,0,0,0,8,1,0,1
0,6.59546,17,4,47,13,3,3,78,34,1.01,7,0,1,1,1.01,1.02,1,14,12,1.02,1
4,18.2694,22,19,130,14,3,1,91,76,4.23,20,10.31,4,4,4.23,3.04,5,21,7,11.78,1
5,17.2695,12,5,41,5,3,2,10,14,4.05,7,3.08,0,0,5.07,11.41,6,67,5,5.11,1
0,1.76682,3,0,9,3,1,1,3,3,0,1,0,0,0,0,0,0,0,3,0,1
2,12.9417,5,4,21,2,1,0,1,13,0,4,2.02,0,0,0,0,2,0,2,0,1
2,9.31549,14,2,44,5,1,49,10,20,0,51,0,0,0,23.37,1.01,2,6,5,1.01,1
3,8.91487,21,3,109,13,2,2,78,40,0,5,0,3,1,0,0,3,6,9,1.06,1
0,0,13,2,38,10,5,6,45,17,0,8,0,1,1,0,1.02,1,253,10,0,1
5,10.193,26,10,178,11,1,1,55,85,0,11,3.09,3,2,0,0,6,0,3,5.18,0
1,6.83528,12,5,44,7,5,11,21,24,1.01,16,1.09,1,1,6.07,4.11,1,71,5,1.19,1
0,7.63864,36,7,158,16,2,1,120,60,1.01,7,3.07,6,6,1.01,2.02,3,20,9,3.49,0
5,20.424,45,14,162,15,1,3,105,94,3.03,17,6.16,9,3,3.03,0,6,1,7,3.13,0
18,28.1851,259,37,847,82,3,17,3321,495,12.15,53,17.98,17,16,17.22,3.04,24,33,53,21.19,0
3,5.97024,4,5,24,4,2,1,6,14,1.01,6,1.01,1,0,1.01,2.07,4,28,1,1.01,1
0,0,16,7,53,12,4,2,66,31,0,9,0,0,0,0,0,1,70,7,0,1
2,7.57679,49,8,183,12,1,1,66,84,0,8,0,5,5,0,1.01,2,6,2,3.1,1
1,5.98276,4,0,3,2,1,2,1,2,0,2,0,0,0,0,1.01,1,6,2,0,1
6,10.7326,57,8,85,8,1,17,28,45,2.07,25,5.4,0,0,8.25,1.01,7,6,8,6.78,0
2,7.2298,3,4,11,4,3,1,6,8,0,5,2.06,0,0,0,5.05,3,19,3,2.13,1
1,1.77712,21,3,67,2,1,2,1,16,0,5,0,1,0,2.04,0,1,6,2,0,1
1,4.77474,6,5,33,4,3,0,6,19,2.05,5,2.12,2,2,2.05,0,1,1,4,1.17,1
0,4.41258,8,2,27,8,6,1,28,13,1.02,3,1.04,1,1,1.02,5.9,1,411,8,1.08,1
0,0,7,1,22,7,5,2,21,8,0,3,0,1,1,0,1.02,1,253,7,0,1
6,14.5368,19,4,84,10,2,1,45,34,2.05,5,5.15,7,7,2.05,2.02,8,6,10,6.21,0
1,4.00609,10,0,29,5,1,0,10,10,0,0,0,1,1,0,0,2,6,2,0,1
2,7.20153,1,0,10,1,1,3,0,7,0,3,0,3,0,1.02,0,2,0,1,0,1
0,0,3,0,8,3,2,2,3,4,0,2,0,1,0,1.01,0,0,2,2,1.01,1
8,14.7275,87,13,338,23,2,2,253,150,7.1,15,9.13,5,5,7.11,7.11,11,35,2,9.59,1
0,1.76682,3,2,10,3,3,0,3,5,0,2,1.01,1,1,1.01,0,2,14,2,1.03,1
2,2.8819,3,1,17,2,2,1,1,6,0,2,0,0,0,0,6.15,2,28,1,1.04,1
0,2.6367,15,5,69,4,1,0,6,43,0,5,1.06,2,2,0,0,1,6,4,2.11,1
0,4.73464,34,9,124,19,1,5,171,56,0,11,0,8,8,0,0,0,0,19,1.03,1
12,22.5021,75,17,280,16,1,11,120,156,6.11,28,14.99,0,0,10.2,1.01,12,6,13,15.45,0
4,12.3547,38,7,144,13,5,3,78,84,1.01,10,2.03,5,5,2.02,11.19,4,185,11,4.14,1
1,10.2622,13,4,43,5,1,1,10,22,3.03,5,1.03,1,1,3.03,1.01,2,6,5,2.07,1
3,11.7919,13,6,58,3,1,1,3,25,4.05,7,4.14,3,3,4.05,0,3,0,2,4.38,1
6,25.2449,35,24,143,9,1,3,36,75,5.08,27,8.3,1,1,5.08,0,7,0,1,8.34,0
4,11.7184,70,7,201,27,2,17,351,105,3.05,24,2.07,5,1,7.09,3.07,4,24,17,3.1,1
2,6.08968,32,13,112,8,2,2,28,78,1.07,15,2.34,1,0,1.07,0,2,11,1,3.59,0
1,3.19189,72,6,216,13,3,1,78,95,0,7,0,10,10,1.01,0,1,35,2,1.01,1
2,6.62605,31,8,89,7,1,2,21,34,3.06,9,2.08,10,9,3.05,0,6,0,7,4.36,1
3,7.49997,16,6,67,10,1,1,45,26,0,7,1.04,2,2,0,0,5,6,6,2.24,1
18,17.1453,76,30,365,27,5,1,351,187,4.14,31,7.8,4,4,4.14,6.38,22,74,11,12.64,1
1,4.33338,7,2,33,5,2,1,10,12,0,3,0,1,1,0,0,1,4,3,0,1
2,1.76682,2,2,11,2,1,3,1,6,0,5,0,1,1,0,0,2,0,2,1.01,1
2,9.83397,13,0,37,13,2,6,78,17,0,6,4.1,6,6,6.13,8.16,2,57,13,4.3,1
0,6.4354,4,2,12,4,3,0,6,7,0,2,1.01,0,0,1.01,3.1,1,14,3,2.02,1
7,11.7134,28,5,138,14,1,2,91,60,1.01,7,4.16,0,0,3.03,2.07,8,0,5,5.25,1
2,11.1262,56,13,204,26,3,3,325,136,3.03,16,3.1,9,8,3.03,3.09,2,69,21,3.17,0
0,6.42599,3,2,11,4,8,4,6,7,0,6,0,1,1,2.02,6.13,0,219,4,0,1
3,13.6285,20,11,106,11,4,1,55,52,3.03,12,4.12,1,0,3.03,9.11,3,51,3,5.24,1
0,1.56044,3,2,10,3,6,0,3,6,0,2,0,0,0,0,0,2,20,3,1.01,1
8,19.8234,52,18,199,18,4,1,153,110,4.04,19,6.22,4,4,4.04,2.04,11,16,12,8.59,1
1,11.8796,10,6,43,5,1,2,10,22,2.03,8,2.09,2,1,2.03,1.01,1,6,1,3.15,1
2,8.67717,18,9,109,10,3,1,45,50,2.02,10,2.05,3,3,2.02,3.04,2,21,10,3.09,1
0,4.33338,18,5,68,6,1,1,15,30,0,5,0,2,2,0,0,0,6,5,1.08,1
1,8.67717,36,12,238,19,3,0,171,94,2.02,12,3.39,4,4,2.02,3.04,2,21,14,4.73,1
1,1.76682,3,1,9,2,1,1,1,3,0,2,0,0,0,0,0,1,0,2,0,1
1,3.19695,3,0,24,3,1,4,3,9,0,4,0,8,0,1.02,1.01,1,6,3,0,1
6,11.0027,57,15,194,16,1,3,120,107,3.06,18,6.81,4,4,6.11,1.01,7,6,5,8.29,1
0,3.1028,35,12,162,18,1,1,153,73,0,13,1.1,8,4,1.01,1.03,1,3,6,2.39,1
3,11.3416,12,2,52,10,2,1,45,27,2.02,3,2.02,4,4,2.02,2.02,4,6,10,2.05,1
2,16.6139,18,4,73,6,1,1,15,43,2.02,5,1.02,1,1,2.02,1.01,3,6,2,3.03,1
5,12.4237,12,13,71,6,3,1,15,43,8.11,14,8.31,1,1,8.11,4.09,6,18,1,8.46,0
2,6.02143,14,1,66,9,1,4,36,24,0,5,0,5,2,0,1.01,3,6,3,1.01,1
7,18.2025,34,9,89,11,4,2,55,60,5.05,11,5.24,3,2,7.09,4.07,7,77,10,7.41,0
19,21.7149,53,20,146,14,1,19,91,99,10.23,39,15.93,0,0,25.48,1.01,20,6,9,19.72,1
0,6.41569,5,1,15,3,1,1,3,7,0,2,0,1,0,0,0,0,0,3,0,1
1,9.61458,6,4,20,5,6,9,10,13,1.01,13,2.04,1,1,5.05,5.12,1,78,4,2.05,1
1,19.6689,4,6,24,4,2,1,6,15,4.05,7,4.09,1,0,4.05,8.18,3,28,1,6.25,1
0,0,2,0,6,2,3,1,1,3,0,1,0,0,0,0,1.01,1,13,1,0,1
3,7.7065,28,13,116,9,2,4,36,78,4.04,15,4.19,3,3,4.04,1.01,3,3,4,4.35,1
0,7.27922,30,12,88,9,1,0,36,66,1.02,12,1.06,3,2,1.02,1.01,0,6,2,2.07,1
4,9.89425,20,9,197,8,1,1,28,67,0,10,2.04,4,0,0,0,5,0,4,6.2,1
1,17.1031,17,4,50,14,2,81,91,29,0,84,3.06,1,1,21.52,0,5,7,12,6.17,1
0,4.41258,17,8,75,9,3,1,36,41,2.12,8,2.63,2,2,2.12,2.09,1,54,3,4.38,1
2,3.27147,21,5,76,6,1,2,15,44,0,7,0,3,3,0,0,2,6,3,1.03,1
9,16.6538,93,25,314,22,3,1,231,194,3.08,26,6.69,2,2,3.08,1.02,9,30,2,9.64,0
12,26.3437,96,29,412,33,2,1,528,233,8.22,30,14.29,7,6,10.21,3.06,13,11,2,17.39,0
7,7.48098,32,17,250,16,3,1,120,101,2.04,18,3.41,12,12,2.04,1.02,8,21,5,3.69,1
0,0,2,0,5,2,5,1,1,2,0,1,0,0,0,0,1.02,1,55,1,0,1
0,3.8069,5,6,29,5,1,3,10,15,1.01,9,1.01,0,0,2.02,0,1,9,4,1.03,1
0,6.18007,3,1,11,3,2,1,3,6,0,2,0,0,0,0,1.01,0,11,3,0,1
1,4.31202,22,4,55,8,3,1,28,35,1.01,5,0,3,3,1.01,1.02,1,34,7,0,1
2,10.4245,13,3,53,11,2,1,55,26,0,4,1.01,4,4,0,1.01,3,6,11,1.03,1
0,3.90631,4,3,27,4,2,1,6,12,1.01,4,0,1,1,1.01,1.01,0,14,1,0,1
10,13.6235,3,3,11,3,3,0,3,11,2.28,3,5.55,0,0,2.28,1.07,10,15,1,7.8,1
1,10.9582,35,4,91,5,3,1,10,38,1.01,5,3.17,6,6,1.01,3.07,1,32,5,2.53,1
0,0,3,4,25,3,2,1,3,13,0,5,0,0,0,0,0,1,12,2,0,1
0,1.56044,2,2,7,2,6,0,1,5,0,2,0,0,0,0,0,2,20,2,0,1
3,8.61553,118,20,452,31,1,3,465,291,4.04,23,2.03,33,14,4.04,0,4,6,7,2.05,0
0,0,6,3,29,2,1,2,1,18,0,5,0,0,0,0,0,1,6,2,0,0
0,4.25341,17,1,41,5,1,1,10,19,0,2,0,5,5,0,0,3,0,5,1.01,1
1,3.1764,11,3,47,6,1,1,15,21,0,4,1.01,1,1,0,0,3,0,2,1.04,1
0,4.50833,26,4,101,11,1,4,55,48,0,8,0,2,1,0,1.01,0,6,7,0,1
0,6.41569,16,4,54,10,4,4,45,26,0,8,0,4,3,0,3.05,0,25,10,0,1
6,19.0688,23,8,161,6,1,1,15,69,0,9,3.2,4,4,0,1.01,8,6,4,9.27,0
3,5.8987,7,0,25,5,2,1,10,6,0,1,2.05,0,0,0,3.07,3,12,4,3.21,1
3,10.7456,48,4,156,6,1,4,15,49,1.01,8,1.13,1,1,2.03,1.01,4,6,1,3.4,1
10,19.6349,17,7,107,6,4,1,15,33,5.08,8,7.56,6,6,5.08,4.1,14,47,6,11.33,1
1,0,2,1,6,2,1,0,1,3,0,1,0,0,0,0,0,1,6,2,0,0
1,5.95836,20,13,100,12,6,1,66,46,0,14,0,0,0,0,2.04,4,82,8,2.17,1
2,4.57426,7,1,23,7,1,0,21,14,0,1,0,1,1,0,0,2,0,7,0,1
0,4.33338,3,4,14,2,2,1,1,10,0,5,0,0,0,0,0,0,4,2,1.02,1
0,2.84822,21,14,100,13,5,1,78,56,0,15,0,0,0,0,2.04,3,80,9,0,1
24,28.2531,107,14,369,51,1,35,1275,180,7.11,45,18.28,11,11,20.36,1.07,32,7,36,20.83,0
0,8.67717,50,11,272,22,3,0,231,106,1.01,11,3.09,5,5,2.02,3.04,1,21,15,4.18,1
5,19.7652,43,8,141,18,2,14,153,63,1.01,19,2.04,6,3,7.07,2.02,7,4,14,5.17,1
1,7.6507,5,0,16,5,1,2,10,5,0,2,0,3,3,0,1.02,1,15,5,0,1
1,11.3948,25,12,99,7,4,1,21,60,3.03,13,2.06,2,1,3.03,9.11,2,51,4,2.07,1
2,2.71813,3,0,10,3,1,0,3,4,0,0,0,1,1,0,0,2,0,3,0,1
4,11.695,14,6,75,10,4,1,45,34,5.1,7,8.36,3,3,5.1,6.14,10,32,7,8.83,1
2,11.7134,3,2,16,3,1,2,3,12,0,4,3.05,0,0,3.03,0,2,0,2,3.08,1
3,7.34746,43,10,164,26,4,2,325,89,0,12,1.01,8,1,0,1.01,3,68,21,2.16,1
1,8.04434,5,4,18,4,1,0,6,15,0,4,0,1,0,1.01,0,1,0,4,0,1
5,12.713,35,11,162,15,1,1,105,76,2.07,12,3.2,5,5,2.07,0,5,0,8,2.22,1
0,6.41569,67,10,238,16,1,1,120,81,1.01,11,0,23,23,1.01,1.01,0,6,4,0,1
1,0,3,1,10,3,5,1,3,4,0,2,0,1,1,0,1.03,1,88,3,0,1
2,10.3881,12,3,87,6,1,2,15,33,2.02,5,0,6,6,3.03,0,3,6,5,4.14,1
2,7.722,44,10,130,10,4,2,45,91,1.02,12,1.02,0,0,1.02,3.08,3,80,2,2.05,1
2,7.0311,5,0,17,6,1,6,15,11,0,6,2.06,0,0,3.04,0,2,0,5,2.12,1
0,5.42019,4,3,12,1,1,1,0,4,1.01,4,1.01,0,0,1.01,1.01,0,6,1,1.03,1
3,6.78705,9,0,54,5,1,0,10,22,0,0,0,2,2,0,0,3,0,2,0,1
0,8.44052,24,5,76,10,3,1,45,36,1.01,6,2.02,4,4,2.02,3.09,0,56,9,2.02,1
3,9.59117,37,4,156,6,1,9,15,56,3.03,13,2.27,1,1,4.11,1.01,3,6,6,4.96,1
0,8.04434,11,0,29,11,2,1,55,13,0,1,0,1,1,0,1.01,0,7,11,1.02,1
2,10.1597,7,3,33,2,1,0,1,23,4.07,3,2.25,0,0,4.07,0,3,6,1,4.41,1
5,13.2919,14,3,44,6,4,2,15,19,5.05,5,4.08,3,3,5.05,7.12,5,91,5,3.09,1
0,3.06228,4,7,39,2,1,0,1,18,0,7,0,3,3,0,0,0,6,1,0,1
0,4.33338,6,2,26,4,1,4,6,10,0,6,0,2,0,0,0,0,0,3,1.01,1
0,3.18664,6,3,19,4,3,1,6,10,0,4,0,1,1,0,3.1,0,14,3,0,1
2,5.41232,16,0,212,12,1,95,66,23,0,95,0,43,0,4.55,0,4,6,11,0,1
19,22.4197,64,15,210,21,1,6,210,145,5.12,20,10.96,2,2,9.21,1.01,20,6,11,11.4,0
1,4.56477,18,4,108,10,1,3,45,40,0,7,0,9,9,0,0,1,0,2,1.04,1
1,7.57392,17,6,59,12,2,2,66,50,1.01,8,0,2,2,1.01,1.01,1,24,11,1.07,1
9,16.5679,30,10,93,13,2,1,78,38,4.04,11,6.26,8,8,5.08,3.07,11,11,12,8.73,1
3,17.8255,50,24,212,17,5,1,136,117,1.02,25,3.06,2,2,1.02,5.37,6,73,8,3.28,1
3,11.0408,12,3,35,6,1,3,15,12,2.04,6,3.05,2,2,5.07,0,3,0,6,2.14,1
0,3.30831,5,1,15,5,5,4,10,10,0,5,0,1,1,2.02,3.07,0,64,5,0,1
0,6.74569,35,4,138,12,1,15,66,59,1.02,19,3.25,8,0,3.17,0,2,6,11,3.7,1
2,18.6113,8,6,30,5,2,2,10,19,5.07,8,6.15,4,2,6.08,8.18,3,28,2,6.13,1
0,5.33086,4,2,13,4,3,0,6,6,0,2,0,1,1,1.01,3.1,0,14,3,0,1
6,22.588,29,8,106,26,6,9,325,66,8.19,17,6.85,5,3,12.24,5.08,6,89,25,8.35,1
2,3.18918,9,3,27,5,4,1,10,11,0,4,1.02,0,0,0,2.03,2,18,5,2.07,1
0,9.96423,18,4,58,18,3,20,153,27,0,24,0,7,3,4.05,3.07,2,37,16,0,1
3,6.40904,26,2,78,9,1,23,36,39,1.01,25,2.02,3,1,11.15,0,4,0,8,2.11,1
0,3.11166,8,0,30,3,1,1,3,9,0,1,0,0,0,0,0,0,0,1,0,1
1,11.9805,50,7,169,11,1,2,55,72,1.01,9,1.01,10,3,1.01,1.01,1,6,2,1.16,1
10,21.9232,41,23,194,15,3,1,105,115,9.17,24,11.55,5,5,9.17,3.04,12,21,5,10.72,0
2,7.17094,12,3,43,11,2,3,55,29,0,6,1.01,2,2,1.01,2.02,3,6,11,1.03,1
2,6.70338,14,13,96,6,3,1,15,50,2.06,14,3.26,0,0,2.06,2.04,3,17,3,3.55,1
1,14.1689,17,13,124,13,3,1,78,63,6.09,14,6.77,5,5,6.09,3.04,4,21,7,8.14,1
0,6.41569,14,5,30,4,1,3,6,14,0,8,0,3,1,0,1.02,0,13,4,1.01,1
2,9.90134,9,1,28,8,1,5,28,12,0,6,2.04,2,2,3.03,1.01,2,6,8,2.1,1
22,26.2376,158,35,627,37,5,4,666,291,5.12,38,15.59,7,7,5.14,5.37,27,70,10,19.61,1
0,1.77712,10,1,27,6,1,10,15,12,0,11,0,2,0,1.01,1.01,0,6,6,1.02,1
1,7.38607,1,2,9,1,1,0,0,4,0,2,0,0,0,0,0,1,0,1,1.03,1
1,10.1089,17,6,110,8,1,0,28,40,2.02,6,1.01,4,4,2.02,0,2,0,2,3.15,1
5,3.18172,8,2,38,5,1,1,10,11,1.01,3,1.05,2,2,1.01,0,6,0,4,1.21,1
3,10.9039,7,0,58,7,1,0,21,17,0,0,0,1,1,0,1.01,3,6,2,3.15,0
2,9.52583,8,4,28,4,1,0,6,18,1.02,4,1.03,1,1,1.02,1.01,2,6,3,1.04,1
2,7.44245,3,10,34,3,2,0,3,23,2.02,10,2.03,0,0,2.02,1.01,4,4,1,3.05,1
0,1.56044,3,2,10,3,6,0,3,6,0,2,0,0,0,0,0,2,20,3,0,1
0,0,16,10,95,11,4,1,55,56,0,11,0,3,3,0,0,1,34,6,0,1
2,8.64184,7,2,23,7,4,1,21,9,1.02,3,2.03,0,0,1.02,11.38,3,70,6,1.04,1
6,9.65979,66,15,260,29,1,10,406,136,1.02,25,3.28,16,11,2.03,1.05,7,30,17,4.56,1
3,5.17653,4,1,17,4,2,1,6,7,1.01,2,1.02,0,0,1.01,1.01,4,12,3,0,1
3,6.00267,11,5,40,7,2,1,21,21,1.01,6,1.01,7,1,1.01,0,3,8,5,2.05,1
0,4.25341,9,2,25,8,1,1,28,12,2.02,2,2.1,1,1,2.02,0,2,6,8,2.17,1
0,6.41569,11,3,34,6,3,6,15,19,0,9,0,1,1,2.02,1.01,0,23,6,1.02,1
1,12.4862,42,7,154,11,4,5,55,78,3.03,12,2.19,4,3,5.06,1.01,1,42,11,2.24,1
1,5.84418,9,4,27,7,3,1,21,14,1.01,5,1.04,3,3,1.01,2.04,1,34,7,1.09,1
1,12.396,8,1,23,7,1,11,21,10,1.01,12,2.02,2,2,4.04,1.01,1,8,4,2.02,1
2,8.99489,5,5,27,2,2,0,1,20,2.03,5,2.09,1,0,2.03,2.02,3,10,1,4.09,1
5,17.0076,21,3,65,11,4,2,55,45,1.01,5,3.18,2,1,1.01,4.07,5,78,8,2.16,1
0,6.23261,2,1,6,2,1,1,1,3,0,2,1.02,1,1,0,1.01,0,7,2,1.03,1
0,3.70646,10,7,30,5,3,2,10,15,0,8,0,0,0,0,0,0,21,2,1.04,1
23,25.1591,76,10,514,31,2,1,465,195,3.05,11,5.53,15,15,3.05,1.01,31,14,5,10.72,0
5,19.9182,62,22,251,19,5,1,171,118,4.05,23,6.29,10,10,4.05,5.37,7,72,7,7.8,1
0,0,3,2,14,2,3,3,1,5,0,5,0,0,0,1.01,0,0,5,1,0,1
8,21.4513,41,17,210,19,4,1,171,88,3.05,18,4.29,5,5,4.06,2.04,10,16,13,5.85,1
4,15.172,3,5,23,1,2,0,0,16,5.06,5,4.12,0,0,5.06,3.03,4,14,0,6.17,0
1,8.13388,12,2,31,6,4,7,15,14,0,9,0,2,1,1.01,0,1,44,5,0,1
2,10.7325,4,5,52,4,2,1,6,18,3.04,6,2.08,4,3,3.04,8.18,4,28,2,3.06,1
13,20.5295,167,31,618,57,5,2,1596,369,6.09,33,9.32,22,21,6.09,3.09,13,114,49,10.81,1
0,3.30831,3,1,9,3,5,4,3,5,0,5,0,1,1,2.02,3.07,0,64,3,0,1
0,4.41258,31,2,97,31,6,1,465,62,0,3,2.04,1,1,0,7.26,1,602,31,3.09,1
0,0,8,7,42,4,1,1,6,21,0,8,0,1,1,0,0,1,0,1,0,1
1,0,3,0,12,3,1,0,3,7,0,0,0,1,1,1.01,0,1,6,3,0,1
1,5.26723,16,4,56,14,5,9,91,36,0,13,0,1,1,0,4.49,3,248,14,0,1
2,5.01058,11,5,43,4,3,1,6,21,1.01,6,1.02,0,0,1.01,2.04,3,14,2,3.07,1
0,8.04434,8,6,23,3,3,1,3,10,0,7,0,0,0,0,3.03,0,21,1,0,1
2,11.1107,44,9,151,10,1,1,45,72,4.13,9,4.68,2,2,4.13,0,2,0,5,6.51,0
1,1.77712,31,0,97,14,1,6,91,43,0,6,0,10,5,1.01,0,1,6,10,0,1
0,6.28027,1,4,5,1,2,0,0,7,1.02,4,1.06,0,0,1.02,0,0,2,1,2.21,1
0,1.76682,24,3,75,12,1,1,66,32,0,4,0,4,4,0,0,1,6,10,1.04,1
0,1.76682,16,2,76,9,2,6,36,33,0,8,0,3,3,1.01,0,1,36,2,0,1
0,6.90569,17,0,59,17,1,0,136,20,0,0,0,2,2,3.03,1.01,0,6,17,0,1
1,7.39875,24,3,80,10,1,2,45,42,0,5,0,2,2,1.01,0,1,0,5,2.07,1
0,3.2591,22,9,106,6,1,0,15,32,1.01,9,1.02,0,0,1.01,0,1,6,6,2.28,1
0,4.68802,4,2,15,3,1,1,3,9,0,3,0,2,2,0,0,0,0,3,0,1
0,4.64887,4,1,10,3,2,1,3,6,0,2,0,0,0,0,2.02,0,29,2,0,1
4,6.39937,34,3,113,23,1,4,253,57,1.01,7,1.01,8,1,2.02,0,4,0,8,0,1
1,8.29798,2,1,16,2,1,3,1,6,0,4,1.01,3,3,1.01,0,4,0,2,2.17,1
2,9.23472,8,2,26,8,4,1,28,10,0,3,1.01,0,0,0,11.38,3,70,7,1.04,1
5,5.42268,18,2,52,4,4,2,6,33,4.04,4,2.08,1,0,4.05,2.03,6,18,4,4.18,1
8,6.56161,42,12,236,17,1,3,136,98,1.01,12,2.13,10,10,1.01,1.01,9,3,9,3.27,0
1,16.6473,25,17,97,11,3,1,55,72,5.07,18,6.19,2,1,5.07,7.07,1,41,3,8.33,1
0,9.36692,3,1,23,3,3,1,3,5,1.01,2,1.01,3,3,1.01,0,0,19,2,0,1
1,3.1764,9,4,63,7,3,2,21,25,1.01,6,1.01,1,1,1.01,0,2,72,1,1.03,1
0,4.68802,11,3,33,8,1,0,28,24,0,3,0,1,1,0,1.01,0,9,8,0,1
1,0,18,0,57,13,1,1,78,36,0,1,0,4,3,0,0,1,6,13,0,0
3,5.05758,7,3,38,3,1,1,3,18,0,4,3.05,0,0,1.01,0,4,6,3,4.14,1
20,16.953,61,29,317,28,5,1,378,177,4.06,30,10.49,5,5,4.06,5.37,24,73,11,12.48,1
3,3.83668,26,7,113,10,1,3,45,54,2.02,10,0,2,1,2.02,0,3,6,5,0,1
0,7.72707,32,3,103,14,3,14,91,42,0,17,0,10,3,2.03,3.05,0,19,12,2.03,1
5,15.9552,22,6,104,9,1,1,36,56,1.01,6,1.01,2,2,1.01,0,5,0,4,2.02,1
1,0,3,1,7,2,2,1,1,4,0,2,0,0,0,0,1.01,1,29,2,0,1
5,23.6028,8,9,61,5,2,1,10,35,4.1,10,5.32,1,0,4.1,9.22,6,28,1,9.6,1
25,34.4797,53,35,402,18,2,1,153,132,10.21,35,16.77,18,18,11.2,0,36,6,11,17.68,1
1,7.10446,13,4,44,9,4,12,36,26,0,16,0,2,2,2.04,3.07,2,55,8,2.02,1
3,11.171,14,1,85,8,2,2,28,22,0,3,5.1,5,5,1.01,2.02,5,18,6,6.23,1
1,6.85931,22,16,77,4,2,1,6,43,1.02,17,3.23,0,0,1.02,2.06,3,11,1,4.56,1
2,1.42715,8,3,84,5,1,1,10,25,0,4,0,6,6,0,0,2,0,1,0,1
3,10.2435,28,4,75,13,4,0,78,42,0,4,0,1,1,1.01,9.58,4,183,13,1.03,1
1,3.00782,21,9,77,13,5,1,78,45,1.01,10,1.09,2,2,1.01,2.04,1,131,11,2.2,1
8,24.7436,62,21,223,19,1,0,171,131,6.07,21,9.34,3,3,7.08,0,10,0,2,10.37,0
4,9.56944,11,3,49,11,2,1,55,26,2.04,4,3.11,3,2,2.04,1.01,5,6,11,3.13,1
5,7.69368,11,1,44,5,1,4,10,14,1.01,5,2.1,0,0,3.06,0,6,6,5,3.41,1
1,11.3454,63,6,210,16,4,12,120,78,0,18,2.13,5,3,6.06,3.07,5,55,10,3.93,1
3,7.08227,67,18,320,24,1,2,276,150,2.02,19,1.01,13,13,2.02,0,3,0,11,1.1,0
