LOC_BLANK,BRANCH_COUNT,CALL_PAIRS,CONDITION_COUNT,CYCLOMATIC_COMPLEXITY,DECISION_COUNT,DECISION_DENSITY,DESIGN_COMPLEXITY,EDGE_COUNT,ESSENTIAL_COMPLEXITY,LOC_EXECUTABLE,HALSTEAD_CONTENT,HALSTEAD_DIFFICULTY,HALSTEAD_EFFORT,HALSTEAD_LENGTH,HALSTEAD_PROG_TIME,HALSTEAD_VOLUME,MODIFIED_CONDITION_COUNT,MULTIPLE_CONDITION_COUNT,NODE_COUNT,NUM_OPERANDS,NUM_OPERATORS,NUM_UNIQUE_OPERANDS,NUM_UNIQUE_OPERATORS,NUMBER_OF_LINES,LOC_TOTAL,Defective
16,13,1,20,7,8,2.5,3,22,6,23,36.88,23.03,19562.81,149,1086.82,849.37,6,10,17,68,81,31,21,57,29,0
2,7,0,10,4,4,2.5,1,11,4,14,15.93,7.2,825.94,31,45.89,114.71,3,5,9,9,22,5,8,24,14,1
1,13,5,22,7,10,2.2,4,28,7,19,25.13,19,9073.67,91,504.09,477.56,6,11,23,38,53,19,19,21,19,0
8,3,1,4,2,2,2,2,6,1,14,31.97,10.95,3831.58,70,212.87,350,1,2,6,32,38,19,13,24,14,0
1,5,2,6,3,2,3,2,10,3,19,30.43,9.95,3010.71,60,167.26,302.66,2,3,9,27,33,19,14,23,20,0
14,11,7,20,6,10,2,1,29,1,29,42.97,21.15,19213.78,161,1067.43,908.66,5,10,25,69,92,31,19,58,29,0
6,5,3,8,3,4,2,2,11,1,12,25.16,11.2,3155.74,58,175.32,281.76,2,4,10,24,34,15,14,21,13,0
20,13,13,12,9,6,2,9,35,1,54,56.78,18.93,20355.23,176,1130.85,1075.1,3,6,28,71,105,45,24,94,54,0
6,5,1,8,3,4,2,2,9,1,5,12.29,11.25,1555.89,32,86.44,138.3,2,4,8,15,17,8,12,16,6,0
33,16,9,16,10,6,2.67,8,33,5,33,48.11,16.19,12617.28,133,700.96,779.11,5,8,25,53,80,36,22,102,45,0
1,5,1,6,3,2,3,2,9,3,7,13.8,7.86,851.86,26,47.33,108.42,2,3,8,10,16,7,11,9,7,0
0,3,1,4,2,2,2,2,7,1,4,8.57,5.25,236.11,13,13.12,44.97,1,2,7,6,7,4,7,5,4,0
2,5,3,8,3,4,2,3,15,1,14,33.76,11.7,4621.5,79,256.75,395,2,4,14,39,40,20,12,19,15,0
13,11,1,20,6,10,2,2,23,1,26,56.04,22.34,27977.56,228,1554.31,1252.14,5,10,19,110,118,32,13,52,30,0
1,35,6,52,18,18,2.89,6,58,13,26,37.58,34.62,45032.28,224,2501.79,1300.85,17,26,42,107,117,34,22,28,26,0
57,129,24,252,65,124,2.02,41,276,34,179,150.67,48.83,359267.3,981,19959.29,7357.35,64,126,213,438,543,148,33,252,186,0
6,9,0,16,5,8,2,1,17,5,23,22.35,17,6460,76,358.89,380,4,8,14,30,46,15,17,30,23,0
5,10,5,10,6,4,2.5,5,23,1,28,38.67,25.92,25983.73,175,1443.54,1002.39,3,5,19,79,96,32,21,39,29,0
5,5,3,8,3,4,2,3,14,1,14,19.08,9.9,1869.81,43,103.88,188.87,2,4,13,18,25,10,11,22,15,0
22,23,1,40,12,18,2.22,6,42,4,23,50.37,18.03,16367.05,155,909.28,907.99,11,20,32,74,81,39,19,69,27,1
1,7,0,12,4,6,2,1,14,1,26,47.13,21.56,21902.46,185,1216.8,1015.99,3,6,12,59,126,26,19,28,26,0
0,11,3,20,6,10,2,4,26,1,22,33.56,12.02,4852.71,80,269.59,403.55,5,10,22,37,43,20,13,23,22,0
1,3,0,4,2,2,2,1,6,1,8,12.48,8.33,866.67,26,48.15,104,1,2,6,10,16,6,10,10,8,0
1,7,0,12,4,6,2,1,15,1,10,6.88,24.38,4084.91,41,226.94,167.59,3,6,13,15,26,4,13,12,10,0
2,9,5,12,5,4,3,5,18,4,20,23.94,16.5,6517.5,79,362.08,395,4,6,15,33,46,16,16,23,20,0
13,9,0,16,5,8,2,1,18,5,23,28.71,23.33,15633.33,134,868.52,670,4,8,15,60,74,18,14,42,23,0
1,13,2,22,7,10,2.2,3,24,1,27,18.92,19.63,7291.52,73,405.08,371.38,6,11,19,31,42,15,19,29,27,0
24,15,4,26,8,12,2.17,7,37,4,54,75.27,22.24,37216.01,274,2067.56,1673.74,7,13,31,126,148,51,18,100,61,0
15,9,4,14,5,6,2.33,3,21,3,31,61.27,44.61,121958.52,446,6775.47,2733.66,4,7,18,151,295,44,26,63,45,0
0,7,2,12,4,6,2,3,13,1,17,25.96,11.15,3229.13,64,179.4,289.51,3,6,11,29,35,13,10,18,17,0
0,3,0,4,2,2,2,1,5,1,5,7.24,16.88,2060.67,33,114.48,122.11,1,2,5,15,18,4,9,6,5,0
1,9,0,16,5,8,2,1,18,5,11,8.42,20.4,3502.14,42,194.56,171.67,4,8,15,17,25,5,12,13,11,0
0,3,0,4,2,2,2,1,6,1,0,13.29,3,119.59,12,6.64,39.86,1,2,6,4,8,4,6,1,0,0
6,3,0,4,2,2,2,1,6,1,10,20.54,7.7,1217.55,36,67.64,158.12,1,2,6,14,22,10,11,20,10,0
18,9,1,12,5,4,3,2,14,5,13,16.54,12.36,2527.87,43,140.44,204.46,4,6,11,17,26,11,16,32,13,0
0,5,2,8,3,4,2,3,10,3,4,12.61,6.75,574.49,23,31.92,85.11,2,4,9,6,17,4,9,5,4,0
18,19,2,30,10,12,2.5,5,32,7,29,53.13,18.65,18483.6,173,1026.86,990.93,9,15,24,79,94,36,17,60,32,0
3,5,5,8,3,4,2,3,12,3,22,35.61,11.67,4847.17,81,269.29,415.47,2,4,11,35,46,21,14,28,23,0
3,3,0,4,2,2,2,1,6,1,4,11.42,7.33,614.25,22,34.13,83.76,1,2,6,11,11,6,8,8,4,0
5,3,2,4,2,2,2,2,8,1,8,19.72,4,315.48,22,17.53,78.87,1,2,8,8,14,6,6,21,9,0
36,13,3,22,7,10,2.2,6,28,6,48,79.19,19.4,29800.23,243,1655.57,1536.23,6,11,23,109,134,59,21,122,58,1
1,13,1,24,7,12,2,3,25,1,17,12.97,39.75,20489.85,111,1138.33,515.47,6,12,20,53,58,10,15,20,17,0
17,11,1,16,6,6,2.67,3,18,6,18,36.66,13.45,6637.2,94,368.73,493.31,5,8,14,37,57,22,16,47,22,1
4,3,0,4,2,2,2,1,5,1,6,14.8,8.56,1083.64,28,60.2,126.66,1,2,5,11,17,9,14,11,6,0
4,5,0,8,3,4,2,1,12,1,13,16.82,11.11,2076.76,44,115.38,186.91,2,4,11,20,24,9,10,24,13,0
1,5,1,8,3,4,2,2,10,3,8,10.76,14.86,2375.83,37,131.99,159.91,2,4,9,16,21,7,13,10,8,0
4,21,2,34,11,14,2.43,3,39,5,29,26.43,34.72,31867.04,161,1770.39,917.77,10,17,30,75,86,27,25,35,29,0
60,3,8,4,2,2,2,2,14,1,23,74.64,13.81,14241.04,180,791.17,1031.03,1,2,14,85,95,40,13,126,31,1
4,3,4,4,2,2,2,2,11,1,19,49.17,9.13,4099.12,89,227.73,448.95,1,2,11,42,47,23,10,24,19,0
2,15,0,28,8,14,2,1,29,8,22,15.12,25.5,9828.72,83,546.04,385.44,7,14,23,34,49,10,15,25,22,0
24,21,7,40,11,20,2,8,45,1,52,100.29,13.93,19463.42,225,1081.3,1397.13,10,20,36,101,124,58,16,104,60,0
36,25,8,44,13,20,2.2,8,50,6,44,75.71,19.73,29480.66,237,1637.81,1494,12,22,39,109,128,58,21,117,56,1
4,21,2,40,11,20,2,6,43,1,21,24.3,27,17711.76,125,983.99,655.99,10,20,34,60,65,20,18,26,21,0
1,3,1,4,2,2,2,1,7,1,8,13.56,5.33,385.81,19,21.43,72.34,1,2,7,8,11,6,8,10,8,0
3,13,4,24,7,12,2,7,27,6,22,36.01,13.42,6486.52,95,360.36,483.31,6,12,22,34,61,19,15,31,27,0
1,3,2,4,2,2,2,2,5,1,4,13.87,4.67,302.05,17,16.78,64.73,1,2,5,7,10,6,8,7,5,0
1,5,0,8,3,4,2,1,9,1,10,20,6,720,30,40,120,2,4,8,12,18,8,8,12,10,0
13,5,1,8,3,4,2,1,19,1,36,49.13,19.76,19184.32,185,1065.8,970.87,2,4,18,76,109,25,13,62,36,0
7,25,10,42,13,18,2.33,10,47,5,71,70.93,18.61,24562.78,210,1364.6,1319.93,12,23,36,89,121,55,23,99,75,1
4,7,4,12,4,6,2,3,16,1,12,40.37,13,6822.31,100,379.02,524.79,3,6,14,50,50,25,13,22,13,0
1,3,4,4,2,2,2,2,10,1,10,20.81,9,1685.67,42,93.65,187.3,1,2,10,18,24,11,11,12,10,0
8,143,14,264,73,128,2.06,60,357,15,139,123.47,68.57,580469.3,1130,32248.29,8465.79,68,132,286,530,600,143,37,151,142,0
1,5,1,6,3,2,3,1,9,3,15,30.72,25.5,19978.47,154,1109.91,783.47,2,3,8,51,103,17,17,17,15,0
18,9,8,16,5,8,2,5,40,1,49,72.48,20.68,31004.8,257,1722.49,1499.05,4,8,37,106,151,41,16,80,51,1
1,7,0,12,4,6,2,1,14,3,14,15.86,13.3,2805.08,46,155.84,210.91,3,6,12,19,27,10,14,16,14,0
2,7,1,12,4,6,2,2,14,3,9,10.4,19,3755.43,45,208.64,197.65,3,6,12,19,26,7,14,12,9,0
1,5,0,8,3,4,2,1,10,1,10,13.96,11.67,1899.9,36,105.55,162.85,2,4,9,15,21,9,14,13,11,0
2,7,0,12,4,6,2,1,16,1,14,21.83,21.53,10120.67,94,562.26,470,3,6,14,38,56,15,17,17,14,0
5,67,16,130,34,64,2.02,30,153,17,90,179.17,21.38,81861.96,548,4547.89,3829.8,33,65,121,243,305,108,19,98,91,0
2,7,1,12,4,6,2,2,14,4,7,7.8,19.6,2997.34,36,166.52,152.93,3,6,12,14,22,5,14,10,7,0
22,13,7,22,7,10,2.2,6,28,4,33,71.6,13.86,13750.99,166,763.94,992.23,6,11,23,75,91,46,17,66,43,1
33,7,2,12,4,6,2,4,19,1,18,43.02,9.88,4199.81,81,233.32,425.08,3,6,17,38,43,25,13,75,22,0
4,3,0,4,2,2,2,1,5,1,6,21.76,5.25,599.66,30,33.31,114.22,1,2,5,14,16,8,6,12,7,0
1,7,0,8,4,2,4,1,10,4,9,17.8,12.28,2682.84,49,149.05,218.51,3,4,8,17,32,9,13,11,9,0
3,19,12,34,10,16,2.13,8,62,3,45,48.13,38.75,72273.89,291,4015.22,1865.13,9,17,54,135,156,54,31,49,45,0
13,37,8,72,19,36,2,16,85,5,41,88.36,21.82,42062.82,300,2336.82,1927.88,18,36,68,144,156,66,20,55,41,0
23,9,4,16,5,8,2,4,25,1,31,90.58,12.32,13749.12,186,763.84,1116,4,8,22,88,98,50,14,77,37,1
5,11,0,18,6,8,2.25,1,20,3,21,35.4,12.07,5158.69,84,286.59,427.35,5,9,16,39,45,21,13,33,25,0
5,69,8,130,35,62,2.1,11,141,19,65,70.75,49.5,173359.85,526,9631.1,3502.22,34,65,108,204,322,68,33,80,65,0
0,5,3,6,3,2,3,2,9,3,6,19.25,6.5,813.14,30,45.17,125.1,2,3,8,13,17,9,9,7,6,0
2,7,0,12,4,6,2,1,13,4,6,7.22,13.33,1282.82,26,71.27,96.21,3,6,11,8,18,3,10,9,6,0
10,11,1,16,6,6,2.67,4,17,3,9,33.68,10.74,3883.05,73,215.72,361.66,5,8,13,34,39,19,12,20,9,1
9,17,6,30,9,14,2.14,4,39,7,29,58.4,14.93,13015,147,723.06,871.82,8,15,32,66,81,42,19,51,33,0
10,3,1,4,2,2,2,1,6,1,6,22.54,6.14,848.67,32,47.15,138.3,1,2,6,15,17,11,9,32,6,0
3,5,2,4,3,2,2,3,10,1,18,23.37,9.15,1958.65,45,108.81,213.97,1,2,9,17,28,13,14,30,22,0
1,5,0,8,3,4,2,1,10,1,10,12.7,16.25,3354.63,47,186.37,206.44,2,4,9,20,27,8,13,13,11,0
4,43,22,82,22,40,2.05,21,118,12,73,98.77,30.8,93697.55,442,5205.42,3042.13,21,41,98,198,244,90,28,83,77,0
1,13,4,16,7,4,4,6,21,7,15,26.3,11.7,3599.75,64,199.99,307.67,6,8,16,27,37,15,13,18,15,0
15,5,4,8,3,4,2,3,11,1,14,49.71,9.92,4895.11,94,271.95,493.31,2,4,10,43,51,26,12,56,15,0
1,19,10,16,13,8,2,9,51,3,43,47.44,23.4,25974,185,1443,1110,4,8,40,78,107,40,24,45,43,0
4,3,0,4,2,2,2,1,5,1,6,14.14,5.25,389.71,19,21.65,74.23,1,2,5,7,12,6,9,13,7,0
17,13,2,22,7,10,2.2,3,26,6,26,43.02,27.35,32179.65,200,1787.76,1176.53,6,11,21,92,108,37,22,57,31,0
5,19,1,36,10,18,2,2,42,6,43,40.83,24.08,23672.68,186,1315.15,983.08,9,18,34,86,100,25,14,54,46,0
30,21,7,40,11,20,2,5,49,7,46,58.55,21.92,28134.83,222,1563.05,1283.46,10,20,40,98,124,38,17,111,53,1
1,5,4,8,3,4,2,3,11,1,9,24,4.67,522.66,28,29.04,112,2,4,10,12,16,9,7,11,9,0
9,7,3,12,4,6,2,4,14,1,10,29.06,6.54,1242.24,42,69.01,189.99,3,6,12,17,25,13,10,29,13,0
4,11,5,18,6,8,2.25,4,26,4,18,34.93,12.73,5658.72,86,314.37,444.61,5,9,22,40,46,22,14,45,18,0
2,17,0,32,9,16,2,1,33,1,2,85.3,11,10321.01,168,573.39,938.27,8,16,26,74,94,37,11,19,16,1
0,3,1,4,2,2,2,2,6,1,12,26.06,4,416.99,25,23.17,104.25,1,2,6,10,15,10,8,13,12,0
2,13,2,20,7,8,2.5,5,24,6,13,7.8,43.5,14758.99,74,819.94,339.29,6,10,19,29,45,6,18,16,13,0
21,19,3,32,10,14,2.29,5,39,3,45,59.99,23.54,33237.05,226,1846.5,1412.03,9,16,31,102,124,52,24,83,51,0
8,3,3,4,2,2,2,2,10,1,8,23.66,7.92,1482.76,42,82.38,187.3,1,2,10,19,23,12,10,17,8,0
4,11,2,18,6,8,2.25,2,21,3,19,17.53,23.33,9541.89,87,530.11,408.94,5,9,17,40,47,12,14,24,19,0
53,21,5,38,11,18,2.11,8,52,4,73,132.29,22.53,67179.31,444,3732.18,2981.13,10,19,43,204,240,86,19,161,85,1
0,3,1,6,2,2,3,1,6,1,3,9.49,3.5,116.27,10,6.46,33.22,2,3,6,3,7,3,7,4,3,0
1,7,1,12,4,6,2,1,15,1,16,13.27,21,5851.26,60,325.07,278.63,3,6,13,28,32,10,15,18,16,0
10,9,3,16,5,8,2,4,18,1,11,30.6,10.95,3667.37,67,203.74,335,4,8,15,32,35,19,13,29,15,1
10,7,2,14,4,6,2.33,3,14,1,11,23.9,19.68,9260.7,91,514.48,470.46,4,7,12,44,47,19,17,26,12,1
0,3,1,4,2,2,2,1,8,1,8,16.53,7.5,930,31,51.67,124,1,2,8,15,16,8,8,9,8,0
1,9,1,12,5,6,2,5,14,5,10,14.4,16,3685.14,49,204.73,230.32,3,6,11,20,29,10,16,14,10,0
1,3,1,4,2,2,2,2,8,1,11,22.15,6.4,907.38,34,50.41,141.78,1,2,8,16,18,10,8,13,11,0
1,3,0,4,2,2,2,1,7,1,8,16.35,11.5,2162,47,120.11,188,1,2,7,23,24,8,8,10,8,0
2,15,4,20,9,10,2,7,33,4,18,19.75,23.8,11186,94,621.44,470,5,10,26,42,52,15,17,44,21,0
25,3,1,4,2,2,2,1,8,1,21,46.11,14.5,9695.39,124,538.63,668.65,1,2,8,58,66,28,14,57,21,0
4,20,8,24,12,12,2,5,48,1,43,47.52,28.6,38870.09,221,2159.45,1359.09,6,12,38,99,122,45,26,52,45,0
9,13,0,24,7,12,2,1,30,1,33,48.23,21,21270.06,176,1181.67,1012.86,6,12,25,84,92,36,18,44,34,0
1,7,0,12,4,6,2,1,13,3,7,13.83,11.25,1750.38,36,97.24,155.59,3,6,11,15,21,8,12,9,7,0
28,9,4,16,5,8,2,5,23,1,32,99.95,11.96,14297.65,200,794.31,1195.46,4,8,20,92,108,50,13,89,37,1
0,3,0,4,2,2,2,1,7,1,7,11.76,11.33,1510.25,35,83.9,133.26,1,2,7,17,18,6,8,8,7,0
1,3,0,4,2,2,2,1,5,1,7,14.51,4.2,255.97,17,14.22,60.94,1,2,5,6,11,5,7,9,7,0
3,5,1,8,3,4,2,2,9,1,9,13.27,11.25,1679.37,33,93.3,149.28,2,4,8,12,21,8,15,13,9,0
7,25,10,44,13,22,2,9,51,6,34,68.44,31.61,68400.43,353,3800.02,2163.64,11,22,40,107,246,44,26,42,34,0
4,7,3,12,4,6,2,4,14,1,16,25.4,12.79,4158.09,65,231,325,3,6,12,29,36,17,15,22,16,0
1,3,0,4,2,2,2,1,5,1,20,47.51,25.6,31133.81,227,1729.66,1216.16,1,2,5,80,147,25,16,22,20,0
2,13,4,24,7,12,2,2,30,3,29,28.86,20.94,12659.07,122,703.28,604.41,6,12,25,58,64,18,13,32,29,0
19,11,7,20,6,10,2,4,26,1,34,51.05,19.74,19886.3,172,1104.79,1007.57,5,10,22,75,97,38,20,68,34,1
0,13,0,18,7,6,3,1,19,7,7,23.57,7.11,1191.72,41,66.21,167.59,6,9,14,16,25,9,8,8,7,0
28,11,3,20,6,10,2,5,26,1,25,65.18,9.85,6318.58,111,351.03,641.73,5,10,22,48,63,39,16,80,34,0
13,5,8,8,3,4,2,2,22,1,20,50.44,8.5,3644.57,85,202.48,428.77,2,4,21,34,51,22,11,48,21,1
7,85,7,168,43,84,2,27,232,18,136,170.88,39.94,272550.45,920,15141.69,6824.42,42,84,191,426,494,144,27,148,140,0
4,53,6,100,27,48,2.08,23,124,19,62,88.96,33,96874.9,450,5381.94,2935.6,26,50,99,210,240,70,22,67,62,0
13,9,7,16,5,8,2,3,33,1,50,106.51,20,42604.83,325,2366.93,2130.24,4,8,30,148,177,74,20,107,51,1
7,31,4,56,16,26,2.15,6,68,11,28,33.74,35.21,41834.57,198,2324.14,1188,15,28,54,85,113,35,29,55,35,0
14,9,4,16,5,8,2,2,21,1,28,41.8,17.61,12957.24,134,719.85,735.91,4,8,18,58,76,28,17,53,28,0
12,17,4,32,9,16,2,2,44,1,137,154.38,37.66,218997.95,832,12166.55,5814.59,8,16,37,403,429,107,20,178,137,0
0,3,2,4,2,2,2,2,8,1,9,16.25,8.89,1283.82,34,71.32,144.43,1,2,8,16,18,9,10,10,9,0
10,5,2,8,3,4,2,1,12,1,9,33.57,11,4062.39,72,225.69,369.31,2,4,11,33,39,21,14,29,10,0
3,9,3,14,5,6,2.33,3,20,3,26,30.81,17.22,9132.06,99,507.34,530.4,4,7,17,44,55,23,18,36,30,0
2,143,8,186,72,88,2.11,71,221,70,58,89.69,33.23,99019.72,483,5501.1,2980.07,49,93,151,215,268,55,17,61,58,0
3,26,4,32,14,10,3.2,5,43,9,38,39.75,37.71,56535.7,257,3140.87,1499.05,11,16,31,120,137,35,22,47,42,1
24,7,4,12,4,6,2,4,19,1,31,44.69,18.75,15711.84,147,872.88,837.96,3,6,17,60,87,32,20,70,33,1
1,5,0,8,3,4,2,1,10,3,16,15.53,18.9,5545.97,64,308.11,293.44,2,4,9,27,37,10,14,18,16,0
6,5,4,8,3,4,2,3,12,1,14,43.72,7.5,2459.14,65,136.62,327.89,2,4,11,30,35,22,11,29,15,0
8,3,4,4,2,2,2,2,9,1,12,24.49,6,881.67,34,48.98,146.95,1,2,9,12,22,10,10,38,12,0
13,7,2,10,4,4,2.5,3,13,3,14,31.36,10.11,3205.92,64,178.11,317.07,3,5,11,28,36,18,13,32,18,0
13,15,3,24,8,10,2.4,6,34,5,38,59.63,25.26,38050.55,252,2113.92,1506.27,7,12,28,117,135,44,19,58,39,0
1,7,0,10,4,4,2.5,1,12,3,13,22.43,10.08,2280.63,50,126.7,226.18,3,5,10,22,28,12,11,17,14,0
3,3,0,4,2,2,2,1,6,1,5,10.41,6.4,426.29,18,23.68,66.61,1,2,6,8,10,5,8,10,5,0
4,15,1,26,8,12,2.17,2,32,4,20,15.74,26.13,10742.56,83,596.81,411.2,7,13,26,33,50,12,19,27,21,0
6,5,2,8,3,4,2,1,19,1,16,50.16,27.35,37530.39,247,2085.02,1371.98,2,4,18,106,141,31,16,43,21,0
2,3,0,4,2,2,2,1,6,1,5,6.5,6,234,13,13,39,1,2,6,4,9,2,6,8,5,0
12,5,1,8,3,4,2,2,11,1,10,15.75,12.35,2402.24,43,133.46,194.51,2,4,10,19,24,10,13,33,12,0
7,7,1,10,4,4,2.5,2,11,1,11,19.24,17.68,6011.75,70,333.99,340.06,3,5,9,33,37,14,15,24,13,0
6,3,6,4,2,2,2,2,11,1,10,40.52,5.75,1339.69,49,74.43,232.99,1,2,11,23,26,18,9,28,12,1
11,5,2,8,3,4,2,2,18,1,25,25.67,18.53,8812.64,96,489.59,475.6,2,4,17,45,51,17,14,63,29,0
1,5,1,8,3,4,2,1,10,1,7,11.62,9.75,1104.67,29,61.37,113.3,2,4,9,13,16,6,9,9,7,0
14,3,3,4,2,2,2,2,9,1,9,32.85,9.12,2731.26,63,151.74,299.56,1,2,9,31,32,17,10,35,11,0
14,10,1,6,7,2,3,2,20,3,28,29.63,16.28,7847.47,90,435.97,482.18,2,3,15,31,59,20,21,48,30,0
16,13,2,22,7,10,2.2,4,24,4,20,47.71,15.97,12167.64,135,675.98,761.92,6,11,19,62,73,33,17,52,24,1
5,7,2,10,4,4,2.5,3,11,4,13,28.06,10.56,3130.06,61,173.89,296.34,3,5,9,26,35,16,13,23,14,0
22,12,9,12,7,6,2,6,30,1,26,42.74,11.03,5204.26,84,289.13,471.64,3,6,25,32,52,29,20,88,32,0
10,11,7,16,6,8,2,6,25,4,36,37,27.73,28450.7,171,1580.59,1026,4,8,21,76,95,37,27,49,38,0
2,9,5,16,5,8,2,5,24,5,23,23.67,23,12520.25,107,695.57,544.36,4,8,21,46,61,17,17,27,24,0
25,49,0,96,25,48,2,1,121,1,108,1295.68,12.3,195940.93,1879,10885.61,15933.51,24,48,98,951,928,348,9,158,132,0
0,3,0,4,2,2,2,1,5,1,6,10.04,5,250.95,14,13.94,50.19,1,2,5,5,9,4,8,7,6,0
4,5,2,8,3,4,2,2,11,1,14,31.7,10.47,3476.06,67,193.11,331.93,2,4,10,29,38,18,13,21,16,0
8,5,0,8,3,2,4,1,7,1,6,17.75,9.9,1739.36,40,96.63,175.69,3,4,6,18,22,10,11,24,7,0
4,3,3,4,2,2,2,2,7,1,6,23.63,6,850.66,34,47.26,141.78,1,2,7,15,19,10,8,11,6,0
1,3,0,4,2,2,2,1,5,1,9,17.71,14,3472,62,192.89,248,1,2,5,28,34,8,8,11,9,0
1,7,0,12,4,6,2,1,14,1,13,14.3,23.27,7746.14,70,430.34,332.84,3,6,12,32,38,11,16,16,13,0
2,9,1,14,5,6,2.33,4,18,4,8,7.35,21.12,3281.21,38,182.29,155.32,4,7,15,13,25,4,13,11,8,0
15,5,1,8,3,4,2,1,10,1,49,102.96,17.5,31530.62,285,1751.7,1801.75,2,4,9,140,145,64,16,69,51,1
1,11,2,18,6,8,2.25,2,21,6,18,22.75,20,9099.07,88,505.5,454.95,5,9,17,40,48,18,18,20,18,0
2,5,1,8,3,4,2,1,12,1,13,18.54,16.14,4839.01,63,268.83,299.56,2,4,11,30,33,13,14,16,13,0
2,3,2,4,2,2,2,2,8,1,15,25.27,11.39,3280.22,62,182.23,287.92,1,2,8,29,33,14,11,18,15,0
1,5,1,8,3,4,2,2,9,1,9,10.79,14.57,2290.24,37,127.24,157.17,2,4,8,17,20,7,12,12,9,0
15,9,3,16,5,8,2,4,19,4,19,33.28,15.94,8459.67,95,469.98,530.57,4,8,16,41,54,27,21,77,24,1
3,37,3,60,19,24,2.5,6,68,11,36,33.88,39.58,53092.15,232,2949.56,1341.28,18,30,51,95,137,30,25,40,36,0
13,7,3,12,4,6,2,3,15,1,18,56.43,12.83,9294.08,138,516.34,724.21,3,6,13,63,75,27,11,41,21,0
1,7,4,12,4,6,2,3,20,3,12,18.68,12.83,3076.44,51,170.91,239.72,3,6,18,22,29,12,14,14,12,0
1,22,5,32,13,16,2,10,54,8,43,41.66,36.87,56634.51,256,3146.36,1536,8,16,43,89,167,35,29,48,45,0
1,15,3,28,8,14,2,4,36,1,34,23.86,46,50477.9,201,2804.33,1097.35,7,14,30,92,109,22,22,39,37,0
20,14,1,16,9,8,2,2,29,1,38,16.23,147.53,353307.23,447,19628.18,2394.83,4,8,22,209,238,17,24,90,47,0
1,3,0,4,2,2,2,1,6,1,5,10.75,5,268.87,15,14.94,53.77,1,2,6,5,10,4,8,7,5,0
4,5,0,8,3,4,2,1,10,1,9,18.27,7.33,982.52,31,54.58,133.98,2,4,9,12,19,9,11,15,9,0
3,17,0,32,9,16,2,1,33,1,2,76.91,15.85,19327.77,222,1073.76,1219.19,8,16,26,98,124,34,11,23,19,1
17,7,4,12,4,6,2,4,22,1,16,46.83,14.48,9823.41,125,545.75,678.28,3,6,20,60,65,29,14,45,20,0
3,37,4,54,20,22,2.45,7,72,12,49,25.89,66.86,115710.92,293,6428.38,1730.72,16,31,54,117,176,28,32,55,49,0
0,3,1,4,2,2,2,2,6,1,4,9.51,3,85.59,9,4.75,28.53,1,2,6,3,6,3,6,5,4,0
16,9,5,16,5,8,2,5,22,1,38,67.8,13.4,12174.52,152,676.36,908.55,4,8,19,67,85,45,18,82,43,1
5,29,6,56,15,28,2,15,66,14,37,93.04,18.79,32840.16,272,1824.45,1747.94,14,28,53,124,148,66,20,65,37,0
1,13,2,22,7,10,2.2,2,24,1,14,29.59,14.55,6259.35,82,347.74,430.33,6,11,19,40,42,22,16,16,14,0
6,45,11,86,23,42,2.05,19,108,19,69,63.43,34.98,77622.82,350,4312.38,2218.95,22,43,87,148,202,55,26,78,71,0
35,19,4,34,10,16,2.13,8,42,1,53,68.68,23.83,39014.14,262,2167.45,1636.96,9,17,34,117,145,54,22,168,62,1
3,9,0,8,6,4,2,1,18,1,22,27.21,20.39,11307.85,101,628.21,554.68,2,4,14,39,62,22,23,27,22,0
6,3,2,4,2,2,2,2,7,1,6,22.46,9,1819.07,43,101.06,202.12,1,2,7,18,25,13,13,15,8,0
10,5,1,6,3,2,3,2,8,3,11,22.96,13.5,4185,62,232.5,310,2,3,7,27,35,16,16,31,13,0
19,32,8,48,19,24,2,8,74,5,75,43.01,71.26,218421.83,471,12134.55,3065.17,12,24,57,208,263,54,37,110,78,0
8,3,0,4,2,2,2,1,7,1,16,39.81,13.88,7671.65,119,426.2,552.62,1,2,7,59,60,17,8,25,16,0
1,5,0,8,3,4,2,1,9,3,12,10.7,13.75,2023.29,36,112.41,147.15,2,4,8,15,21,6,11,14,12,0
22,9,5,8,5,4,2,5,22,1,28,36.37,18.27,12140.16,121,674.45,664.51,2,4,19,50,71,26,19,77,36,0
10,9,2,12,5,4,3,3,17,5,18,36.97,15.36,8722.95,106,484.61,567.9,4,6,14,48,58,25,16,36,19,0
41,31,3,54,16,24,2.25,6,65,3,73,90.21,25.16,57086.39,355,3171.47,2269.27,15,27,51,161,194,64,20,140,76,0
0,3,0,4,2,2,2,1,5,1,5,16.21,4.2,286.08,19,15.89,68.11,1,2,5,6,13,5,7,6,5,0
2,33,6,58,17,26,2.23,7,68,14,34,30.56,37.08,42020.85,196,2334.49,1133.15,16,29,53,89,107,30,25,39,36,0
1,15,4,26,8,12,2.17,5,34,3,16,29,17.43,8805.15,97,489.17,505.32,7,13,28,41,56,20,17,18,16,0
31,9,4,16,5,8,2,4,26,1,26,50.19,15.29,11739.22,136,652.18,767.56,4,8,23,65,71,34,16,84,31,0
1,7,1,12,4,6,2,2,15,3,13,15.39,20.17,6258.43,61,347.69,310.34,3,6,13,22,39,12,22,15,13,0
1,36,2,56,21,28,2,6,77,9,49,35.67,65.77,154273.13,384,8570.73,2345.67,14,28,58,171,213,39,30,52,50,0
45,69,2,118,35,50,2.36,4,123,3,117,126.88,26.71,90551.52,497,5030.64,3389.63,34,59,90,221,276,91,22,205,121,1
6,3,6,4,2,2,2,2,10,1,10,31.9,6.9,1518.54,48,84.36,220.08,1,2,10,23,25,15,9,18,11,1
18,17,5,24,10,12,2,10,36,1,56,86.98,11.25,11008.93,165,611.61,978.57,6,12,28,69,96,46,15,88,60,0
19,27,3,40,14,14,2.86,5,40,6,30,39.94,25.45,25867.91,183,1437.11,1016.49,13,20,28,82,101,29,18,70,33,0
17,3,3,4,2,2,2,2,8,1,11,30.66,7.76,1848.32,49,102.68,238.04,1,2,8,22,27,17,12,44,14,0
26,5,4,8,3,4,2,3,15,1,41,46.77,30.69,44054.95,243,2447.5,1435.37,2,4,14,114,129,39,21,72,41,1
4,3,1,4,2,2,2,1,7,1,6,11.53,11.25,1458.65,30,81.04,129.66,1,2,7,15,15,8,12,11,6,0
10,49,12,96,25,48,2,22,135,19,142,135.53,37.53,190890.99,729,10605.06,5086.44,24,48,112,319,410,102,24,156,144,0
11,5,3,8,3,4,2,1,12,1,12,36.12,6.39,1474.26,48,81.9,230.75,2,4,11,23,25,18,10,37,12,0
5,3,3,4,2,2,2,2,8,1,9,19.66,7.15,1004.96,32,55.83,140.55,1,2,8,13,19,10,11,21,10,0
14,11,1,20,6,10,2,4,27,1,20,51.1,12.22,7632.82,119,424.05,624.5,5,10,23,60,59,27,11,39,20,1
3,3,0,4,2,2,2,1,7,1,13,22.92,11,2773.9,55,154.11,252.17,1,2,7,26,29,13,11,24,14,0
19,15,3,28,8,14,2,2,36,4,64,44.02,37.19,60876.7,268,3382.04,1637.08,7,14,30,123,145,43,26,125,66,0
15,3,8,4,2,2,2,2,14,1,21,39.6,9.45,3540.14,73,196.67,374.44,1,2,14,32,41,22,13,42,21,1
12,27,1,40,15,18,2.22,6,59,10,39,42.04,61.97,161468.35,428,8970.46,2605.43,11,20,46,157,271,38,30,57,42,0
2,3,0,4,2,2,2,1,6,1,7,14.04,2,56.15,10,3.12,28.07,1,2,6,3,7,3,4,10,7,0
7,3,1,4,2,2,2,1,6,1,6,22.74,6.67,1010.8,34,56.16,151.62,1,2,6,16,18,12,10,22,6,0
17,3,2,4,2,2,2,2,7,1,16,24.8,12.19,3683.14,61,204.62,302.21,1,2,7,26,35,16,15,61,19,1
4,17,1,32,9,16,2,1,35,1,24,35.36,17.72,11106.15,129,617.01,626.68,8,16,28,58,71,18,11,29,24,1
6,9,2,14,5,6,2.33,4,19,3,28,21.3,21.76,10091.02,89,560.61,463.64,4,7,16,37,52,17,20,35,28,0
12,5,5,6,3,2,3,3,15,1,13,33.1,7.12,1676.64,49,93.15,235.56,2,3,14,22,27,17,11,29,13,0
16,19,8,16,11,6,2.67,8,35,5,39,51.55,14.14,10311.72,125,572.87,729.11,5,8,26,45,80,35,22,72,49,0
1,3,4,4,2,2,2,1,10,1,15,42.25,11.18,5280.46,90,293.36,472.31,1,2,10,43,47,25,13,17,15,0
0,7,2,12,4,6,2,3,13,1,17,25.55,11.15,3178.67,63,176.59,284.98,3,6,11,29,34,13,10,18,17,0
2,5,2,8,3,4,2,1,12,1,13,18.95,10.29,2007.31,42,111.52,195.04,2,4,11,19,23,12,13,20,14,0
0,5,2,8,3,4,2,3,10,3,6,13.67,8,875.14,28,48.62,109.39,2,4,9,8,20,5,10,7,6,0
3,45,5,68,26,32,2.13,19,104,23,75,52.16,53.78,150849.96,425,8380.54,2804.96,18,34,80,167,258,59,38,96,83,0
1,3,0,4,2,2,2,1,6,1,6,7.4,9,599.47,18,33.3,66.61,1,2,6,8,10,4,9,8,6,0
4,7,1,8,4,2,4,1,12,1,11,25.88,10.71,2971.35,59,165.07,277.33,3,4,10,25,34,14,12,16,11,1
0,3,2,4,2,2,2,2,8,1,6,17.47,5.14,462.13,23,25.67,89.86,1,2,8,9,14,7,8,7,6,0
0,3,0,4,2,2,2,1,5,1,4,11.39,3.5,139.52,12,7.75,39.86,1,2,5,3,9,3,7,5,4,0
1,11,1,20,6,10,2,2,24,4,22,16.21,46.93,35696.56,146,1983.14,760.58,5,10,20,64,82,15,22,29,27,0
6,9,2,16,5,8,2,3,16,1,8,19.89,13,3360.81,55,186.71,258.51,4,8,13,26,29,13,13,16,9,0
10,5,5,8,3,4,2,3,13,1,35,99.53,11.61,13418.54,199,745.47,1155.66,2,4,12,95,104,45,11,50,39,0
1,3,2,4,2,2,2,2,7,1,15,16.95,16.5,4614.93,57,256.39,279.69,1,2,7,22,35,12,18,17,15,0
2,7,0,12,4,6,2,1,13,4,9,7.44,13.5,1355.12,28,75.28,100.38,3,6,11,9,19,3,9,12,9,0
15,7,5,12,4,6,2,4,16,1,18,45.88,9.11,3805.17,77,211.4,417.82,3,6,14,34,43,28,15,44,22,0
6,9,2,12,5,6,2,4,20,1,17,41.54,6.32,1656.83,54,92.05,262.33,3,6,17,24,30,19,10,35,19,0
7,52,14,48,37,24,2,17,132,1,100,62.85,77.19,374495.12,700,20805.28,4851.52,12,24,97,305,395,81,41,130,120,0
28,26,13,20,17,8,2.5,13,65,5,112,118.43,23.9,67644.11,405,3758.01,2830.42,6,10,50,169,236,99,28,145,116,0
7,5,2,8,3,4,2,2,11,1,14,16.05,10.67,1827.2,39,101.51,171.3,2,4,10,16,23,9,12,22,14,0
0,5,0,8,3,4,2,1,9,1,6,18.88,9,1529.25,40,84.96,169.92,2,4,8,20,20,10,9,7,6,0
3,3,2,4,2,2,2,2,8,1,12,19.16,6.19,733.44,29,40.75,118.54,1,2,8,11,18,8,9,16,12,0
24,19,1,32,10,14,2.29,5,39,6,60,86.23,31.88,87614.7,430,4867.48,2748.7,9,16,31,204,226,64,20,107,62,1
32,29,1,56,15,26,2.15,4,64,1,29,63.05,32.2,65351.13,348,3630.62,2029.85,15,28,51,165,183,41,16,78,35,0
3,13,9,24,7,12,2,7,32,4,22,34.83,15.79,8682.88,111,482.38,549.92,6,12,27,50,61,19,12,28,22,0
1,11,2,18,6,8,2.25,2,21,6,12,12.67,21.85,6050.37,57,336.13,276.9,5,9,17,23,34,10,19,14,12,0
2,5,1,8,3,4,2,1,11,1,10,10.25,21,4519.69,49,251.09,215.22,2,4,10,21,28,7,14,13,10,0
2,3,6,4,2,2,2,2,10,1,12,31.35,10.31,3334.36,68,185.24,323.33,1,2,10,30,38,16,11,20,14,0
4,9,4,16,5,8,2,4,21,1,33,37.18,17.68,11620.19,119,645.57,657.3,4,8,18,55,64,28,18,39,34,0
9,41,5,74,21,34,2.18,12,79,6,102,147.44,19.65,56922.69,418,3162.37,2897.05,20,37,60,189,229,101,21,167,116,1
12,55,12,68,34,34,2,15,121,17,87,69.02,44.68,137758.8,448,7653.27,3083.42,17,34,89,181,267,79,39,102,89,0
6,3,0,4,2,2,2,1,7,1,12,26.25,13.67,4902.51,83,272.36,358.72,1,2,7,41,42,12,8,19,12,0
19,11,5,20,6,10,2,3,29,1,20,32.36,31.53,32175.94,179,1787.55,1020.38,5,10,25,86,93,30,22,63,24,0
26,7,4,12,4,6,2,1,29,1,39,98.24,22.84,51227.3,350,2845.96,2243.29,3,6,27,170,180,67,18,82,42,1
0,3,1,4,2,2,2,2,5,1,9,10.2,13.33,1813.33,34,100.74,136,1,2,5,16,18,6,10,10,9,0
4,7,1,8,4,2,4,1,10,1,9,17.28,12.09,2526.68,45,140.37,208.97,3,4,8,19,26,11,14,14,9,0
0,3,2,4,2,2,2,2,7,1,11,31.21,6.13,1170.84,45,65.05,191.16,1,2,7,21,24,12,7,12,11,0
1,3,0,4,2,2,2,1,6,1,7,14.49,36.4,19192.65,115,1066.26,527.27,1,2,6,52,63,10,14,15,10,0
2,11,1,20,6,10,2,2,27,1,19,34.83,13,5886.19,89,327.01,452.78,5,10,23,42,47,21,13,24,20,0
10,11,0,18,6,8,2.25,1,20,4,12,21.92,17.73,6891.86,80,382.88,388.64,5,9,16,38,42,15,14,34,15,0
0,9,0,16,5,8,2,1,17,3,11,16.86,17.14,4949.88,63,274.99,288.85,4,8,14,29,34,11,13,12,11,0
4,7,1,8,4,2,4,1,11,1,10,22.22,11,2688.65,52,149.37,244.42,3,4,9,22,30,13,13,15,10,1
16,5,1,8,3,4,2,2,13,1,31,47.6,13.5,8674.38,117,481.91,642.55,2,4,12,54,63,30,15,49,32,0
7,11,3,20,6,10,2,5,27,1,37,33.65,18.75,11829.4,117,657.19,630.9,5,10,23,50,67,24,18,53,40,0
6,5,1,8,3,4,2,1,10,1,14,19.1,11.92,2711.63,49,150.65,227.55,2,4,9,22,27,12,13,21,14,0
5,15,3,28,8,14,2,4,40,1,34,56.82,11.24,7181.41,115,398.97,638.78,7,14,34,53,62,33,14,40,34,0
11,3,6,4,2,2,2,2,10,1,12,40.92,6.47,1712.28,57,95.13,264.7,1,2,10,23,34,16,9,34,14,0
1,3,2,4,2,2,2,2,7,1,8,15.92,6.29,629.06,24,34.95,100.08,1,2,7,8,16,7,11,10,8,0
7,9,2,16,5,8,2,4,20,1,24,24.93,20.24,10207.48,100,567.08,504.44,4,8,17,43,57,17,16,39,27,0
3,3,0,4,2,2,2,1,6,1,10,8.79,12,1265.83,27,70.32,105.49,1,2,6,12,15,5,10,14,10,0
3,13,5,24,7,12,2,6,32,6,17,27.29,21.05,12094.31,112,671.91,574.48,6,12,27,50,62,19,16,21,17,0
4,7,1,8,4,2,4,1,11,1,10,23.78,10.15,2451.96,52,136.22,241.48,3,4,9,22,30,13,12,15,10,0
7,7,2,12,4,6,2,3,16,1,30,29.83,40.13,48033.42,222,2668.52,1197.09,3,6,14,107,115,24,18,39,31,0
13,26,4,44,14,22,2,11,59,7,45,30.87,42.62,56084.29,221,3115.79,1315.88,11,22,47,97,124,33,29,61,46,0
12,3,4,4,2,2,2,2,9,1,13,40.12,6.05,1468.67,49,81.59,242.76,1,2,9,22,27,20,11,32,15,0
20,11,9,18,6,8,2.25,5,24,1,15,55.47,8.07,3611.37,83,200.63,447.56,5,9,20,36,47,29,13,57,19,1
1,9,3,14,5,6,2.33,3,19,3,14,27.69,10.11,2831.11,56,157.28,280,4,7,16,26,30,18,14,17,14,0
3,7,0,12,4,6,2,1,16,1,14,28.72,9.38,2523.86,56,140.21,269.21,3,6,14,25,31,16,12,22,15,0
18,7,1,10,4,4,2.5,2,12,3,19,42.56,14.44,8879.35,114,493.3,614.72,3,5,10,52,62,27,15,69,23,0
9,7,3,8,4,2,4,2,12,4,12,33.12,8,2119.78,54,117.77,264.97,3,4,10,24,30,18,12,24,14,0
26,17,10,34,9,14,2.43,6,38,3,27,67.59,11.15,8408.78,131,467.15,753.89,10,17,31,58,73,39,15,92,30,1
0,3,2,4,2,2,2,2,9,1,12,16.73,11,2024,46,112.44,184,1,2,9,22,24,8,8,13,12,0
8,3,0,4,2,2,2,1,6,1,29,62.76,21.36,28626.92,240,1590.38,1340.39,1,2,6,115,125,35,13,40,29,0
0,3,2,4,2,2,2,1,7,1,5,20.07,5.91,700.77,27,38.93,118.59,1,2,7,13,14,11,10,6,5,0
0,9,2,14,5,6,2.33,3,15,5,15,19.64,19.69,7612.12,76,422.9,386.65,4,7,12,35,41,16,18,17,16,0
8,17,3,32,9,16,2,4,32,6,54,68.85,10.07,6976.38,121,387.58,693.08,8,16,25,51,70,38,15,76,55,0
12,11,4,12,6,4,3,4,20,5,19,28.9,10.82,3385.09,62,188.06,312.75,4,6,16,23,39,17,16,64,21,0
1,9,1,12,5,6,2,5,14,5,10,13.06,16,3343.58,45,185.75,208.97,3,6,11,18,27,9,16,14,10,0
0,5,4,8,3,4,2,2,14,1,11,25.67,11.09,3155.71,58,175.32,284.6,2,4,13,29,29,17,13,13,12,0
19,15,5,22,8,8,2.75,5,25,6,21,40.15,15.41,9530.93,114,529.5,618.59,7,11,19,52,62,27,16,60,26,0
0,5,4,8,3,4,2,3,14,1,13,14.28,9.33,1243.74,35,69.1,133.26,2,4,13,14,21,6,8,14,13,0
3,13,2,22,7,10,2.2,4,32,4,26,24.26,23.75,13682.58,109,760.14,576.11,6,11,27,50,59,20,19,30,26,0
1,7,2,12,4,6,2,3,14,3,8,14.4,10,1440,36,80,144,3,6,12,12,24,6,10,10,8,0
32,37,12,58,19,22,2.64,10,79,13,85,103.85,30.93,99359.89,471,5519.99,3212.3,18,29,62,207,264,87,26,145,91,0
1,5,3,8,3,4,2,3,11,1,8,18.89,5.63,597.79,26,33.21,106.27,2,4,10,10,16,8,9,10,8,0
3,9,4,16,5,6,2.67,3,18,4,12,19.93,11.08,2448.54,47,136.03,220.92,5,8,15,19,28,12,14,17,12,0
20,9,8,14,5,6,2.33,4,23,3,35,82.63,16.32,22024.66,224,1223.59,1349.01,4,7,20,100,124,49,16,72,41,0
38,589,4,1148,299,570,2,5,1260,15,591,675.88,137.36,12751451.28,9605,708413.98,92835.55,289,574,963,4015,5590,760,52,634,591,0
6,5,1,8,3,4,2,1,11,1,13,18.91,10.45,2065.48,45,114.75,197.65,2,4,10,19,26,10,11,21,14,0
4,5,1,8,3,4,2,1,12,1,7,13.18,14,2582.68,42,143.48,184.48,2,4,11,21,21,9,12,12,7,0
1,9,4,8,6,4,2,4,20,3,31,42.06,21.68,19763.62,157,1097.98,911.75,2,4,16,67,90,34,22,37,35,1
5,25,0,44,13,20,2.2,1,48,13,63,59.11,30.37,54510.88,290,3028.38,1795.05,12,22,37,124,166,49,24,75,63,0
11,9,4,16,5,8,2,2,21,1,13,39.26,6.75,1788.56,54,99.36,264.97,4,8,18,27,27,20,10,26,13,0
1,3,1,4,2,2,2,2,5,1,5,19.1,5.78,637.64,27,35.42,110.36,1,2,5,13,14,9,8,7,5,0
3,5,0,8,3,4,2,1,11,1,18,45.06,12.52,7065.03,110,392.5,564.22,2,4,10,48,62,23,12,26,20,1
26,19,1,26,11,12,2.17,2,34,1,38,33.74,23.2,18157.82,136,1008.77,782.66,7,13,25,58,78,30,24,85,42,0
14,9,1,14,5,6,2.33,4,18,3,21,56.3,11,6811.81,118,378.43,619.26,4,7,15,54,64,27,11,39,24,0
50,64,2,92,35,36,2.56,17,120,22,166,144.78,33.72,164651.23,666,9147.29,4882.39,28,46,87,307,359,132,29,245,181,0
9,7,2,10,4,4,2.5,3,13,3,17,29.9,16.61,8254.12,94,458.56,496.83,3,5,11,43,51,22,17,30,17,0
2,17,1,30,9,14,2.14,2,31,9,16,10.13,32.58,10759.67,73,597.76,330.22,8,15,24,23,50,6,17,19,16,0
4,39,1,76,20,38,2,2,65,1,51,71.48,12.37,10946.28,153,608.13,884.55,19,38,47,66,87,40,15,59,51,0
0,3,0,4,2,2,2,1,6,1,3,5,6,180,10,10,30,1,2,6,4,6,2,6,4,3,0
13,5,1,8,3,4,2,2,10,1,7,23.64,9.31,2048.42,48,113.8,220.08,2,4,9,22,26,13,11,69,13,1
6,5,3,8,3,4,2,3,11,1,12,20.12,11.08,2469.1,48,137.17,222.91,2,4,10,24,24,13,12,24,13,0
4,11,1,20,6,10,2,2,21,1,38,46.36,12.73,7508.78,103,417.15,589.98,5,10,17,42,61,33,20,43,38,0
1,13,4,24,7,12,2,3,32,4,20,33.58,20.52,14141.06,127,785.61,689.14,6,12,27,57,70,25,18,22,20,0
3,9,1,16,5,8,2,4,23,1,30,32.53,13.88,6262.85,88,347.94,451.38,4,8,20,37,51,20,15,43,32,0
0,3,2,4,2,2,2,2,8,1,6,11.42,6.67,507.65,20,28.2,76.15,1,2,8,10,10,6,8,7,6,0
4,5,1,8,3,4,2,2,11,1,11,22.64,5.73,742.59,30,41.25,129.66,2,4,10,14,16,11,9,16,11,0
1,3,4,4,2,2,2,1,15,1,24,53.7,16.1,13923.65,154,773.54,864.67,1,2,15,73,81,34,15,45,24,0
10,5,1,6,3,2,3,2,8,3,12,23.74,10.21,2476.96,51,137.61,242.5,2,3,7,22,29,14,13,32,14,0
13,9,3,16,5,8,2,2,20,1,24,26.39,18.43,8961.02,92,497.83,486.26,4,8,17,43,49,21,18,39,25,0
5,5,1,8,3,4,2,1,12,1,20,43.19,11.18,5397.81,92,299.88,482.81,2,4,11,43,49,25,13,30,23,0
0,3,0,4,2,2,2,1,6,1,6,27.01,11.69,3692.07,65,205.11,315.77,1,2,6,19,46,13,16,9,7,0
5,1,3,16,1,8,2,1,8,1,19,69.53,16.72,19441.83,206,1080.1,1162.63,4,8,9,86,120,36,14,34,19,0
19,5,4,8,3,4,2,3,17,1,14,28.72,14.88,6354.23,82,353.01,427.18,2,4,16,35,47,20,17,49,17,0
20,15,3,28,8,14,2,3,32,1,37,56.27,20,22506.86,189,1250.38,1125.34,7,14,26,84,105,42,20,77,45,0
13,11,2,20,6,10,2,4,23,1,49,65.63,21.2,29496.56,227,1638.7,1391.35,5,10,19,106,121,50,20,95,51,0
1,16,3,20,10,10,2,9,42,1,23,19.57,30.94,18729.81,119,1040.55,605.41,5,10,34,55,64,16,18,25,23,0
4,11,4,18,6,8,2.25,4,22,4,24,29.2,19.5,11102.33,111,616.8,569.35,5,9,18,52,59,20,15,32,24,0
1,5,2,8,3,4,2,2,11,1,6,17.3,4.2,305.12,21,16.95,72.65,2,4,10,7,14,5,6,8,6,0
2,7,1,10,4,4,2.5,2,13,4,21,28.27,9.69,2655.57,59,147.53,273.99,3,5,11,21,38,13,12,26,23,1
19,59,3,116,30,58,2,3,110,1,208,242.69,36.29,319607.72,1190,17755.98,8807.05,29,58,82,573,617,150,19,257,208,0
1,3,0,4,2,2,2,1,6,1,7,8.26,12.1,1210,25,67.22,100,1,2,6,11,14,5,11,9,7,0
1,11,1,20,6,10,2,2,21,4,14,16.12,22.73,8332.05,74,462.89,366.61,5,10,17,25,49,11,20,17,14,0
12,11,5,16,6,6,2.67,4,20,5,24,34.84,19.8,13657.11,121,758.73,689.75,5,8,16,54,67,30,22,43,24,0
56,71,13,140,36,70,2,17,181,1,99,79.48,89.75,640223.79,1056,35567.99,7133.16,35,70,147,489,567,79,29,230,141,0
14,5,4,8,3,4,2,2,20,1,26,37.82,17.54,11632.47,123,646.25,663.26,2,4,19,57,66,26,16,91,32,0
1,5,5,8,3,4,2,3,15,1,21,41.65,8.64,3111.43,72,172.86,360,2,4,14,33,39,21,11,24,22,0
1,5,0,8,3,4,2,1,9,3,10,9.26,12.1,1355.2,28,75.29,112,2,4,8,11,17,5,11,12,10,0
1,3,0,4,2,2,2,1,6,1,12,16.65,4.67,362.64,21,20.15,77.71,1,2,6,8,13,6,7,14,12,0
2,3,2,4,2,2,2,2,7,1,8,18.53,9,1501.17,40,83.4,166.8,1,2,7,18,22,9,9,11,8,0
2,5,1,8,3,4,2,2,9,1,11,21.05,7.09,1058.51,33,58.81,149.28,2,4,8,13,20,11,12,14,11,1
5,33,4,62,17,30,2.07,10,77,10,33,90.42,13,15281.13,199,848.95,1175.47,16,31,62,94,105,47,13,39,33,0
2,7,2,8,4,4,2,3,15,1,13,14.24,12.75,2314.39,42,128.58,181.52,2,4,13,17,25,8,12,16,13,0
3,9,3,16,5,8,2,3,25,1,31,64.9,47.74,147935.37,509,8218.62,3098.52,4,8,22,145,364,41,27,36,31,0
8,52,13,80,28,36,2.22,17,108,22,66,50.5,42.41,90808.6,335,5044.92,2141.43,22,40,82,145,190,53,31,82,66,0
22,55,13,108,28,54,2,27,125,27,817,1349.98,39.94,2153049.88,5580,119613.86,53912.72,27,54,99,2733,2847,787,23,891,817,0
2,3,0,4,2,2,2,1,7,1,8,20.06,14.21,4049.15,63,224.95,284.98,1,2,7,31,32,12,11,11,8,0
1,5,0,8,3,4,2,1,12,1,17,21.5,7.15,1099.18,35,61.07,153.73,2,4,11,13,22,10,11,19,17,0
1,3,1,4,2,2,2,1,7,1,8,13.4,5.25,369.2,18,20.51,70.32,1,2,7,7,11,6,9,10,8,0
5,8,1,4,6,2,2,2,16,1,24,19.95,12.41,3072.34,54,170.69,247.59,1,2,12,21,33,11,13,34,24,0
0,5,1,8,3,4,2,3,10,1,8,9.42,17,2723.1,41,151.28,160.18,2,4,9,17,24,5,10,9,8,0
9,9,7,16,5,8,2,3,22,1,29,51.73,12.95,8682.08,120,482.34,670.2,4,8,19,57,63,33,15,51,31,0
16,25,7,36,14,16,2.25,7,49,5,65,62.32,19.01,22519.97,192,1251.11,1184.63,10,18,37,81,111,49,23,105,74,0
1,16,0,12,12,6,2,1,34,6,41,29.35,33.5,32937,178,1829.83,983.19,3,6,24,67,111,23,23,48,46,0
6,3,3,4,2,2,2,2,7,1,5,28.99,5.54,889.14,36,49.4,160.54,1,2,7,16,20,13,9,20,5,0
2,3,1,4,2,2,2,2,7,1,9,15.57,7.5,875.68,28,48.65,116.76,1,2,7,12,16,8,10,12,9,0
2,3,0,4,2,2,2,1,5,1,18,30.71,12.86,5076.47,84,282.03,394.84,1,2,5,30,54,14,12,21,18,0
16,11,5,20,6,10,2,2,30,1,32,32.61,64.33,135012.09,363,7500.67,2098.63,5,10,26,193,170,33,22,67,33,0
6,7,4,12,4,6,2,4,17,1,32,44.39,13.19,7722.51,106,429.03,585.5,3,6,15,45,61,29,17,52,33,0
1,9,1,16,5,8,2,2,22,1,18,15.61,23.18,8390.28,77,466.13,361.93,4,8,19,34,43,11,15,20,18,0
1,11,1,16,6,6,2.67,2,17,6,20,21.74,20.19,8859.53,87,492.2,438.86,5,8,13,38,49,16,17,23,21,0
1,17,0,26,9,10,2.6,1,29,9,19,19.04,26.67,13541.31,99,752.29,507.8,8,13,22,40,59,15,20,21,19,0
2,13,1,22,7,10,2.2,5,25,6,11,7.15,29.75,6326.82,51,351.49,212.67,6,11,20,17,34,4,14,14,11,0
7,3,1,4,2,2,2,2,7,1,22,39.13,13.91,7574.21,103,420.79,544.4,1,2,7,40,63,23,16,33,22,1
1,3,0,4,2,2,2,1,6,1,6,14.36,5.71,468.83,21,26.05,82.04,1,2,6,10,11,7,8,8,6,0
12,5,6,8,3,4,2,1,22,1,31,87.22,17.4,26406.88,252,1467.05,1517.64,2,4,21,116,136,50,15,71,31,0
1,11,1,18,6,8,2.25,2,21,5,9,10.31,18.2,3415.17,45,189.73,187.65,5,9,17,14,31,5,13,11,9,0
0,3,0,4,2,2,2,1,6,1,7,8.88,9,719.59,21,39.98,79.95,1,2,6,10,11,5,9,8,7,0
11,9,0,14,5,6,2.33,1,16,4,21,18.5,21.54,8579.94,82,476.66,398.35,4,7,13,35,47,13,16,34,21,0
27,29,4,46,15,18,2.56,9,58,14,81,104.45,30.05,94338.77,462,5241.04,3139.02,14,23,45,187,275,84,27,128,81,1
2,7,3,10,4,4,2.5,3,15,3,18,25.11,14,4921.77,68,273.43,351.55,3,5,13,28,40,18,18,23,20,0
4,8,2,8,5,4,2,4,16,1,39,32.31,31,31053.16,171,1725.18,1001.71,2,4,13,62,109,29,29,45,39,0
1,3,2,4,2,2,2,2,8,1,16,31.55,14,6184.08,83,343.56,441.72,1,2,8,42,41,24,16,19,17,0
0,3,2,4,2,2,2,1,8,1,8,23.66,7.92,1482.76,42,82.38,187.3,1,2,8,19,23,12,10,9,8,0
14,5,4,8,3,4,2,3,12,1,14,52.67,6.38,2143.97,65,119.11,336.05,2,4,11,29,36,25,11,33,18,1
5,31,4,50,17,24,2.08,12,68,15,55,29.26,76.36,170603.91,367,9478,2234.1,13,25,53,144,223,33,35,78,55,0
1,3,0,4,2,2,2,1,6,1,7,8.22,9,666.08,20,37,74.01,1,2,6,8,12,4,9,9,7,0
5,5,2,6,3,2,3,1,9,3,12,18.28,10,1828.37,41,101.58,182.84,2,3,8,20,21,11,11,19,12,0
9,25,10,48,13,24,2,9,62,8,47,57.88,31.53,57542.56,293,3196.81,1825.04,12,24,51,134,159,51,24,70,47,0
9,9,1,10,5,2,5,2,14,5,12,24.99,11.61,3366.63,61,187.04,290.05,4,5,11,25,36,14,13,24,17,1
5,49,0,56,25,16,3.5,1,65,25,52,31.64,38.62,47183.65,249,2621.31,1221.82,20,28,42,101,148,17,13,58,52,0
6,3,1,4,2,2,2,1,6,1,25,14.23,94.77,127850.89,287,7102.83,1349.03,1,2,6,139,148,11,15,33,25,0
71,31,7,50,16,20,2.5,7,69,14,64,85.98,28.08,67800.78,365,3766.71,2414.37,15,25,55,164,201,73,25,208,85,0
2,13,3,20,7,8,2.5,7,29,4,13,14.04,29.36,12103.07,84,672.39,412.18,6,10,24,34,50,11,19,16,13,0
3,3,12,4,2,2,2,2,53,1,42,100.54,28.52,81768.15,471,4542.68,2867.19,1,2,53,220,251,54,14,48,42,0
3,5,6,6,3,2,3,2,12,1,10,32.98,6.18,1260.48,48,70.03,203.9,2,3,11,17,31,11,8,15,11,0
9,11,2,20,6,10,2,3,24,1,40,56.47,17.4,17102.11,180,950.12,982.7,5,10,20,83,97,31,13,73,48,0
19,21,4,28,11,8,3.5,5,34,10,30,78.46,12.52,12301.89,165,683.44,982.44,10,22,25,72,93,46,16,62,38,1
7,13,2,26,7,12,2.17,4,27,1,28,41.68,16.84,11818.06,125,656.56,701.84,7,13,22,58,67,31,18,45,31,1
3,3,0,4,2,2,2,1,6,1,11,25.04,7.33,1346.57,47,74.81,183.62,1,2,6,22,25,9,6,18,12,0
0,5,1,8,3,4,2,2,11,1,5,4.54,15,1021.71,19,56.76,68.11,2,4,10,6,13,2,10,6,5,0
16,19,6,24,11,10,2.4,9,37,3,34,38.45,22.91,20177.56,151,1120.98,880.77,7,12,28,63,88,33,24,68,39,0
33,33,6,58,17,26,2.23,9,74,5,65,93.54,34.45,111016.34,478,6167.57,3222.42,16,29,59,226,252,82,25,128,71,1
16,11,0,22,6,10,2.2,1,21,1,17,23.33,29.45,20235.16,130,1124.18,687.1,6,11,17,62,68,20,19,42,18,0
1,11,0,16,6,6,2.67,1,19,5,11,8.91,22.4,4472.22,47,248.46,199.65,5,8,15,16,31,5,14,13,11,0
0,3,0,4,2,2,2,1,6,1,6,6.5,6,234,13,13,39,1,2,6,4,9,2,6,7,6,0
13,19,2,34,10,16,2.13,4,38,1,49,61.44,21.27,27799.05,217,1544.39,1306.85,9,17,30,103,114,46,19,79,52,1
9,5,3,8,3,4,2,2,14,1,14,34.4,9.84,3332.3,69,185.13,338.58,2,4,13,34,35,19,11,25,14,0
1,15,1,20,9,10,2,4,35,4,28,32.72,37.94,47122.94,207,2617.94,1242,5,10,28,86,121,34,30,36,33,0
20,9,4,16,5,8,2,3,23,1,57,130.74,11.41,17020.6,241,945.59,1491.75,4,8,20,116,125,61,12,87,58,1
0,5,5,8,3,4,2,3,14,1,8,24.59,11.38,3181.51,57,176.75,279.69,2,4,13,26,31,16,14,9,8,0
7,7,4,16,4,8,2,4,17,1,17,20.9,18.5,7152.97,76,397.39,386.65,4,8,15,37,39,17,17,38,19,0
50,22,3,20,15,8,2.5,8,46,7,79,48.32,49.43,118064.59,391,6559.14,2388.43,6,10,33,174,217,44,25,143,86,0
15,13,3,22,7,10,2.2,4,25,4,21,47.71,15.97,12167.64,135,675.98,761.92,6,11,20,62,73,33,17,52,25,1
33,29,7,52,15,24,2.17,8,65,3,52,80.65,25.1,50799.32,306,2822.18,2024.1,14,26,52,139,167,72,26,115,61,0
0,3,0,4,2,2,2,1,6,1,11,15.7,10.63,1772.22,40,98.46,166.8,1,2,6,17,23,8,10,12,11,0
2,5,0,8,3,4,2,1,9,1,2,59.38,12.02,8577.83,136,476.55,713.72,2,4,8,59,77,27,11,15,12,0
16,11,13,24,6,12,2,5,45,1,59,66.95,25.45,43359.38,268,2408.85,1703.82,6,12,41,123,145,58,24,107,62,0
4,3,4,4,2,2,2,2,8,1,10,20.51,4.57,428.64,24,23.81,93.77,1,2,8,8,16,7,8,29,10,0
18,17,5,32,9,16,2,6,35,1,33,48.39,35.46,60838.51,301,3379.92,1715.83,8,16,28,146,155,35,17,69,39,0
13,3,2,4,2,2,2,1,15,1,33,56.88,16.48,15453.19,175,858.51,937.57,1,2,15,71,104,28,13,58,33,0
1,11,1,18,6,8,2.25,2,25,5,23,18.18,25.38,11715.15,96,650.84,461.51,5,9,21,44,52,13,15,25,23,0
4,19,2,28,10,10,2.8,9,33,1,12,17.25,32.88,18654.39,118,1036.34,567.27,9,14,25,57,61,13,15,17,12,0
1,5,1,4,3,2,2,2,10,1,14,18.75,7.09,942.84,29,52.38,132.96,1,2,9,12,17,11,13,16,14,0
14,21,3,36,11,16,2.25,5,40,5,69,84.72,25.33,54371.71,329,3020.65,2146.25,10,18,31,152,177,69,23,125,74,0
10,15,2,24,8,10,2.4,4,26,1,23,40.2,22.79,20877.45,171,1159.86,916.14,7,12,20,79,92,26,15,46,26,0
1,3,1,4,2,2,2,1,9,1,12,22.73,11.5,3005.44,57,166.97,261.33,1,2,9,23,34,12,12,14,12,0
9,3,0,6,2,2,3,1,5,1,5,16.12,7.5,906.96,29,50.39,120.93,2,3,5,12,17,8,10,23,6,0
11,13,3,24,7,12,2,4,25,1,22,49.25,15.23,11417.37,135,634.3,749.87,6,12,20,59,76,31,16,52,31,1
1,3,2,4,2,2,2,2,7,1,13,44.01,5.85,1506.22,53,83.68,257.47,1,2,7,26,27,20,9,15,13,0
1,5,2,6,3,2,3,2,10,3,10,14.12,10.89,1674.72,34,93.04,153.8,2,3,9,14,20,9,14,12,10,0
28,7,3,10,4,4,2.5,2,14,3,16,40.48,11.25,5123.16,85,284.62,455.39,3,5,12,39,46,26,15,78,20,1
1,3,1,4,2,2,2,2,7,1,5,10.99,6.4,449.97,19,25,70.31,1,2,7,8,11,5,8,7,5,0
18,14,9,18,8,8,2.25,4,33,3,48,51.88,14.58,11021.37,127,612.3,756.18,5,9,27,53,74,40,22,88,50,0
18,11,5,16,6,6,2.67,6,27,5,19,28.88,30.38,26642.14,171,1480.12,877.11,5,8,23,81,90,20,15,42,19,1
19,9,4,16,5,8,2,5,23,1,45,71.31,24.66,43378.78,286,2409.93,1758.83,4,8,20,135,151,52,19,72,47,0
6,5,1,8,3,4,2,2,14,1,22,66.13,15.71,16316.58,185,906.48,1038.72,2,4,13,87,98,36,13,36,23,0
2,9,2,16,5,8,2,2,23,1,9,13.72,23.38,7494.65,66,416.37,320.63,4,8,20,33,33,12,17,16,10,0
0,5,6,8,3,4,2,2,21,1,19,32.45,13.89,6264.19,91,348.01,450.83,2,4,20,44,47,19,12,21,20,0
15,5,3,8,3,4,2,2,13,1,15,38.86,14.28,7924.93,105,440.27,554.97,2,4,12,51,54,25,14,55,18,0
9,11,4,20,6,10,2,6,23,1,44,80.39,9.26,6897.13,130,383.17,744.63,5,10,19,57,73,40,13,59,46,0
6,5,1,6,3,2,3,2,9,3,12,20.31,10.77,2355.5,46,130.86,218.72,2,3,8,20,26,13,14,20,12,0
2,25,0,48,13,24,2,1,49,1,2,102.19,7.18,5262.9,136,292.38,733.36,12,24,38,61,75,34,8,18,15,1
8,3,4,4,2,2,2,1,11,1,14,41.25,14.67,8873.33,121,492.96,605,1,2,11,56,65,21,11,23,14,1
2,39,1,76,20,38,2,2,66,1,54,70.18,13.46,12721.96,162,706.78,944.93,19,38,48,69,93,41,16,60,54,0
1,3,1,4,2,2,2,2,6,1,9,11.82,10.83,1386.67,32,77.04,128,1,2,6,13,19,6,10,11,9,0
0,3,1,4,2,2,2,2,6,1,5,17.11,5.14,452.57,22,25.14,88,1,2,6,8,14,7,9,6,5,0
8,3,4,4,2,2,2,1,10,1,34,114.44,11.44,14989.46,209,832.75,1309.76,1,2,10,103,106,63,14,47,34,0
2,5,2,8,3,4,2,2,11,1,10,12.06,16.88,3435.08,45,190.84,203.56,2,4,10,18,27,8,15,13,10,0
7,13,2,18,7,6,3,4,19,5,20,24.63,17.41,7465.7,85,414.76,428.77,6,11,14,37,48,17,16,33,24,0
30,61,12,98,31,38,2.58,13,108,23,128,96.71,39.62,151799.12,565,8433.28,3831.47,30,50,79,256,309,84,26,223,132,0
0,5,3,8,3,4,2,3,15,1,8,17.66,11.5,2336,47,129.78,203.13,2,4,14,23,24,10,10,9,8,0
21,11,3,20,6,10,2,2,30,1,52,54.14,19.23,20023.61,177,1112.42,1041.23,5,10,26,75,102,39,20,132,52,1
0,7,0,10,4,4,2.5,1,11,4,11,17.45,11.69,2385.64,42,132.54,204.04,3,5,9,19,23,13,16,12,11,0
8,3,3,4,2,2,2,2,7,1,9,24.89,7,1219.6,38,67.76,174.23,1,2,7,14,24,12,12,20,10,0
2,17,0,30,9,14,2.14,1,31,9,16,9.47,31.5,9393.71,69,521.87,298.21,8,15,24,21,48,5,15,19,16,0
11,5,6,8,3,4,2,1,22,1,31,87.22,17.4,26406.88,252,1467.05,1517.64,2,4,21,116,136,50,15,70,31,0
5,13,4,24,7,12,2,6,32,6,21,29.99,22.05,14580.32,126,810.02,661.24,6,12,27,49,77,20,18,35,24,0
5,3,2,4,2,2,2,2,9,1,14,25.22,9.21,2138.11,50,118.78,232.19,1,2,9,17,33,12,13,20,14,0
2,7,2,10,4,4,2.5,2,13,1,10,16.12,14.3,3299.03,51,183.28,230.7,3,5,11,22,29,10,13,13,10,0
26,13,7,24,7,10,2.4,7,33,1,33,60.18,27.5,45509.93,270,2528.33,1654.91,7,12,28,120,150,48,22,91,38,1
11,7,2,12,4,6,2,2,15,1,27,55.45,9.21,4707.63,96,261.52,510.91,3,6,13,43,53,28,12,46,27,0
2,15,0,24,8,10,2.4,1,25,7,11,11.15,24,6421.58,60,356.75,267.57,7,12,19,18,42,6,16,14,11,0
0,7,2,12,4,6,2,2,15,1,12,15.35,20.67,6557.23,66,364.29,317.29,3,6,13,31,35,12,16,13,12,0
1,15,3,28,8,14,2,6,32,6,29,25.81,30.07,23331.58,143,1296.2,775.96,7,14,26,63,80,22,21,31,29,0
0,11,1,8,8,4,2,1,22,1,17,16.16,19.2,5956.4,66,330.91,310.23,2,4,16,24,42,10,16,18,17,0
3,5,0,8,3,4,2,1,10,1,10,9.15,16.25,2416.01,35,134.22,148.68,2,4,9,15,20,6,13,14,10,0
1,3,0,4,2,2,2,1,5,1,6,10.58,7.2,548.26,20,30.46,76.15,1,2,5,8,12,5,9,8,6,0
13,5,3,8,3,4,2,2,14,1,27,43.37,15.45,10350.44,122,575.02,670.01,2,4,13,56,66,29,16,53,28,0
5,5,3,8,3,4,2,3,12,1,18,40.59,14.06,8027.2,108,445.96,570.82,2,4,11,45,63,24,15,25,19,0
0,5,2,8,3,4,2,3,11,1,18,35.13,12.41,5410.23,85,300.57,435.99,2,4,10,42,43,22,13,19,18,0
2,11,0,18,6,8,2.25,1,19,5,12,8.39,32.79,9019.28,60,501.07,275.1,5,9,15,27,33,7,17,17,13,0
0,3,0,4,2,2,2,1,7,1,8,16.35,11.5,2162,47,120.11,188,1,2,7,23,24,8,8,9,8,0
9,13,3,24,7,12,2,4,30,4,28,51.63,11.64,6990.82,107,388.38,600.77,6,12,25,48,59,33,16,42,31,0
23,13,7,22,7,10,2.2,6,31,3,33,42.89,21.47,19769.73,160,1098.32,920.78,6,11,26,73,87,34,20,84,35,0
3,3,2,4,2,2,2,2,13,1,24,30.78,18,9971.33,108,553.96,553.96,1,2,13,48,60,20,15,28,24,0
2,11,1,18,6,8,2.25,3,23,3,9,10.61,23.21,5718.84,57,317.71,246.35,5,9,19,25,32,7,13,12,9,0
14,29,8,40,15,14,2.86,6,58,10,59,46.09,53.79,133379.57,390,7409.98,2479.45,13,22,45,177,213,51,31,102,64,1
14,19,6,24,11,10,2.4,9,37,3,34,37.31,23.86,21248.49,152,1180.47,890.41,7,12,28,63,89,33,25,66,39,0
1,9,1,16,5,8,2,1,22,1,18,11.47,28,8990.21,72,499.46,321.08,4,8,19,32,40,8,14,20,18,0
14,9,2,16,5,8,2,2,18,1,24,36.88,24.87,22810.72,168,1267.26,917.18,4,8,15,79,89,27,17,52,26,0
3,31,6,56,16,26,2.15,12,63,12,41,42.81,30.67,40261.54,218,2236.75,1312.88,15,28,49,92,126,39,26,45,41,0
15,8,13,8,5,4,2,5,26,1,51,56.46,14.34,11613.3,136,645.18,809.77,2,4,23,56,80,41,21,67,51,1
6,3,2,4,2,2,2,2,10,1,14,23.73,21.92,11404.6,115,633.59,520.21,1,2,10,57,58,13,10,23,15,0
36,27,1,44,14,18,2.44,1,51,11,43,32.58,37.08,44807.95,209,2489.33,1208.3,13,22,39,89,120,30,25,115,54,0
1,1,0,4,1,2,2,1,1,1,8,13.96,6,502.57,22,27.92,83.76,1,2,2,9,13,6,8,14,8,0
1,3,2,4,2,2,2,2,6,1,6,19.76,10.5,2178.25,48,121.01,207.45,1,2,6,14,34,8,12,8,6,0
2,5,0,8,3,4,2,1,11,1,10,13.14,8.17,876.39,29,48.69,107.31,2,4,10,14,15,6,7,13,10,0
10,3,5,4,2,2,2,2,10,1,10,50.38,9.45,4498.98,98,249.94,476.08,1,2,10,42,56,20,9,34,11,0
5,3,2,4,2,2,2,2,6,1,10,16.18,6.43,668.57,26,37.14,104,1,2,6,10,16,7,9,16,10,0
11,5,1,10,3,4,2.5,2,10,1,10,18.53,11.67,2522.57,46,140.14,216.22,3,5,9,20,26,12,14,32,12,0
20,15,1,28,8,14,2,5,31,1,37,48.97,21.05,21705.36,176,1205.85,1031,7,14,25,80,96,38,20,72,37,1
11,9,3,16,5,8,2,2,20,3,21,29.73,12.89,4943.51,76,274.64,383.37,4,8,17,35,41,19,14,53,25,0
1,5,3,8,3,4,2,3,11,1,12,18.39,19.2,6779.67,70,376.65,353.11,2,4,10,32,38,15,18,14,12,0
3,5,3,8,3,4,2,3,13,1,19,55.57,7.2,2880.61,78,160.03,400.08,2,4,12,36,42,25,10,23,19,0
5,23,9,44,12,22,2,9,57,10,50,53.31,30.13,48410.46,263,2689.47,1606.54,11,22,47,113,150,45,24,58,51,0
7,3,5,4,2,2,2,2,9,1,11,41.64,7.11,2105.8,63,116.99,296.13,1,2,9,32,31,18,8,28,12,0
2,13,3,24,7,12,2,4,30,7,19,36.63,17.5,11218.74,124,623.26,641.07,6,12,25,55,69,22,14,22,19,0
10,3,2,4,2,2,2,1,7,1,17,58.95,6.3,2339.72,73,129.97,371.38,1,2,7,35,38,25,9,30,18,1
6,7,2,12,4,6,2,2,17,1,26,27.15,19.13,9929.59,108,551.64,519.19,3,6,15,51,57,16,12,42,28,0
6,3,1,4,2,2,2,2,6,1,6,18.2,6.87,860.05,30,47.78,125.1,1,2,6,11,19,8,10,30,7,0
1,7,0,12,4,6,2,1,14,1,18,40.01,5.5,1210.43,48,67.25,220.08,3,6,12,22,26,16,8,20,18,0
1,3,3,4,2,2,2,2,8,1,6,21.31,4.5,431.59,23,23.98,95.91,1,2,8,9,14,9,9,8,6,0
6,3,0,4,2,2,2,1,5,1,12,18.46,16.91,5277.76,69,293.21,312.13,1,2,5,31,38,11,12,47,12,0
0,5,2,8,3,4,2,3,11,1,10,25.87,9,2095.13,53,116.4,232.79,2,4,10,24,29,12,9,11,10,0
0,3,0,4,2,2,2,1,6,1,6,7.57,9,613.03,19,34.06,68.11,1,2,6,9,10,4,8,7,6,0
3,11,3,12,7,6,2,4,25,4,23,29.43,18.57,10146.96,102,563.72,546.47,3,6,20,43,59,22,19,27,23,0
0,5,0,6,3,2,3,1,7,3,5,13.11,4.8,301.96,17,16.78,62.91,2,3,6,6,11,5,8,6,5,0
1,9,0,16,5,8,2,1,18,5,11,8.77,18.7,3066.8,41,170.38,164,4,8,15,17,24,5,11,13,11,0
15,3,4,4,2,2,2,2,8,1,9,21.15,4.5,428.33,25,23.8,95.18,1,2,8,9,16,7,7,28,10,0
3,5,3,8,3,4,2,1,13,1,21,42.17,14.7,9112.98,111,506.28,619.93,2,4,12,49,62,30,18,33,21,0
0,3,1,4,2,2,2,2,6,1,11,21.78,5.85,745.51,30,41.42,127.44,1,2,6,13,17,10,9,12,11,0
1,3,0,4,2,2,2,1,7,1,20,54.2,22,26232.24,243,1457.35,1192.37,1,2,7,121,122,22,8,22,20,0
1,3,0,4,2,2,2,1,6,1,8,14.1,9.64,1311.43,34,72.86,136,1,2,6,15,19,7,9,11,9,0
6,5,2,8,3,4,2,1,14,1,49,47.82,55,144649.1,457,8036.06,2629.98,2,4,13,220,237,36,18,67,49,0
0,5,0,6,3,2,3,1,8,3,11,16.4,9.1,1358.43,33,75.47,149.28,2,3,7,14,19,10,13,12,11,0
14,35,3,68,18,34,2,1,103,1,39,162.87,24.2,95404.28,600,5300.24,3941.91,17,34,87,239,361,79,16,54,39,1
5,15,5,28,8,14,2,8,42,1,39,39.25,24.9,24336.47,175,1352.03,977.37,7,14,36,83,92,30,18,48,39,0
1,7,1,12,4,6,2,2,14,4,6,10.28,10,1027.99,27,57.11,102.8,3,6,12,8,19,4,10,8,6,0
11,9,12,20,5,10,2,5,32,1,48,59.96,20.2,24477.25,197,1359.85,1211.5,5,10,29,90,107,49,22,64,48,0
24,13,2,22,7,10,2.2,3,29,3,24,46.55,19.92,18476.3,157,1026.46,927.38,6,11,24,74,83,39,21,62,30,0
1,3,1,4,2,2,2,2,6,1,6,27.19,11.08,3336.31,62,185.35,301.19,1,2,6,18,44,13,16,9,7,0
8,7,2,12,4,6,2,3,29,1,33,85.6,21.6,39935.53,307,2218.64,1848.87,3,6,27,144,163,50,15,47,34,1
24,9,4,16,5,8,2,3,24,1,24,68.9,9.76,6567.21,118,364.84,672.65,4,8,21,53,65,38,14,81,31,0
7,7,4,4,5,2,2,5,14,1,35,46.83,12.27,7046.59,104,391.48,574.45,1,2,11,46,58,30,16,46,35,0
7,11,0,20,6,10,2,1,23,1,34,32.18,45,65170.26,278,3620.57,1448.23,5,10,19,132,146,22,15,43,35,0
4,5,4,6,3,2,3,2,11,3,12,27.43,7.86,1693.16,47,94.06,215.49,2,3,10,22,25,14,10,17,12,0
9,3,3,4,2,2,2,2,12,1,20,52.01,14.66,11171.75,138,620.65,762.25,1,2,12,67,71,32,14,33,20,1
3,9,0,14,5,6,2.33,1,16,4,18,30.88,8.25,2102.02,53,116.78,254.79,4,7,13,22,31,16,12,32,19,0
4,3,0,4,2,2,2,1,7,1,7,13.74,10.63,1550.69,35,86.15,145.95,1,2,7,17,18,8,10,12,7,0
2,19,3,36,10,18,2,4,40,4,24,43.97,13.19,7652.73,109,425.15,580.09,9,18,32,49,60,26,14,27,24,0
12,74,10,72,55,36,2,45,257,1,154,59.49,281.13,4701624.47,2242,261201.38,16724.05,18,36,204,893,1349,108,68,174,154,0
9,11,9,18,6,8,2.25,6,27,3,32,44,22.29,21860.16,160,1214.45,980.69,5,9,23,71,89,43,27,47,32,0
6,3,1,4,2,2,2,2,7,1,9,16.01,13,2705.09,46,150.28,208.08,1,2,7,20,26,10,13,17,10,0
2,11,3,16,6,6,2.67,4,19,6,23,31.58,13.18,5483.42,84,304.63,416.15,5,8,15,32,52,17,14,27,24,0
3,15,4,26,8,12,2.17,5,31,3,18,25.26,27.6,19238.64,131,1068.81,697.17,7,13,25,61,70,21,19,22,18,0
3,3,1,4,2,2,2,2,7,1,4,10.13,7.5,570,19,31.67,76,1,2,7,9,10,6,10,8,4,0
0,13,0,24,7,12,2,1,31,1,10,13.06,19.83,5137.44,70,285.41,259.02,6,12,26,34,36,6,7,14,11,0
13,65,3,128,33,64,2,4,189,1,56,212.2,33.39,236652.5,1045,13147.36,7086.52,32,64,158,423,622,95,15,71,56,1
8,5,5,6,3,2,3,1,13,1,15,28.04,10.32,2988.73,59,166.04,289.51,2,3,12,27,32,17,13,43,15,0
1,15,2,24,8,10,2.4,5,29,5,18,26.46,21.46,12182.6,104,676.81,567.78,7,12,23,47,57,23,21,20,18,0
0,3,0,4,2,2,2,1,6,1,7,16.82,8.33,1168.18,33,64.9,140.18,1,2,6,15,18,9,10,9,7,0
2,11,4,20,6,10,2,5,26,3,17,36.89,9.89,3605.18,70,200.29,364.66,5,10,22,29,41,22,15,21,18,0
48,5,8,6,3,2,3,2,16,3,51,173.7,9.4,15334.09,256,851.89,1632.01,2,3,15,123,133,72,11,128,53,1
0,3,1,4,2,2,2,2,5,1,8,13.45,3.6,174.36,14,9.69,48.43,1,2,5,6,8,5,6,11,8,0
1,9,0,12,5,4,3,1,14,5,10,8.7,21,3835.88,43,213.1,182.66,4,6,11,15,28,5,14,12,10,0
6,3,7,4,2,2,2,2,13,1,21,55.64,8.27,3804.87,89,211.38,460.12,1,2,13,43,46,26,10,35,23,0
0,11,4,18,6,8,2.25,4,20,6,14,16.89,18.31,5659.53,63,314.42,309.13,5,9,16,28,35,13,17,15,14,0
6,13,4,24,7,12,2,4,31,1,30,34.65,30.14,31475.69,187,1748.65,1044.39,6,12,26,92,95,29,19,40,33,0
11,3,2,4,2,2,2,1,8,1,30,86.17,6.67,3829.67,104,212.76,574.45,1,2,8,48,56,36,10,43,32,0
1,5,1,8,3,4,2,2,10,3,7,9.57,8.75,732.92,22,40.72,83.76,2,4,9,7,15,4,10,9,7,0
1,11,4,18,6,8,2.25,4,20,6,18,21.36,16,5469.43,69,303.86,341.84,5,9,16,30,39,15,16,21,19,0
8,5,0,6,3,2,3,1,7,1,11,17.39,26.25,11982.32,96,665.68,456.47,2,3,6,42,54,12,15,21,12,1
4,5,3,8,3,4,2,3,11,1,10,23.58,8.57,1732.45,43,96.25,202.12,2,4,10,20,23,14,12,15,10,0
1,107,7,198,54,92,2.15,24,219,25,75,62.26,74.54,345890.61,694,19216.15,4640.43,53,99,167,255,439,65,38,77,75,0
11,5,4,8,3,4,2,2,20,1,26,31.15,17.15,9161.25,105,508.96,534.18,2,4,19,49,56,20,14,60,32,0
4,5,1,8,3,4,2,1,12,1,7,13.09,18.45,4456.41,52,247.58,241.48,2,4,11,29,23,11,14,12,7,0
1,3,1,4,2,2,2,2,7,1,8,14.6,11.59,1961.37,36,108.96,169.22,1,2,7,17,19,11,15,10,8,0
14,11,4,20,6,10,2,3,26,1,23,41.87,14.17,8403.03,110,466.83,593.15,5,10,22,51,59,27,15,41,26,0
1,5,1,8,3,4,2,2,11,3,10,14.33,13.6,2651.33,41,147.3,194.95,2,4,10,16,25,10,17,12,10,0
16,15,3,28,8,14,2,2,36,4,64,45.22,37.82,64671.74,279,3592.87,1710.07,7,14,30,128,151,44,26,119,66,0
3,37,3,56,19,20,2.8,3,62,17,27,28.02,46.1,59529.74,238,3307.21,1291.45,18,28,45,88,150,21,22,31,27,0
4,3,1,4,2,2,2,2,5,1,6,15.02,5.71,490.5,21,27.25,85.84,1,2,5,8,13,7,10,21,7,0
0,3,1,4,2,2,2,2,6,1,6,11.86,8.67,890.92,27,49.5,102.8,1,2,6,13,14,6,8,7,6,0
2,7,1,12,4,6,2,2,13,1,12,27.54,9.9,2698.99,58,149.94,272.63,3,6,11,27,31,15,11,15,12,0
3,5,1,8,3,4,2,1,11,1,10,12.86,14.78,2807.62,42,155.98,189.99,2,4,10,19,23,9,14,18,11,0
5,7,0,10,4,4,2.5,1,12,4,13,17.83,10.4,1928.85,41,107.16,185.47,3,5,10,16,25,10,13,19,13,0
0,5,0,8,3,4,2,1,9,1,6,15.36,4.9,368.89,21,20.49,75.28,2,4,8,7,14,5,7,7,6,0
8,5,2,8,3,4,2,2,12,1,13,30.78,10.5,3393.02,63,188.5,323.14,2,4,11,28,35,20,15,32,14,0
8,3,1,4,2,2,2,2,6,1,10,21.48,7.79,1304.11,37,72.45,167.37,1,2,6,17,20,12,11,21,12,0
1,3,0,4,2,2,2,1,6,1,11,19.12,6,688.28,31,38.24,114.71,1,2,6,14,17,7,6,14,12,0
12,3,5,4,2,2,2,2,10,1,9,33.92,9.38,2981.4,62,165.63,318.02,1,2,10,25,37,20,15,37,10,0
6,7,3,12,4,6,2,4,13,1,5,23.69,4.5,479.73,28,26.65,106.61,3,6,11,12,16,8,6,20,8,0
2,3,0,4,2,2,2,1,5,1,16,25.68,12.5,4011.84,70,222.88,320.95,1,2,5,25,45,12,12,19,16,0
1,5,0,8,3,4,2,1,10,1,7,14.73,8.94,1176.94,31,65.39,131.69,2,4,9,13,18,8,11,9,7,0
9,5,2,8,3,4,2,2,10,3,13,27.86,14.03,5479.69,75,304.43,390.71,2,4,9,33,42,20,17,31,15,1
0,15,1,22,8,8,2.75,2,24,3,24,15.29,43.21,28547.12,136,1585.95,660.69,7,11,18,61,75,12,17,25,24,0
4,3,1,4,2,2,2,2,7,1,7,15.32,11,1854.11,39,103.01,168.56,1,2,7,18,21,9,11,12,7,0
11,7,6,4,5,2,2,5,19,1,30,47.28,11.03,5756.98,95,319.83,521.73,1,2,16,40,55,29,16,54,31,1
2,3,1,4,2,2,2,2,5,1,6,9.88,5.25,272.43,15,15.14,51.89,1,2,5,6,9,4,7,9,6,0
4,24,3,28,16,14,2,5,49,1,64,36.82,82.8,252471.13,488,14026.17,3048.99,7,14,35,194,294,41,35,80,74,0
11,3,0,4,2,2,2,1,6,1,41,135.48,9.97,13474.88,249,748.6,1351.14,1,2,6,123,126,37,6,66,45,0
7,9,1,14,5,6,2.33,2,14,4,7,13.09,18.67,4559.75,54,253.32,244.27,4,7,11,24,30,9,14,17,9,0
1,5,4,8,3,4,2,3,12,1,18,26.88,11.27,3412.26,63,189.57,302.86,2,4,11,26,37,15,13,20,18,0
1,13,0,20,7,8,2.5,1,21,7,13,10.33,21.25,4666.84,50,259.26,219.62,6,10,16,17,33,6,15,15,13,0
1,5,0,8,3,4,2,1,10,1,7,6.38,13.33,1134.8,23,63.04,85.11,2,4,9,8,15,3,10,9,7,0
12,7,0,10,4,4,2.5,1,11,1,59,98.29,21.87,47030.93,357,2612.83,2149.99,3,5,9,175,182,52,13,91,59,0
29,21,6,36,11,16,2.25,9,42,7,38,76.18,14.65,16348.21,186,908.23,1116,10,18,33,81,105,47,17,84,49,1
18,13,1,20,7,8,2.5,2,23,4,14,33.36,14.26,6783.7,90,376.87,475.69,6,10,18,41,49,23,16,48,18,1
1,13,1,20,7,8,2.5,3,22,1,10,13.71,21.6,6396.36,63,355.35,296.13,6,10,17,27,36,10,16,12,10,0
1,5,2,8,3,4,2,3,12,1,12,19.74,9.9,1934.51,46,107.47,195.4,2,4,11,22,24,10,9,14,12,0
6,17,2,32,9,16,2,2,36,5,24,32.25,23.09,17192.85,139,955.16,744.7,8,16,29,59,80,23,18,34,27,0
4,3,3,4,2,2,2,2,7,1,9,20.81,7.5,1170.6,35,65.03,156.08,1,2,7,15,20,11,11,16,10,0
24,13,3,24,7,12,2,3,30,1,33,66.19,24.42,39480.4,262,2193.36,1616.52,6,12,25,127,135,52,20,88,37,1
12,5,2,6,3,2,3,2,9,3,9,26.93,8.65,2013.44,47,111.86,232.85,2,3,8,21,26,17,14,31,11,0
6,3,0,4,2,2,2,1,6,1,10,26.09,6.67,1159.45,39,64.41,173.92,1,2,6,16,23,12,10,21,10,0
11,11,1,14,6,4,3.5,2,16,6,14,42.25,11.54,5625.43,91,312.52,487.54,5,9,12,40,51,26,15,40,16,1
1,3,1,4,2,2,2,2,7,1,6,11.15,9.17,936.71,25,52.04,102.19,1,2,7,10,15,6,11,8,6,0
8,5,1,8,3,4,2,2,9,1,6,12.89,11,1559.55,34,86.64,141.78,2,4,8,14,20,7,11,20,8,0
27,19,1,26,11,12,2.17,2,34,1,38,33.74,23.2,18157.82,136,1008.77,782.66,7,13,25,58,78,30,24,83,42,0
1,7,4,12,4,6,2,4,17,1,21,54.76,4.7,1211.98,52,67.33,257.62,3,6,15,23,29,22,9,25,22,0
3,3,0,4,2,2,2,1,5,1,12,14.09,13.5,2567.23,44,142.62,190.16,1,2,5,18,26,8,12,17,12,0
6,3,0,4,2,2,2,1,7,1,12,29.04,8.92,2312.39,59,128.47,259.14,1,2,7,29,30,13,8,20,12,0
7,5,2,8,3,4,2,3,11,1,8,17.81,11.08,2188.05,42,121.56,197.42,2,4,10,19,23,12,14,22,10,0
1,7,2,12,4,6,2,4,16,1,11,28.49,13.18,4947.97,83,274.89,375.46,3,6,14,41,42,14,9,13,11,0
2,3,0,4,2,2,2,1,6,1,7,9.86,6.67,438.19,19,24.34,65.73,1,2,6,5,14,3,8,14,8,0
26,25,7,44,13,20,2.2,8,56,7,68,76.65,23.49,42296.9,284,2349.83,1800.52,12,22,45,126,158,59,22,130,69,0
8,3,2,4,2,2,2,2,7,1,8,24.6,7.5,1383.58,42,76.87,184.48,1,2,7,20,22,12,9,19,10,0
2,43,0,84,22,42,2,1,85,1,2,112.1,18.1,36742.62,345,2041.26,2029.51,21,42,65,158,187,48,11,30,27,0
0,3,0,4,2,2,2,1,5,1,6,9.87,5.63,312.22,15,17.35,55.51,1,2,5,5,10,4,9,7,6,0
3,11,0,20,6,10,2,1,24,1,16,19.33,16.82,5466.44,74,303.69,325.03,5,10,20,37,37,11,10,20,16,0
0,3,0,4,2,2,2,1,6,1,6,16.82,8.33,1168.18,33,64.9,140.18,1,2,6,15,18,9,10,8,6,0
9,9,2,14,5,6,2.33,4,20,3,21,45.13,14.93,10063.19,122,559.07,673.87,4,7,17,56,66,30,16,36,22,0
1,13,1,22,7,10,2.2,6,24,6,17,44.6,12.75,7250.82,110,402.82,568.69,6,11,19,51,59,24,12,19,17,0
0,5,3,8,3,4,2,2,12,1,14,22.19,8.88,1751.63,43,97.31,197.15,2,4,11,21,22,13,11,15,14,0
24,22,9,8,17,2,4,12,48,4,68,55.44,24.38,32939.44,215,1829.97,1351.36,3,4,33,78,137,48,30,98,71,0
4,29,9,56,15,28,2,12,71,9,49,53.89,38.73,80812.65,334,4489.59,2086.81,14,28,58,158,176,51,25,57,52,0
0,5,3,8,3,4,2,3,15,1,7,17.66,11.5,2336,47,129.78,203.13,2,4,14,23,24,10,10,8,7,0
5,33,2,58,17,26,2.23,7,69,9,57,95.6,21.1,42542.23,313,2363.46,2016.64,16,29,54,151,162,68,19,75,63,1
19,59,3,116,30,58,2,3,110,1,206,239.03,36.2,313287.38,1172,17404.85,8653.7,29,58,82,564,608,148,19,257,206,0
0,3,0,4,2,2,2,1,5,1,5,10.75,4,172.08,12,9.56,43.02,1,2,5,4,8,4,8,6,5,0
12,5,3,8,3,4,2,2,13,1,11,31.59,11.45,4145.3,68,230.29,361.89,2,4,12,28,40,22,18,34,13,0
0,5,3,8,3,4,2,3,12,1,8,22.64,5.73,742.59,30,41.25,129.66,2,4,11,14,16,11,9,10,9,0
10,5,0,8,3,4,2,1,11,1,22,53.55,11.45,7025.78,125,390.32,613.36,2,4,10,63,62,22,8,38,22,0
1,7,3,10,4,4,2.5,2,14,3,11,24.61,12.71,3973.8,62,220.77,312.75,3,5,12,27,35,17,16,13,11,0
4,5,2,6,3,2,3,2,10,3,13,23.79,14.5,5002.5,69,277.92,345,2,3,9,29,40,16,16,21,13,0
4,33,6,56,17,24,2.33,5,64,7,34,51.63,25.9,34627.03,214,1923.72,1337.06,16,28,49,94,120,49,27,45,40,0
16,19,9,36,10,18,2,8,71,1,74,79.49,32.46,83754.62,407,4653.03,2580.32,9,18,63,198,209,61,20,107,75,0
2,5,2,8,3,4,2,2,11,1,10,11.82,19,4268.6,49,237.14,224.66,2,4,10,19,30,8,16,13,10,0
20,9,6,14,5,6,2.33,4,19,3,20,52.95,8.87,4163,86,231.28,469.51,4,7,16,38,48,30,14,56,24,1
1,3,0,4,2,2,2,1,5,1,9,10.53,13.2,1834.45,34,101.91,138.97,1,2,5,11,23,5,12,11,9,0
1,7,2,12,4,6,2,3,17,4,11,16.45,14.3,3363.72,52,186.87,235.23,3,6,15,22,30,10,13,13,11,0
21,13,3,24,7,12,2,4,27,1,27,55.22,19.68,21394.68,188,1188.59,1086.9,6,12,22,88,100,38,17,60,31,1
0,5,2,8,3,4,2,3,11,1,13,23.44,7.33,1260.57,38,70.03,171.9,2,4,10,16,22,12,11,14,13,0
3,7,2,12,4,6,2,2,16,1,13,17.95,16.69,5000.31,63,277.8,299.56,3,6,14,31,32,13,14,18,14,1
3,19,8,30,10,14,2.14,6,53,1,36,54.39,16.69,15143.75,160,841.32,907.59,8,15,45,73,87,35,16,40,36,0
1,41,6,80,21,40,2,20,109,1,55,95.28,25.67,62771.57,374,3487.31,2445.65,20,40,90,176,198,72,21,57,55,0
1,7,0,12,4,6,2,1,12,4,7,14.12,9.63,1308.36,32,72.69,135.93,3,6,10,14,18,8,11,9,7,0
5,5,1,8,3,4,2,1,13,1,17,22.02,27,16052.62,115,891.81,594.54,2,4,12,54,61,18,18,23,17,0
25,15,4,26,8,12,2.17,4,34,1,22,54.45,20,21781.35,195,1210.08,1089.07,7,13,28,88,107,33,15,78,28,0
2,9,0,16,5,8,2,1,18,4,11,7.24,21,3192,38,177.33,152,4,8,15,14,24,4,12,14,11,0
2,59,0,116,30,58,2,1,117,1,2,185.52,11.06,22714.18,317,1261.9,2052.81,29,58,89,142,175,77,12,36,33,1
18,15,4,26,8,12,2.17,7,37,3,45,63.61,27.76,48997.85,289,2722.1,1765.36,7,13,31,136,153,49,20,72,47,0
6,37,2,60,19,24,2.5,2,63,18,77,60.94,26.48,42724.78,266,2373.6,1613.58,18,30,46,116,150,46,21,93,82,0
3,31,8,58,16,28,2.07,8,65,14,45,52.14,23.89,29750.8,210,1652.82,1245.45,15,29,51,91,119,40,21,50,45,0
10,7,5,10,4,4,2.5,4,16,4,28,45.13,11.11,5572.06,93,309.56,501.49,3,5,14,40,53,27,15,51,29,0
0,5,1,8,3,4,2,3,12,1,7,15.57,12.6,2472.31,44,137.35,196.21,2,4,11,21,23,10,12,8,7,0
2,9,2,16,5,8,2,4,20,1,18,18.68,25.88,12505.62,95,694.76,483.31,4,8,17,46,49,16,18,29,22,0
14,11,4,20,6,10,2,6,22,1,19,58.69,11.32,7525.74,119,418.1,664.61,5,10,18,55,64,34,14,52,25,0
2,15,1,24,8,10,2.4,2,27,7,24,10.04,45,20327.14,95,1129.29,451.71,7,12,21,45,50,9,18,27,24,0
57,23,5,32,14,16,2,6,51,1,82,38.44,40.11,61835.72,256,3435.32,1541.73,8,16,39,106,150,37,28,152,84,0
21,15,1,26,8,12,2.17,3,30,3,25,31.29,24.39,18610.76,132,1033.93,763.14,7,13,24,63,69,31,24,52,30,0
14,11,12,20,6,10,2,4,34,1,58,182.36,5.4,5311.46,159,295.08,984.18,5,10,30,68,91,63,10,142,58,0
4,3,0,4,2,2,2,1,6,1,6,12.06,6,434.04,19,24.11,72.34,1,2,6,9,10,6,8,12,7,0
3,7,4,10,4,4,2.5,3,18,1,26,37.65,18.96,13530.91,136,751.72,713.72,3,5,16,65,71,24,14,30,26,0
22,5,2,8,3,4,2,3,12,1,18,59.75,7.4,3272.06,82,181.78,442.17,2,4,11,37,45,30,12,61,23,0
20,17,2,20,10,8,2.5,3,31,3,36,31.44,19.3,11716.29,107,650.91,606.95,6,10,23,47,60,28,23,72,39,0
4,5,1,8,3,4,2,2,8,1,9,23.64,9.31,2048.42,48,113.8,220.08,2,4,7,22,26,13,11,14,9,0
1,7,4,12,4,6,2,2,24,1,21,34.66,14.24,7026.27,97,390.35,493.48,3,6,22,46,51,21,13,23,21,0
35,7,5,12,4,6,2,2,25,1,42,77.69,36.83,105400.45,458,5855.58,2861.55,3,6,23,221,237,57,19,139,46,1
2,7,1,12,4,6,2,2,14,3,11,13.39,14.22,2707.88,41,150.44,190.4,3,6,12,16,25,9,16,14,11,0
4,27,0,46,14,20,2.3,1,46,9,21,15.66,31.95,15993.34,102,888.52,500.5,13,23,34,37,65,11,19,31,22,0
0,5,1,6,3,2,3,2,8,3,5,11.99,5.4,349.52,17,19.42,64.73,2,3,7,6,11,5,9,6,5,0
40,33,1,52,17,20,2.6,11,49,17,49,56.67,17.49,17327.12,173,962.62,990.93,16,26,34,68,105,35,18,118,54,0
2,5,3,8,3,4,2,3,10,1,11,18.35,8.33,1274.38,36,70.8,152.93,2,4,9,15,21,9,10,14,11,0
4,5,1,8,3,4,2,2,14,1,17,42.71,14.57,9068.9,114,503.83,622.38,2,4,13,51,63,28,16,30,18,0
14,9,3,16,5,8,2,2,22,1,17,35.29,23.68,19791.23,156,1099.51,835.78,4,8,19,74,82,25,16,43,18,0
29,15,4,14,9,6,2.33,6,31,5,35,39.96,20.3,16466.48,143,914.8,811.16,4,7,24,58,85,30,21,89,39,0
18,7,5,12,4,6,2,4,17,1,24,56.95,11.11,7030.54,111,390.59,632.75,3,6,15,50,61,36,16,49,30,1
33,15,6,20,8,6,3.33,4,35,1,43,77.75,20.89,33939.63,260,1885.54,1624.46,7,10,29,117,143,56,20,138,52,0
1,3,1,4,2,2,2,2,7,1,8,13.69,6.43,565.71,22,31.43,88,1,2,7,10,12,7,9,10,8,0
35,75,12,116,38,42,2.76,15,126,32,144,115.86,37.39,161985.9,624,8999.22,4332.13,37,59,90,279,345,97,26,247,147,1
16,27,5,32,15,14,2.29,8,49,7,65,44.88,33.62,50731.38,233,2818.41,1508.85,9,16,36,99,134,53,36,84,66,1
4,33,8,58,17,26,2.23,10,63,8,39,47.02,30.81,44643.75,238,2480.21,1448.82,16,29,48,106,132,43,25,44,39,0
2,5,3,8,3,4,2,3,11,1,11,33.36,3.5,408.65,28,22.7,116.76,2,4,10,11,17,11,7,17,11,0
3,3,0,4,2,2,2,1,6,1,12,30.83,17.31,9235.67,111,513.09,533.62,1,2,6,30,81,13,15,18,13,0
14,9,1,14,5,6,2.33,2,17,3,12,22.72,18.75,7988.64,86,443.81,426.06,4,7,14,40,46,16,15,40,15,0
3,3,1,4,2,2,2,1,6,1,6,13.83,11.25,1750.38,36,97.24,155.59,1,2,6,15,21,8,12,10,6,0
0,5,1,8,3,4,2,3,12,1,7,13.51,13.33,2401.13,41,133.4,180.09,2,4,11,20,21,9,12,8,7,0
0,3,0,4,2,2,2,1,6,1,11,16.61,3,149.49,15,8.3,49.83,1,2,6,4,11,4,6,12,11,0
16,11,1,16,6,6,2.67,2,19,5,18,25.18,18,8158,87,453.22,453.22,5,8,15,38,49,19,18,43,20,0
1,5,0,8,3,4,2,1,10,1,9,10.4,11,1258.94,28,69.94,114.45,2,4,9,12,16,6,11,11,9,0
4,3,1,4,2,2,2,2,6,1,7,10.34,8.1,678.47,22,37.69,83.76,1,2,6,9,13,5,9,12,7,0
1,11,1,20,6,10,2,2,26,1,28,30.47,16.36,8158.14,95,453.23,498.55,5,10,22,45,50,22,16,31,28,0
5,7,0,10,4,4,2.5,1,11,1,10,6.98,22.1,3409.75,37,189.43,154.29,3,5,9,17,20,5,13,16,10,0
0,3,1,4,2,2,2,2,6,1,11,15.77,6.87,745.37,26,41.41,108.42,1,2,6,11,15,8,10,12,11,0
22,13,7,20,7,8,2.5,5,27,4,31,73.73,12.57,11641.4,155,646.74,926.48,6,11,22,68,87,46,17,63,39,0
16,87,5,154,44,68,2.26,14,169,13,255,249.73,43.13,464447.49,1405,25802.64,10769.8,43,77,127,675,730,180,23,307,255,0
16,7,1,12,4,6,2,1,16,1,13,24,22.5,12150,108,675,540,3,6,14,51,57,17,15,39,13,0
22,12,3,16,7,8,2,6,26,1,53,48.73,19.39,18330.01,160,1018.33,945.1,4,8,21,67,93,38,22,99,55,0
9,5,1,8,3,4,2,2,11,1,14,27.81,13.36,4964.52,75,275.81,371.56,2,4,10,37,38,18,13,29,15,0
1,11,2,16,6,6,2.67,3,20,6,17,15.38,23.38,8403.09,74,466.84,359.49,5,8,16,33,41,12,17,19,17,0
7,7,2,16,4,8,2,3,14,1,18,25.26,12.89,4196.59,64,233.14,325.6,4,8,12,29,35,18,16,31,20,1
2,3,2,4,2,2,2,2,7,1,6,16.5,2,66,11,3.67,33,1,2,7,4,7,4,4,9,6,0
0,3,2,4,2,2,2,1,7,1,6,19.23,4.89,459.61,23,25.53,94.01,1,2,7,11,12,9,8,7,6,0
1,5,2,8,3,4,2,3,10,3,13,18.24,12.73,2955.18,50,164.18,232.19,2,4,9,20,30,11,14,15,13,0
0,7,0,12,4,6,2,1,12,4,6,14.12,9.63,1308.36,32,72.69,135.93,3,6,10,14,18,8,11,7,6,0
3,3,0,4,2,2,2,1,5,1,5,12.24,9.33,1066.06,30,59.23,114.22,1,2,5,14,16,6,8,9,5,0
2,3,0,4,2,2,2,1,5,1,6,9.05,2,36.19,7,2,18.09,1,2,5,2,5,2,4,9,6,0
48,39,4,76,20,38,2,5,95,4,144,94.07,30.36,86693.87,428,4816.33,2855.8,19,38,77,187,241,77,25,272,146,1
35,15,11,26,8,12,2.17,7,41,4,52,61.71,22.17,30324,228,1684.67,1368,7,13,35,105,123,45,19,108,54,0
6,3,1,4,2,2,2,1,7,1,11,28.56,10.66,3242.83,64,180.16,304.31,1,2,7,31,33,16,11,18,11,0
19,11,4,20,6,10,2,4,25,5,27,25.75,23.98,14801.55,116,822.31,617.34,5,10,21,53,63,21,19,72,31,0
39,8,5,4,6,2,2,6,23,1,38,44.55,25.33,28593.41,198,1588.52,1128.69,1,2,19,88,110,33,19,114,42,1
8,7,1,12,4,6,2,3,15,1,20,20.71,28,16240,116,902.22,580,3,6,13,56,60,16,16,37,23,0
5,12,9,4,10,2,2,9,26,1,41,42.39,16.16,11064.31,119,614.68,684.83,1,2,18,47,72,32,22,76,41,0
6,17,9,30,9,14,2.14,7,35,5,37,58.68,10.09,5972.3,106,331.79,592.01,8,15,28,49,57,34,14,52,37,0
6,5,1,8,3,4,2,1,10,1,14,20.84,11,2521.73,50,140.1,229.25,2,4,9,22,28,12,12,21,14,0
9,7,3,10,4,4,2.5,2,15,1,14,31.34,10.33,3346.5,66,185.92,323.85,3,5,13,31,35,18,12,34,16,0
6,13,3,24,7,12,2,4,32,1,19,32.59,13.12,5614.09,91,311.89,427.74,6,12,27,42,49,16,10,26,19,0
1,7,0,12,4,6,2,1,14,1,21,16.21,11,1962.54,42,109.03,178.41,3,6,12,16,26,8,11,23,21,0
1,14,1,16,9,8,2,2,30,1,28,22.95,22.69,11822.56,100,656.81,520.95,4,8,23,43,57,18,19,30,28,0
1,9,3,14,5,6,2.33,3,23,5,21,24.76,24.5,14864.15,114,825.79,606.7,4,7,20,49,65,20,20,23,21,0
5,9,3,16,5,8,2,4,20,1,27,44.17,22.38,22130.78,178,1229.49,988.72,4,8,17,79,99,30,17,43,30,1
0,3,1,4,2,2,2,1,6,1,8,14.33,7.86,884.62,27,49.15,112.59,1,2,6,10,17,7,11,18,8,0
4,5,5,8,3,4,2,3,12,1,26,48.96,8.1,3208.43,80,178.25,396.34,2,4,11,34,46,21,10,31,26,0
2,9,3,16,5,6,2.67,3,17,4,10,15.12,11.67,2058.21,39,114.35,176.42,5,8,14,15,24,9,14,14,10,0
10,13,2,22,7,10,2.2,3,22,1,16,42.41,15.45,10128.75,124,562.71,655.39,6,11,17,40,84,22,17,34,18,0
2,13,3,22,7,10,2.2,7,27,4,23,28.34,22.91,14874.31,122,826.35,649.28,6,11,22,56,66,22,18,26,23,0
1,15,4,22,8,10,2.2,8,27,8,19,23.36,18.35,7869.25,85,437.18,428.77,6,11,21,39,46,17,16,22,19,0
19,5,6,8,3,4,2,2,15,1,27,33.66,44.54,66768.32,278,3709.35,1499.06,2,4,14,131,147,25,17,62,29,1
2,5,5,8,3,4,2,3,15,1,17,23.84,12.69,3840.79,66,213.38,302.61,2,4,14,30,36,13,11,20,17,0
11,25,4,48,13,24,2,7,56,1,40,56.42,19.13,20637.49,185,1146.53,1079.08,12,24,45,90,95,40,17,58,40,1
11,9,1,14,5,6,2.33,3,20,4,25,33.97,22.5,17197.21,140,955.4,764.32,4,7,17,65,75,26,18,45,27,0
15,5,3,8,3,4,2,2,12,1,17,37.06,22.6,18935.91,150,1052,837.74,2,4,11,69,81,29,19,46,20,0
1,3,2,4,2,2,2,1,7,1,6,15.9,6.43,656.91,25,36.5,102.19,1,2,7,9,16,7,10,8,6,0
3,7,0,10,4,4,2.5,1,12,3,10,10.84,13.71,2039.01,35,113.28,148.68,3,5,10,16,19,7,12,14,10,0
6,3,0,4,2,2,2,1,6,1,12,26.46,9.23,2254.82,54,125.27,244.27,1,2,6,24,30,13,10,21,12,0
5,3,5,4,2,2,2,2,9,1,11,24.39,5.4,711.1,31,39.51,131.69,1,2,9,12,19,10,9,31,11,0
5,3,1,4,2,2,2,1,7,1,7,17.97,3.5,220.18,17,12.23,62.91,1,2,7,6,11,6,7,18,7,0
11,13,4,24,7,12,2,3,31,1,36,38.26,27.7,29360.62,178,1631.15,1059.85,6,12,26,82,96,37,25,60,40,0
1,25,4,38,14,18,2.11,8,55,6,45,57.83,26.49,40578.75,243,2254.37,1531.82,10,19,43,108,135,53,26,47,45,0
1,19,3,30,10,12,2.5,5,35,6,13,19.75,20.46,8269.85,85,459.44,404.17,9,15,27,38,47,13,14,15,13,0
0,3,1,4,2,2,2,1,7,1,8,17.2,6.67,764.63,27,42.48,114.69,1,2,7,12,15,9,10,9,8,0
4,5,5,6,3,2,3,3,16,3,22,36.99,12.3,5596.5,91,310.92,455,2,3,15,41,50,20,12,27,22,0
1,5,4,8,3,4,2,2,13,1,12,14.42,12.38,2207.86,42,122.66,178.41,2,4,12,18,24,8,11,14,12,0
25,9,1,16,5,8,2,2,19,1,17,32.11,15.3,7522.74,93,417.93,491.54,4,8,16,44,49,23,16,59,24,0
36,25,6,36,13,12,3,7,45,10,47,117.25,17.36,35353.17,316,1964.06,2035.97,12,26,34,143,173,70,17,102,59,1
0,7,3,12,4,6,2,3,19,1,16,21.01,13.5,3829.06,59,212.73,283.63,3,6,17,27,32,14,14,20,16,0
0,3,1,4,2,2,2,2,7,1,7,8.41,10.13,861.74,23,47.87,85.11,1,2,7,9,14,4,9,8,7,0
45,50,9,88,27,44,2,11,121,1,122,106.48,59.27,374043.26,863,20780.18,6311.02,22,44,96,405,458,123,36,237,164,1
4,11,7,4,8,2,2,8,22,3,32,33.95,14.15,6799.13,88,377.73,480.43,1,2,16,31,57,23,21,43,36,0
9,5,3,8,3,4,2,3,11,1,9,44.41,4.71,983.4,45,54.63,208.97,2,4,10,20,25,17,8,21,11,0
2,5,1,8,3,4,2,2,9,1,8,12.1,13.93,2347.73,39,130.43,168.56,2,4,8,15,24,7,13,11,8,0
1,5,0,8,3,4,2,1,9,1,7,18.88,9,1529.25,40,84.96,169.92,2,4,8,20,20,10,9,9,7,0
16,61,8,114,31,54,2.11,15,130,25,95,104.29,36.9,142000.7,548,7888.93,3848.26,30,57,101,246,302,100,30,113,95,0
7,5,5,4,3,2,2,3,15,1,13,27.68,4.38,529.87,31,29.44,121.11,1,2,14,10,21,8,7,28,13,0
1,5,2,8,3,4,2,3,13,1,7,24.15,8.59,1782.21,48,99.01,207.45,2,4,12,21,27,11,9,9,7,0
7,7,3,12,4,6,2,3,16,1,22,28.85,9.71,2717.65,56,150.98,280,3,6,14,22,34,17,15,44,22,0
1,5,2,6,3,2,3,3,8,3,7,19.38,5.06,496.63,24,27.59,98.1,2,3,7,9,15,8,9,10,7,0
0,9,5,16,5,8,2,4,20,1,17,24.55,23.68,13769.86,110,764.99,581.39,4,8,17,45,65,19,20,18,17,0
3,5,5,8,3,4,2,3,14,1,11,33.89,4.85,795.9,38,44.22,164.23,2,4,13,18,20,13,7,15,11,0
23,57,3,56,33,24,2.33,11,102,10,165,160.17,29.21,136707.89,636,7594.88,4679.4,16,28,71,272,364,135,29,193,165,1
1,9,1,16,5,8,2,2,16,1,14,12.24,29.56,10695.71,80,594.21,361.88,4,8,13,38,42,9,14,20,17,0
3,3,2,4,2,2,2,2,10,1,13,22.46,15,5053.28,68,280.74,336.89,1,2,10,32,36,16,15,18,13,0
1,9,0,14,5,6,2.33,1,17,3,10,8.52,19.25,3158.72,42,175.48,164.09,4,7,14,14,28,4,11,12,10,0
14,3,11,4,2,2,2,1,18,1,51,107.8,23.13,57647.66,384,3202.65,2492.87,1,2,18,185,199,72,18,106,52,1
16,15,2,26,8,12,2.17,3,27,1,18,24.73,28,19390.99,124,1077.28,692.54,7,13,21,56,68,24,24,53,23,0
21,13,5,24,7,12,2,5,31,1,19,53.3,10.61,6003.3,103,333.52,565.66,6,12,26,47,56,31,14,72,27,0
6,3,2,4,2,2,2,2,7,1,16,57.32,10.19,5954.36,113,330.8,584.2,1,2,7,53,60,26,10,35,16,0
2,7,1,12,4,6,2,1,16,1,17,48.72,35.88,62721.59,313,3484.53,1748.09,3,6,14,78,235,25,23,21,18,0
0,7,3,12,4,6,2,4,14,4,8,26.93,4.8,620.48,31,34.47,129.27,3,6,12,12,19,10,8,11,10,0
0,3,0,4,2,2,2,1,6,1,6,5.18,15,1165.64,21,64.76,77.71,1,2,6,9,12,3,10,8,6,0
2,5,3,8,3,4,2,3,12,3,16,27.81,6.68,1240.57,40,68.92,185.75,2,4,11,17,23,14,11,20,16,0
3,9,5,16,5,8,2,4,21,3,11,15.17,23.86,8637.06,77,479.84,361.93,4,8,18,35,42,11,15,15,11,0
2,17,2,24,9,8,3,4,32,6,19,26.33,31.74,26522.64,154,1473.48,835.64,8,14,25,73,81,23,20,22,19,0
1,9,2,14,5,6,2.33,4,15,5,17,25.03,8.36,1748.44,44,97.14,209.22,4,7,12,18,26,14,13,22,17,0
3,5,1,8,3,4,2,2,10,1,8,16.74,11.23,2110.54,41,117.25,187.98,2,4,9,19,22,11,13,12,8,0
2,25,3,44,13,20,2.2,4,48,9,28,33.99,21.89,16290.19,138,905.01,744.14,12,22,37,53,85,23,19,31,28,0
22,19,0,34,10,16,2.13,1,39,5,65,35.09,30.33,32286.36,200,1793.69,1064.39,9,17,31,91,109,24,16,136,74,1
6,3,4,4,2,2,2,2,14,1,22,53.06,13.85,10172.91,140,565.16,734.71,1,2,14,60,80,26,12,36,24,0
13,7,0,12,4,6,2,1,12,1,10,22.96,13.59,4242.8,63,235.71,312.11,3,6,10,29,34,16,15,27,13,0
0,3,1,4,2,2,2,2,7,1,10,18.6,6.5,786.03,29,43.67,120.93,1,2,7,13,16,9,9,11,10,0
16,11,3,20,6,10,2,3,21,1,15,37.77,12.29,5701.61,92,316.76,464.08,5,10,17,43,49,21,12,42,18,0
5,3,3,4,2,2,2,1,10,1,13,34.95,18.36,11781.35,119,654.52,641.69,1,2,10,54,65,25,17,23,14,0
7,7,4,4,5,2,2,5,16,1,37,48.33,13.68,9040.72,119,502.26,661,1,2,13,53,66,31,16,48,37,0
6,5,0,8,3,4,2,1,13,1,20,51.47,13.89,9932.28,143,551.79,715,2,4,12,71,72,23,9,30,21,0
0,3,1,4,2,2,2,2,5,1,14,20.76,12.27,3126.53,58,173.7,254.75,1,2,5,27,31,11,10,15,14,0
14,5,4,6,3,2,3,2,12,3,13,34.91,12.87,5781.77,85,321.21,449.26,2,3,11,37,48,23,16,51,17,1
31,39,2,62,20,24,2.58,4,67,13,60,69.45,23.14,37185.01,258,2065.83,1607.04,19,35,49,119,139,54,21,121,63,0
4,13,8,24,7,12,2,6,34,6,25,43.02,16.56,11801.69,125,655.65,712.55,6,12,29,53,72,32,20,30,25,0
1,11,2,18,6,8,2.25,2,22,6,12,11.97,25,7483.01,61,415.72,299.32,5,9,18,25,36,10,20,14,12,0
8,5,1,8,3,4,2,2,11,1,6,18.95,7.5,1066,31,59.22,142.13,2,4,10,15,16,12,12,16,7,0
0,3,1,4,2,2,2,2,6,1,4,12.17,8.4,858.37,25,47.69,102.19,1,2,6,7,18,5,12,5,4,0
1,5,1,8,3,4,2,3,12,1,10,14.62,9.17,1228.15,31,68.23,133.98,2,4,11,15,16,9,11,12,10,0
3,37,7,72,19,36,2,12,88,11,46,48.52,36.22,63649.28,294,3536.07,1757.32,18,36,71,135,159,41,22,54,50,0
20,33,7,58,17,26,2.23,14,82,17,93,99.14,25.67,65333.37,395,3629.63,2544.96,16,29,67,172,223,67,20,171,101,0
8,3,2,4,2,2,2,2,8,1,9,34.56,4,552.97,31,30.72,138.24,1,2,8,14,17,14,8,20,11,0
21,15,7,12,9,4,3,7,30,5,43,40.02,17.15,11771.13,121,653.95,686.36,4,6,23,49,72,30,21,72,47,0
1,11,2,20,6,10,2,3,22,1,17,13.79,21,6080.95,67,337.83,289.57,5,10,18,28,39,8,12,19,17,0
0,9,2,16,5,8,2,5,17,1,8,13.02,19.25,4824.58,59,268.03,250.63,4,8,14,28,31,8,11,10,8,0
1,11,2,16,6,6,2.67,4,18,5,10,14.62,13.72,2753.7,45,152.98,200.67,5,8,14,19,26,9,13,13,11,0
17,9,6,16,5,8,2,4,20,1,18,37.97,14.77,8282.6,104,460.14,560.8,4,8,17,48,56,26,16,51,23,0
7,27,2,52,14,26,2,3,76,1,22,99.64,24.6,60297.15,407,3349.84,2451.1,13,26,64,164,243,50,15,33,24,1
0,3,0,4,2,2,2,1,6,1,12,15.43,10,1542.87,37,85.72,154.29,1,2,6,16,21,8,10,13,12,0
1,9,3,14,5,6,2.33,3,21,3,11,25.83,12,3720,62,206.67,310,4,7,18,24,38,16,16,13,11,0
9,7,3,12,4,6,2,1,18,1,25,20.43,24,11768.4,102,653.8,490.35,3,6,16,48,54,14,14,51,25,0
23,11,5,8,8,4,2,5,24,1,45,42.42,24.2,24843.45,176,1380.19,1026.58,2,4,18,77,99,35,22,77,46,1
0,5,2,8,3,4,2,3,13,1,12,9.76,27,7115.55,60,395.31,263.54,2,4,12,27,33,7,14,14,13,0
10,3,1,4,2,2,2,1,8,1,19,54.15,14.62,11582.56,157,643.48,791.97,1,2,8,78,79,24,9,45,21,1
7,24,16,26,15,10,2.6,13,54,8,82,83.81,33,91264.07,404,5070.23,2765.58,8,13,41,187,217,85,30,99,86,1
0,97,4,192,49,96,2,4,241,1,69,46.69,123.06,707027.78,1018,39279.32,5745.45,48,96,194,523,495,34,16,70,69,0
1,3,3,4,2,2,2,2,8,1,7,17.31,5.5,523.51,25,29.08,95.18,1,2,8,11,14,7,7,10,8,0
1,5,1,8,3,4,2,2,10,3,7,10.91,8.8,844.8,24,46.93,96,2,4,9,8,16,5,11,9,7,0
19,11,4,20,6,10,2,4,25,5,26,27.15,22.89,14223.33,116,790.18,621.48,5,10,21,53,63,22,19,70,31,0
6,3,0,4,2,2,2,1,6,1,10,24.53,5.91,856.5,33,47.58,144.95,1,2,6,13,20,11,10,21,10,0
6,5,3,8,3,4,2,3,13,1,21,33.54,13,5667.6,88,314.87,435.97,2,4,12,36,52,18,13,28,21,0
1,9,1,16,5,8,2,3,18,1,11,16.12,14.3,3299.03,51,183.28,230.7,4,8,15,22,29,10,13,13,11,0
16,5,3,6,3,2,3,3,15,3,16,24.56,18.53,8430.88,91,468.38,455,2,3,14,42,49,17,15,49,18,0
16,12,6,16,7,8,2,6,27,1,29,48.73,13.64,9060.53,116,503.36,664.44,4,8,22,45,71,33,20,65,35,0
1,7,0,12,4,6,2,1,16,1,10,8.55,23.4,4683.66,48,260.2,200.16,3,6,14,18,30,5,13,12,10,0
3,25,0,34,14,14,2.43,1,45,10,25,27.2,31.11,26315.66,147,1461.98,845.97,10,17,33,67,80,28,26,29,25,0
1,5,1,8,3,4,2,1,10,1,8,13.45,12.44,2082.85,37,115.71,167.37,2,4,9,16,21,9,14,10,8,0
3,3,0,4,2,2,2,1,6,1,4,12.44,7.71,740.57,24,41.14,96,1,2,6,12,12,7,9,8,4,0
1,3,1,4,2,2,2,2,7,1,9,16.96,6.75,772.53,28,42.92,114.45,1,2,7,12,16,8,9,11,9,0
2,5,3,8,3,4,2,3,10,1,12,18.35,8.33,1274.38,36,70.8,152.93,2,4,9,15,21,9,10,15,12,0
5,3,3,4,2,2,2,2,8,1,13,24.46,8.75,1872.96,48,104.05,214.05,1,2,8,21,27,12,10,21,13,0
2,3,0,4,2,2,2,1,6,1,4,7.91,6.13,296.65,14,16.48,48.43,1,2,6,7,7,4,7,7,4,0
2,11,3,16,6,6,2.67,3,19,3,22,20.15,21.39,9220.24,81,512.24,431.08,5,8,15,35,46,18,22,25,22,0
1,7,0,12,4,6,2,1,14,1,12,21.91,10.05,2210.79,48,122.82,220.08,3,6,12,17,31,11,13,14,12,0
25,9,4,14,5,6,2.33,3,22,3,18,39.88,13.33,7090.32,98,393.91,531.77,4,7,19,45,53,27,16,66,23,0
6,5,1,8,3,4,2,1,11,1,17,20.45,15.17,4705.14,66,261.39,310.23,2,4,10,26,40,12,14,33,24,0
0,12,1,14,7,6,2.33,2,19,5,14,30.54,11.43,3988.95,67,221.61,349.03,4,7,14,30,37,21,16,18,17,0
21,89,5,176,45,88,2,3,266,1,68,318.29,36.8,430930.48,1588,23940.58,11711.56,44,88,223,645,943,149,17,97,74,1
4,5,2,10,3,4,2.5,2,8,1,10,16.1,20,6441.86,67,357.88,322.09,3,5,7,30,37,12,16,15,10,0
1,3,1,4,2,2,2,1,6,1,5,10.75,6,387.18,18,21.51,64.53,1,2,6,6,12,4,8,7,5,0
7,5,1,8,3,4,2,1,11,1,46,99.6,16.93,28538.58,276,1585.48,1685.95,2,4,10,133,143,55,14,62,46,0
4,13,4,16,7,4,4,2,22,6,29,62.47,19.9,24732.36,215,1374.02,1242.99,6,10,17,97,118,39,16,39,30,1
28,11,5,18,6,8,2.25,5,27,4,28,60.67,14.77,13234.87,155,735.27,896.11,5,9,23,72,83,39,16,93,37,1
10,17,1,30,9,14,2.14,5,31,7,30,44.42,9.42,3946.1,83,219.23,418.68,8,15,24,29,54,20,13,44,30,0
10,27,0,34,14,8,4.25,1,35,14,25,46.65,17.11,13659.38,149,758.85,798.28,13,17,23,66,83,27,14,56,29,0
0,3,1,4,2,2,2,2,7,1,4,6.17,7,302.3,13,16.79,43.19,1,2,7,6,7,3,7,5,4,0
0,9,0,12,5,4,3,1,13,5,6,18.02,6.29,712.17,29,39.57,113.3,4,6,10,11,18,7,8,7,6,0
12,3,9,4,2,2,2,2,14,1,13,61.47,4.05,1009.6,53,56.09,249.12,1,2,14,22,31,19,7,46,15,1
14,13,3,22,7,10,2.2,3,27,3,38,39.49,24.85,24386.04,173,1354.78,981.33,6,11,22,71,102,30,21,101,39,0
1,7,0,10,4,4,2.5,1,11,4,8,8.89,17.5,2722.81,36,151.27,155.59,3,5,9,15,21,6,14,10,8,0
0,3,0,4,2,2,2,1,6,1,4,7.91,6.13,296.65,14,16.48,48.43,1,2,6,7,7,4,7,5,4,0
7,11,4,18,6,8,2.25,5,29,4,35,63.05,28.78,52205.44,297,2900.3,1814.23,5,9,25,141,156,49,20,50,35,0
6,3,1,4,2,2,2,2,5,1,3,12.18,3,109.62,11,6.09,36.54,1,2,5,4,7,4,6,14,4,0
9,59,13,82,34,40,2.05,22,133,15,88,71.79,42,126638.31,450,7035.46,3015.2,21,41,101,189,261,72,32,99,88,0
20,17,1,30,9,14,2.14,2,30,1,20,32.02,26.93,23220.17,152,1290.01,862.21,8,15,23,71,81,29,22,58,25,0
17,33,0,64,17,32,2,1,81,1,53,396.21,14.03,77960.6,783,4331.14,5557.76,16,32,66,399,384,128,9,86,68,0
1,3,1,4,2,2,2,1,6,1,5,11.86,5.25,326.92,18,18.16,62.27,1,2,6,6,12,4,7,7,5,0
43,13,10,24,7,12,2,7,33,1,38,49.36,14.73,10712.03,134,595.11,727.12,6,12,28,55,79,28,15,100,41,0
0,17,2,26,9,10,2.6,2,30,3,31,27.36,29.33,23526.15,154,1307.01,802.26,8,13,23,69,85,20,17,32,31,0
7,7,0,12,4,6,2,1,13,3,19,19.14,14,3750.95,57,208.39,267.93,3,6,11,24,33,12,14,31,20,0
1,7,1,10,4,4,2.5,2,13,3,9,12.65,16.67,3515.14,46,195.29,210.91,3,5,11,20,26,9,15,11,9,0
11,23,2,38,12,16,2.38,3,41,11,64,80.39,13.95,15650.31,183,869.46,1121.66,11,19,31,87,96,53,17,97,65,1
0,5,2,6,3,2,3,2,10,3,18,30.6,9.39,2697.84,58,149.88,287.34,2,3,9,26,32,18,13,19,18,0
6,5,2,8,3,4,2,1,14,1,43,51.66,44.29,101338.65,394,5629.92,2288.1,2,4,13,187,207,38,18,61,43,0
4,3,3,4,2,2,2,2,9,1,17,27.97,23.08,14896.06,139,827.56,645.5,1,2,9,50,89,13,12,22,17,0
1,17,4,30,9,14,2.14,4,36,9,19,26.08,25.85,17423.93,125,968,674.04,8,15,29,47,78,20,22,21,19,0
0,3,0,4,2,2,2,1,6,1,0,9.51,4,152.16,12,8.45,38.04,1,2,6,4,8,3,6,1,0,0
0,5,1,8,3,4,2,3,15,1,8,17.84,12,2568.63,48,142.7,214.05,2,4,14,24,24,11,11,9,8,0
16,57,4,112,29,56,2,2,111,1,209,233.67,37.57,329746.68,1182,18319.26,8777.84,28,56,84,571,611,152,20,261,209,0
1,13,0,20,7,8,2.5,1,21,6,8,8.51,21.12,3799.3,44,211.07,179.85,6,10,16,13,31,4,13,10,8,0
8,17,3,12,13,6,2,12,36,1,56,36.39,41.23,61862.5,253,3436.81,1500.48,3,6,25,111,142,35,26,65,56,0
1,73,6,134,37,62,2.16,18,143,18,67,56.51,54.89,170295.87,469,9460.88,3102.3,36,67,108,181,288,61,37,69,67,0
11,29,2,54,15,26,2.08,2,60,8,48,16.05,54,46843.61,163,2602.42,867.47,14,27,47,72,91,16,24,66,52,0
0,3,0,4,2,2,2,1,6,1,6,6,6,216,12,12,36,1,2,6,4,8,2,6,7,6,0
1,3,1,4,2,2,2,1,7,1,13,26.51,7.13,1345.7,43,74.76,188.87,1,2,7,19,24,12,9,15,13,0
2,7,6,10,4,4,2.5,3,19,3,16,35.44,9.9,3476.92,69,193.16,351.03,3,5,17,32,37,21,13,21,16,0
1,11,0,20,6,10,2,1,23,6,23,23.89,25.29,15285.15,116,849.17,604.3,5,10,19,43,73,17,20,25,23,0
3,5,1,6,3,2,3,2,8,3,13,23.84,7.5,1341.1,39,74.51,178.81,2,3,7,15,24,12,12,18,14,0
18,42,11,52,26,24,2.17,20,107,11,139,120.55,35.67,153359.58,583,8519.98,4299.65,14,26,83,267,316,131,35,182,143,1
37,48,0,80,27,40,2,1,93,13,116,111.77,28.44,90416.52,485,5023.14,3178.98,20,40,68,157,328,69,25,203,117,0
9,13,3,24,7,12,2,3,26,3,27,22.13,13.39,3968.8,61,220.49,296.34,6,12,21,25,36,14,15,38,27,0
23,11,4,20,6,10,2,6,31,1,27,67.71,14.27,13778.81,178,765.49,965.88,5,10,27,83,95,32,11,79,31,0
13,9,3,14,5,6,2.33,1,17,1,11,27.87,8.63,2073.17,50,115.18,240.37,4,7,14,23,27,16,12,51,12,0
4,7,5,12,4,6,2,2,22,1,35,58.21,21.95,28043.45,221,1557.97,1277.68,3,6,20,107,114,39,16,49,37,0
1,19,7,30,10,12,2.5,5,39,7,20,31.94,20.33,13197.22,122,733.18,649.28,9,15,31,55,67,23,17,23,21,0
26,19,6,34,10,16,2.13,3,44,1,33,84.79,15.33,19927.37,210,1107.08,1299.86,9,17,36,101,109,56,17,111,40,0
1,3,0,4,2,2,2,1,6,1,12,22.81,5.4,665.23,29,36.96,123.19,1,2,6,12,17,10,9,14,12,0
1,7,0,10,4,4,2.5,1,12,3,8,10.8,10,1080,27,60,108,3,5,10,12,15,6,10,10,8,0
24,37,5,62,19,26,2.38,10,70,9,103,182.27,15.56,44121.9,419,2451.22,2835.87,18,31,53,195,224,94,15,184,121,0
18,11,4,18,6,8,2.25,5,23,4,23,43.34,14.66,9309.11,115,517.16,635.21,5,9,19,50,65,29,17,55,29,1
4,5,3,6,3,2,3,2,12,1,15,38.11,8.16,2536.38,64,140.91,310.91,2,3,11,31,33,19,10,20,15,0
2,9,4,14,5,6,2.33,4,17,4,13,20.09,10.5,2214.54,46,123.03,210.91,4,7,14,21,25,12,12,18,13,0
1,11,5,18,6,8,2.25,3,22,1,20,31.18,19.55,11909.67,113,661.65,609.33,5,9,18,43,70,22,20,23,21,0
5,7,1,10,4,4,2.5,1,13,1,16,34.78,14.04,6856.63,90,380.92,488.36,3,5,11,39,51,25,18,26,17,0
3,17,6,24,10,12,2,10,44,1,43,38.43,28.04,30219.56,181,1678.86,1077.71,6,12,36,83,98,37,25,47,43,0
1,3,2,4,2,2,2,2,8,1,5,11.2,7.5,630,21,35,84,1,2,8,9,12,6,10,7,5,0
1,13,3,24,7,12,2,6,32,1,21,40.75,21.69,19168.66,160,1064.93,883.77,6,12,27,74,86,29,17,23,21,0
2,21,1,40,11,20,2,3,47,6,28,26.33,28.41,21254.38,151,1180.8,748.08,10,20,38,69,82,17,14,37,30,0
4,7,1,12,4,6,2,1,17,1,10,11.6,38.5,17191.86,95,955.1,446.54,3,6,15,66,29,12,14,15,10,0
9,3,3,4,2,2,2,2,8,1,18,64,8.03,4132.74,98,229.6,514.29,1,2,8,45,53,28,10,67,18,0
1,9,0,8,6,4,2,1,18,1,21,13.76,36,17838.51,102,991.03,495.51,2,4,14,44,58,11,18,26,24,0
8,3,2,4,2,2,2,2,7,1,10,26.99,6.97,1309.86,40,72.77,188.02,1,2,7,19,21,15,11,20,11,0
1,3,0,4,2,2,2,1,6,1,6,21.28,15.27,4964.7,70,275.82,325.07,1,2,6,24,46,11,14,8,6,0
4,29,4,56,15,28,2,8,61,1,36,40.52,27.02,29576.11,193,1643.12,1094.78,14,28,48,91,102,32,19,46,36,0
3,9,2,16,5,8,2,2,19,1,18,29.23,9.38,2568.93,57,142.72,274.02,4,8,16,25,32,16,12,22,18,0
20,7,3,12,4,6,2,2,19,1,25,32.27,25.33,20709.67,148,1150.54,817.49,3,6,17,72,76,27,19,57,28,0
8,13,2,22,7,10,2.2,2,26,3,26,20.57,34.44,24402.86,135,1355.71,708.47,6,11,21,62,73,18,20,46,28,0
1,3,2,4,2,2,2,2,8,1,7,15.23,5,380.74,20,21.15,76.15,1,2,8,10,10,7,7,11,7,0
4,7,2,12,4,6,2,2,20,1,19,33.31,17,9625.29,105,534.74,566.19,3,6,18,50,55,25,17,29,23,0
0,7,0,12,4,6,2,1,13,1,14,13.04,18.56,4494.57,57,249.7,242.13,3,6,11,27,30,8,11,15,14,0
2,3,1,4,2,2,2,2,9,1,14,18.15,15,4084.22,63,226.9,272.28,1,2,9,30,33,10,10,17,14,0
15,45,8,56,23,12,4.67,7,64,19,55,65.12,36.85,88450.77,389,4913.93,2400.1,22,84,43,179,210,51,21,125,63,1
0,13,1,28,7,12,2.33,3,25,1,11,11.3,26.81,8126.06,69,451.45,303.07,8,14,20,33,36,8,13,13,11,0
5,5,2,8,3,4,2,2,11,1,14,40.79,8.29,2800.36,67,155.58,337.97,2,4,10,29,38,21,12,22,16,0
1,7,3,10,4,4,2.5,3,16,3,10,18.06,11.85,2534.72,45,140.82,213.97,3,5,14,22,23,13,14,12,10,0
1,3,1,4,2,2,2,2,6,1,9,19.24,10.63,2172.39,43,120.69,204.46,1,2,6,17,26,12,15,11,9,0
7,3,1,4,2,2,2,2,6,1,5,20.84,3.94,323.05,21,17.95,82.04,1,2,6,9,12,8,7,20,6,0
26,34,19,32,25,16,2,25,74,8,117,86.32,29.13,73246.56,368,4069.25,2514.5,8,16,51,143,225,81,33,151,118,1
13,5,2,8,3,4,2,1,12,1,10,32.11,9.58,2947.52,61,163.75,307.71,2,4,11,26,35,19,14,28,14,0
4,5,1,6,3,2,3,1,9,1,10,18.38,11.23,2316.45,45,128.69,206.32,2,3,8,19,26,11,13,15,10,1
3,5,3,8,3,4,2,3,14,1,21,26.21,11.72,3599.53,62,199.97,307.16,2,4,13,25,37,16,15,27,21,0
3,7,2,12,4,6,2,3,13,1,21,38.31,13.54,7020.93,95,390.05,518.65,3,6,11,43,52,27,17,32,25,1
1,41,8,48,28,24,2,13,94,14,99,40.18,114.52,526977.11,676,29276.51,4601.77,12,24,68,284,392,62,50,106,103,0
7,3,2,4,2,2,2,2,8,1,15,39.13,6.39,1597.11,52,88.73,249.98,1,2,8,23,29,18,10,29,15,0
3,7,2,12,4,6,2,3,14,1,13,16.66,27.3,12420.23,88,690.01,454.95,3,6,12,39,49,15,21,17,13,0
0,3,0,6,2,2,3,1,5,1,3,10.28,4.38,196.76,13,10.93,44.97,2,3,5,5,8,4,7,4,3,0
27,15,9,28,8,12,2.33,7,41,1,35,61.99,27.4,46526.99,271,2584.83,1698.3,8,14,35,121,150,53,24,97,40,1
0,5,2,8,3,4,2,3,10,1,5,15.88,10.11,1623.23,36,90.18,160.54,2,4,9,14,22,9,13,6,5,0
8,3,2,4,2,2,2,2,7,1,9,28.66,6.23,1113.38,38,61.85,178.62,1,2,7,17,21,15,11,20,11,0
1,9,0,16,5,8,2,1,19,1,16,25.24,14.54,5332.64,79,296.26,366.86,4,8,16,37,42,14,11,18,16,0
21,25,14,46,13,22,2.09,9,71,4,95,107.69,33.74,122594.69,515,6810.82,3633.47,12,23,60,242,273,104,29,143,98,0
4,13,3,6,9,2,3,4,22,3,29,30.24,13.18,5250.92,79,291.72,398.51,2,3,15,28,51,17,16,64,30,0
0,3,1,6,2,2,3,2,5,1,5,11.91,5.25,328.18,16,18.23,62.51,2,3,5,7,9,6,9,6,5,0
3,5,1,4,3,2,2,2,9,3,16,26.3,10.45,2872.09,52,159.56,274.84,1,2,8,22,30,20,19,80,18,0
2,13,8,12,8,6,2,8,33,5,37,38,20.84,16509.21,137,917.18,792.05,3,6,27,58,79,32,23,42,39,0
1,15,0,22,8,8,2.75,1,25,6,19,7.74,101.06,79044.51,161,4391.36,782.13,7,11,19,77,84,8,21,21,19,0
3,5,0,8,3,4,2,1,11,1,5,14.2,12.38,2175.04,43,120.84,175.76,2,4,10,22,21,8,9,9,5,0
9,9,3,14,5,6,2.33,4,18,3,21,16.41,15,3691.87,53,205.1,246.12,4,7,15,20,33,10,15,36,21,0
7,3,2,4,2,2,2,1,8,1,14,25.61,9.43,2276.82,52,126.49,241.48,1,2,8,24,28,14,11,23,14,0
0,3,1,4,2,2,2,1,7,1,6,33.71,13.2,5874,89,326.33,445,1,2,7,44,45,20,12,15,10,0
0,3,0,6,2,2,3,1,5,1,7,18.62,6.5,786.59,28,43.7,121.01,2,3,5,13,15,10,10,8,7,0
1,5,1,6,3,2,3,2,9,3,7,12.16,5.6,381.44,19,21.19,68.11,2,3,8,8,11,5,7,9,7,0
1,5,5,8,3,4,2,3,14,3,13,29.8,5.77,991.7,38,55.09,171.9,2,4,13,15,23,13,10,15,13,0
1,3,0,4,2,2,2,1,5,1,9,35.77,7,1752.53,57,97.36,250.36,1,2,5,28,29,14,7,11,9,0
1,13,2,24,7,12,2,3,28,6,21,20,16.25,5282.39,70,293.47,325.07,6,12,23,30,40,12,13,23,21,0
1,5,0,6,3,2,3,1,8,3,11,14.12,10.89,1674.72,34,93.04,153.8,2,3,7,14,20,9,14,13,11,0
0,3,1,4,2,2,2,1,6,1,5,18.39,4.89,439.63,22,24.42,89.92,1,2,6,11,11,9,8,6,5,0
9,19,2,36,10,18,2,4,41,1,32,35.14,41.18,59587.71,246,3310.43,1447.13,9,18,33,112,134,34,25,56,35,0
1,7,4,12,4,6,2,2,24,1,21,53.82,9.17,4521.96,94,251.22,493.31,3,6,22,45,49,27,11,23,21,0
47,21,8,34,11,14,2.43,6,46,9,55,116.45,19.13,42594.84,339,2366.38,2227.18,10,17,37,153,186,76,19,196,70,0
13,7,4,12,4,6,2,4,14,1,14,29.18,7.86,1801.24,50,100.07,229.25,3,6,12,22,28,14,10,42,15,1
13,11,3,20,6,10,2,3,25,1,26,43.02,15.81,10760.54,127,597.81,680.41,5,10,21,61,66,27,14,48,29,0
6,3,3,4,2,2,2,2,9,1,10,28.55,8,1827.2,52,101.51,228.4,1,2,9,26,26,13,8,17,10,0
4,13,2,24,7,12,2,7,37,1,36,33.06,25.74,21902.71,161,1216.82,850.95,6,12,32,74,87,23,16,44,36,0
1,3,2,4,2,2,2,2,8,1,5,13.67,5.71,446.5,20,24.81,78.14,1,2,8,10,10,7,8,7,5,0
12,3,1,4,2,2,2,2,9,1,14,48.3,17.5,14790.85,149,821.71,845.19,1,2,9,70,79,34,17,37,14,1
10,5,6,8,3,4,2,3,14,1,24,52.14,12.54,8193.61,122,455.2,653.62,2,4,13,54,68,28,13,47,24,0
1,19,0,34,10,16,2.13,1,40,8,31,31.42,46.06,66661.35,246,3703.41,1447.13,9,17,32,102,144,31,28,50,48,0
1,7,1,12,4,6,2,3,16,1,10,11.9,21.72,5615.72,55,311.98,258.51,3,6,14,23,32,9,17,12,10,0
4,7,2,12,4,6,2,2,13,4,18,31.03,6.29,1225.98,42,68.11,195.04,3,6,11,16,26,14,11,30,18,0
34,39,3,60,20,22,2.73,5,70,18,64,44.71,96.49,416248.39,719,23124.91,4314,19,30,52,344,375,41,23,136,74,0
0,5,3,6,3,2,3,3,10,3,10,23.16,11,2802.69,53,155.7,254.79,2,3,9,22,31,14,14,13,12,0
14,11,1,20,6,10,2,3,28,1,40,41.91,27.61,31948.87,204,1774.94,1157.17,5,10,24,93,111,32,19,73,42,0
22,9,4,16,5,8,2,5,22,1,20,25.18,20,10073.18,99,559.62,503.66,4,8,19,45,54,18,16,63,25,0
20,17,1,30,9,14,2.14,2,30,1,21,33.47,24.62,20287.52,146,1127.08,824,8,15,23,68,78,29,21,59,26,1
25,29,3,50,15,22,2.27,3,64,8,64,95.22,32.39,99926.73,474,5551.48,3084.69,14,25,51,230,244,71,20,103,66,0
0,11,6,18,6,8,2.25,5,23,4,19,28.27,12.8,4632.25,70,257.35,361.89,5,9,19,32,38,20,16,22,21,0
20,15,2,28,8,14,2,6,29,1,24,55.87,16.21,14703.33,159,816.85,906.37,7,14,23,73,86,36,16,65,30,0
12,5,1,8,3,4,2,1,14,1,16,21.78,37.5,30631.81,158,1701.77,816.85,2,4,13,75,83,18,18,31,18,1
23,18,8,22,10,8,2.75,7,36,7,40,49.69,15.32,11670.05,130,648.34,761.54,7,11,28,54,76,37,21,81,46,0
7,5,3,8,3,4,2,2,13,1,19,48.79,19.21,18005.58,160,1000.31,937.28,2,4,12,73,87,38,20,37,23,0
3,3,0,4,2,2,2,1,5,1,5,9.87,5.63,312.22,15,17.35,55.51,1,2,5,5,10,4,9,9,5,0
28,15,11,28,8,14,2,8,38,1,35,122.69,12.57,19373.39,256,1076.3,1541.73,7,14,32,111,145,53,12,97,41,1
2,21,3,38,11,18,2.11,3,42,3,21,35.91,25.31,23011.32,172,1278.41,909.09,10,19,33,81,91,24,15,24,21,0
28,7,16,12,4,6,2,3,30,1,34,88.1,8.83,6873.97,134,381.89,778.19,3,6,28,53,81,42,14,81,37,0
1,5,3,6,3,2,3,2,10,3,10,22.75,11,2752.77,51,152.93,250.25,2,3,9,22,29,15,15,12,10,0
3,5,1,8,3,4,2,3,9,1,5,24.09,5.6,755.36,33,41.96,134.89,2,4,8,16,17,10,7,9,5,0
2,11,0,18,6,8,2.25,1,18,5,7,9.45,16.5,2574,39,143,156,5,9,14,11,28,4,12,10,7,0
10,9,3,14,5,6,2.33,3,17,3,19,21.11,20.5,8869.57,90,492.75,432.66,4,7,14,41,49,14,14,32,21,0
4,3,3,4,2,2,2,2,7,1,16,46.82,5.71,1528.72,54,84.93,267.53,1,2,7,24,30,21,10,28,17,0
2,11,0,14,6,4,3.5,1,16,4,23,36.79,15.58,8933.27,107,496.29,573.26,5,8,12,44,63,24,17,39,30,0
2,3,1,4,2,2,2,2,5,1,7,17.79,5.63,562.94,24,31.27,100.08,1,2,5,9,15,8,10,11,7,0
12,110,19,196,57,92,2.13,43,247,42,136,111.38,61.95,427450.82,952,23747.27,6900.03,52,98,192,430,522,118,34,161,142,0
15,15,5,24,8,10,2.4,1,57,1,190,175.59,53.22,497406.05,1309,27633.67,9345.67,7,12,51,644,665,121,20,256,190,0
7,5,1,8,3,4,2,2,9,1,10,17.16,15.82,4293.27,60,238.52,271.41,2,4,8,29,31,11,12,22,12,0
1,15,1,24,8,10,2.4,2,26,7,11,15.48,21,6826.47,70,379.25,325.07,7,12,20,28,42,10,15,13,11,0
21,17,2,20,10,8,2.5,3,31,3,36,31.44,19.3,11716.29,107,650.91,606.95,6,10,23,47,60,28,23,73,39,0
9,3,2,4,2,2,2,2,7,1,7,24.81,8.5,1792.72,46,99.6,210.91,1,2,7,17,29,12,12,25,8,0
3,5,4,8,3,4,2,3,12,1,12,24.82,7.86,1532.47,42,85.14,195.04,2,4,11,20,22,14,11,16,12,0
1,3,1,4,2,2,2,2,6,1,3,11.23,14,2200.43,37,122.25,157.17,1,2,6,10,27,5,14,5,3,0
57,15,8,18,8,6,3,3,44,5,42,60.44,19.68,23416.59,191,1300.92,1189.7,6,9,38,89,102,52,23,211,42,0
0,3,1,4,2,2,2,1,6,1,9,15.92,7.07,796.16,27,44.23,112.59,1,2,6,9,18,7,11,10,9,0
5,3,0,4,2,2,2,1,6,1,4,11.42,6.67,507.65,20,28.2,76.15,1,2,6,10,10,6,8,10,4,0
0,9,0,16,5,8,2,1,17,3,10,16.86,17.14,4949.88,63,274.99,288.85,4,8,14,29,34,11,13,12,11,0
1,3,0,4,2,2,2,1,6,1,17,19.85,16.82,5614.18,76,311.9,333.82,1,2,6,37,39,11,10,19,17,0
8,11,2,18,6,8,2.25,4,23,5,33,69.47,9.03,5659.94,110,314.44,627.05,5,9,19,49,61,38,14,46,33,0
2,5,0,8,3,4,2,1,9,1,10,13.12,10.83,1539.78,31,85.54,142.13,2,4,8,13,18,9,15,13,10,0
2,7,2,12,4,6,2,1,15,1,12,14.41,15,3241.45,50,180.08,216.1,3,6,13,20,30,8,12,15,12,0
1,5,2,8,3,4,2,2,11,3,8,9.65,14.08,1914.4,32,106.36,135.93,2,4,10,13,19,6,13,10,8,0
1,5,1,8,3,4,2,2,9,1,10,12.54,12.75,2038.87,37,113.27,159.91,2,4,8,17,20,8,12,13,10,0
7,7,3,12,4,6,2,4,15,1,24,37.25,27.5,28170.17,178,1565.01,1024.36,3,6,13,80,98,32,22,41,26,1
2,13,1,14,8,6,2.33,2,23,3,16,18.37,20.67,7844.38,74,435.8,379.57,4,7,17,31,43,15,20,19,16,0
13,7,0,12,4,6,2,1,19,1,397,1535.48,11.07,188118.17,1916,10451.01,16995.62,3,6,17,1129,787,459,9,413,397,0
3,3,1,4,2,2,2,1,6,1,8,24.33,8.4,1716.73,50,95.37,204.37,1,2,6,24,26,10,7,12,8,0
28,31,6,54,16,24,2.25,9,59,8,97,142.15,18.84,50427.99,389,2801.56,2677.35,15,27,45,174,215,97,21,166,102,1
12,11,0,20,6,10,2,1,21,1,195,355.66,18.58,122751.71,919,6819.54,6607.45,5,10,17,456,463,135,11,266,195,0
8,33,6,58,17,26,2.23,4,71,8,57,81.83,29.21,69838.03,375,3879.89,2390.64,16,29,56,162,213,61,22,85,60,0
2,7,3,12,4,6,2,4,16,1,12,26.73,8.46,1913.81,50,106.32,226.18,3,6,14,22,28,13,10,16,13,0
77,33,6,60,17,28,2.14,5,79,10,83,74.12,38.38,109170.24,431,6065.01,2844.56,16,30,64,199,232,70,27,227,106,0
0,3,2,4,2,2,2,2,8,1,10,29.95,3,269.58,23,14.98,89.86,1,2,8,9,14,9,6,11,10,0
1,7,2,12,4,6,2,2,16,1,16,14.38,17.85,4583.24,54,254.62,256.76,3,6,14,21,33,10,17,18,16,0
4,5,0,8,3,4,2,1,9,3,7,14.31,8.57,1051.06,30,58.39,122.62,2,4,8,12,18,7,10,15,9,0
11,5,2,6,3,2,3,2,9,3,9,26.93,8.65,2013.44,47,111.86,232.85,2,3,8,21,26,17,14,30,11,0
29,21,2,38,11,18,2.11,3,42,1,31,51.67,21.46,23803.95,187,1322.44,1109.05,10,19,33,88,99,41,20,82,41,0
5,7,1,10,4,4,2.5,2,15,1,16,21.98,12.6,3489,57,193.83,276.9,3,5,13,27,30,15,14,26,17,0
12,5,11,8,3,4,2,3,19,1,18,46.1,8.61,3416.12,78,189.78,396.82,2,4,18,36,42,23,11,43,19,0
1,95,3,188,48,94,2,2,238,1,103,47.04,115.43,626797.86,1007,34822.1,5430.06,47,94,192,515,492,29,13,108,106,0
4,3,0,4,2,2,2,1,6,1,8,17.13,4.67,373.12,21,20.73,79.95,1,2,6,7,14,6,8,15,8,0
3,5,3,6,3,2,3,3,10,1,9,17.03,14,3337.85,52,185.44,238.42,2,3,9,20,32,10,14,13,9,0
13,9,4,16,5,8,2,3,21,1,47,55.62,43.56,105522.12,377,5862.34,2422.7,4,8,18,147,230,54,32,63,48,0
2,59,0,116,30,58,2,1,117,1,2,130.77,15.89,33012.61,345,1834.03,2077.71,29,58,89,156,189,54,11,36,33,0
7,5,1,8,3,4,2,1,11,1,17,27.46,13.36,4903.83,88,272.44,366.95,2,4,10,42,46,11,7,28,20,0
10,5,11,8,3,4,2,2,22,1,36,85.25,13,14407.24,190,800.4,1108.25,2,4,21,88,102,44,13,53,38,0
3,5,0,8,3,4,2,1,11,1,5,13.29,10.29,1406.48,35,78.14,136.74,2,4,10,18,17,7,8,9,5,0
13,7,5,12,4,6,2,4,17,1,24,50.97,10.6,5730.99,99,318.39,540.48,3,6,15,41,58,29,15,48,29,1
5,5,0,8,3,4,2,1,9,1,7,7.53,10,752.84,21,41.82,75.28,2,4,8,10,11,4,8,13,7,0
13,91,19,152,47,66,2.3,32,185,22,96,99.09,49.13,239175.87,679,13287.55,4868.38,43,78,140,306,373,109,35,124,100,0
3,9,3,16,5,8,2,4,21,1,24,33.71,14.84,7426.6,101,412.59,500.37,4,8,18,47,54,19,12,28,24,0
16,115,5,212,58,98,2.16,2,262,1,199,129.4,55.52,398853.5,1079,22158.53,7184.21,57,106,206,512,567,83,18,216,199,0
8,8,3,4,6,2,2,6,17,1,39,55.83,18.8,19738.62,186,1096.59,1049.76,1,2,13,73,113,33,17,49,39,0
2,3,1,4,2,2,2,1,7,1,12,20.64,5.56,637.19,27,35.4,114.69,1,2,7,10,17,9,10,15,12,0
1,5,2,8,3,4,2,3,12,1,13,19.11,10.5,2107.08,45,117.06,200.67,2,4,11,21,24,11,11,16,13,0
1,9,3,16,5,8,2,5,24,1,19,42.5,16.14,11090.08,129,616.12,686.53,4,8,21,60,69,26,14,21,19,0
2,3,2,4,2,2,2,2,7,1,8,11.6,10,1160,29,64.44,116,1,2,7,12,17,6,10,11,8,0
13,13,1,24,7,12,2,3,27,1,28,34.49,37.44,48341.41,241,2685.63,1291.17,6,12,22,117,124,25,16,54,32,0
1,5,0,8,3,4,2,1,10,1,7,6.02,18.33,2024.24,29,112.46,110.41,2,4,9,10,19,3,11,9,7,0
1,10,2,10,6,4,2.5,3,20,6,22,22.38,20,8951.25,83,497.29,447.56,3,5,16,30,53,18,24,26,24,0
4,5,1,6,3,2,3,1,10,3,12,21.13,11.5,2794.53,53,155.25,243,2,3,9,23,30,12,12,17,12,0
3,3,0,4,2,2,2,1,6,1,7,8.4,7,411.67,17,22.87,58.81,1,2,6,8,9,4,7,11,7,0
15,13,1,24,7,12,2,6,31,1,25,38.61,14.97,8655.44,119,480.86,578.1,6,12,26,49,70,18,11,41,25,1
13,8,4,4,6,2,2,2,19,1,36,53.33,15.98,13611.71,142,756.21,852,1,2,15,61,81,42,22,56,38,0
14,11,4,20,6,10,2,4,25,5,28,25.75,23.98,14801.55,116,822.31,617.34,5,10,21,53,63,21,19,65,31,0
12,21,2,38,11,18,2.11,2,44,3,38,35.52,30.55,33139.3,186,1841.07,1084.92,10,19,35,84,102,33,24,64,39,1
6,7,1,10,4,4,2.5,2,11,1,14,20.83,12,2999.79,52,166.65,249.98,3,5,9,24,28,14,14,23,16,0
4,25,24,44,13,20,2.2,13,72,11,43,93.54,12.79,15311.87,198,850.66,1196.79,12,22,61,87,111,51,15,63,48,0
16,81,6,160,41,80,2,17,227,1,349,287.86,42.27,514310.25,1565,28572.79,12167.54,40,80,188,757,808,197,22,394,349,0
6,5,4,6,3,2,3,1,11,1,13,20.6,11.31,2634.57,49,146.37,232.99,2,3,10,21,28,13,14,33,13,0
29,7,6,10,4,4,2.5,4,20,3,23,45.05,16.2,11826.86,130,657.05,729.91,3,5,18,61,69,32,17,84,31,0
11,5,8,8,3,4,2,3,18,1,16,54.41,6.07,2001.52,66,111.2,330,2,4,17,31,35,23,9,39,17,1
14,25,9,46,13,22,2.09,8,57,7,81,103.01,20.42,42973.95,321,2387.44,2104.02,12,23,46,142,179,73,21,119,83,0
2,20,1,28,11,12,2.33,2,38,11,24,20.28,39,30842.25,144,1713.46,790.83,8,14,29,57,87,19,26,28,24,0
3,51,9,96,26,46,2.09,16,108,22,82,80.57,35.41,101041.69,444,5613.43,2853.26,25,48,84,194,250,63,23,86,82,0
0,5,6,6,3,2,3,2,15,3,23,48.96,17.75,15426.54,149,857.03,869.1,2,3,14,71,78,38,19,25,24,1
1,5,1,8,3,4,2,2,10,3,8,11.85,10.21,1236.07,28,68.67,121.01,2,4,9,11,17,7,13,10,8,0
0,3,0,4,2,2,2,1,5,1,4,11.82,8.8,915.2,26,50.84,104,1,2,5,8,18,5,11,5,4,0
16,13,3,24,7,12,2,4,29,1,41,59.59,22.8,30993.01,232,1721.83,1359.05,6,12,24,110,122,41,17,68,41,0
4,25,1,48,13,24,2,13,71,1,30,63.69,18.78,22456.97,213,1247.61,1195.93,12,24,60,104,109,36,13,35,30,0
2,3,2,4,2,2,2,1,7,1,8,13.69,16.61,3777.88,51,209.88,227.43,1,2,7,23,28,9,13,25,13,0
8,5,6,8,3,4,2,2,15,1,19,37.78,6.11,1408.93,51,78.27,230.7,2,4,14,19,32,14,9,29,19,0
3,19,7,36,10,18,2,10,47,5,30,43.84,22.75,22691.4,171,1260.63,997.42,9,18,39,78,93,36,21,34,30,0
4,9,7,16,5,8,2,5,28,3,25,41.51,11.69,5674.38,90,315.24,485.31,4,8,25,38,52,26,16,37,28,0
2,9,0,16,5,8,2,1,17,1,2,39.02,5.33,1109.78,46,61.65,208.08,4,8,14,20,26,15,8,10,7,0
1,5,2,6,3,2,3,2,9,3,14,22.59,10,2259.46,47,125.53,225.95,2,3,8,20,27,14,14,16,14,0
7,3,4,4,2,2,2,2,10,1,12,29.33,4.5,594,33,33,132,1,2,10,15,18,10,6,24,13,0
1,3,1,4,2,2,2,2,7,1,10,38.09,6.5,1609.32,54,89.41,247.59,1,2,7,26,28,16,8,12,10,0
13,17,7,32,9,12,2.67,5,47,8,39,64.34,23.87,36663.65,256,2036.87,1536,10,16,40,122,134,46,18,71,40,0
19,7,2,12,4,6,2,3,16,1,20,34.63,21.2,15568.03,127,864.89,734.23,3,6,14,59,68,32,23,44,24,0
0,3,2,4,2,2,2,2,6,1,6,14.51,4.2,255.97,17,14.22,60.94,1,2,6,6,11,5,7,7,6,0
39,20,1,4,18,2,2,2,41,1,149,90.99,45.11,185151.92,580,10286.22,4104.55,1,2,25,268,312,101,34,190,150,0
1,84,0,140,47,68,2.06,1,153,5,62,51.11,52.22,139356.3,450,7742.02,2668.83,36,70,108,161,289,37,24,65,63,0
0,5,2,8,3,4,2,1,11,1,12,36.25,6.35,1463.22,49,81.29,230.32,2,4,10,24,25,17,9,13,12,0
32,24,3,14,19,6,2.33,18,58,1,80,44.9,40.53,73764.28,294,4098.02,1819.81,4,7,41,123,171,44,29,122,81,0
10,51,2,100,26,50,2,3,148,1,42,189.65,36.5,252667.13,1031,14037.06,6922.39,25,50,124,438,593,90,15,60,48,1
18,235,7,388,118,154,2.52,43,507,27,627,362.37,83.27,2512696.67,3680,139594.26,30174.79,117,194,391,1792,1888,269,25,678,627,0
5,3,1,4,2,2,2,1,7,1,6,11.99,6.67,533.03,21,29.61,79.95,1,2,7,10,11,6,8,22,6,0
1,7,1,12,4,6,2,2,15,3,17,18.31,14.77,3996.21,59,222.01,270.51,3,6,13,25,34,11,13,20,18,0
3,3,1,4,2,2,2,2,6,1,14,29.69,7.44,1642.27,45,91.24,220.81,1,2,6,17,28,16,14,20,15,0
4,9,5,16,5,8,2,5,20,1,20,57.48,8,3678.64,87,204.37,459.83,4,8,17,36,51,27,12,27,20,0
35,32,11,36,21,16,2.25,15,74,4,93,55.18,32,56505.09,272,3139.17,1765.78,10,18,55,116,156,58,32,132,94,1
1,7,0,12,4,6,2,1,13,3,14,11.58,21.25,5230.14,53,290.56,246.12,3,6,11,20,33,8,17,16,14,0
4,5,1,8,3,4,2,1,9,3,12,18.86,7.33,1014.21,32,56.35,138.3,2,4,8,12,20,9,11,21,12,0
1,7,0,10,4,4,2.5,1,11,3,8,12.44,13.22,2175.26,35,120.85,164.52,3,5,9,14,21,9,17,12,10,0
5,9,2,16,5,8,2,4,17,1,19,20.51,12.8,3360.93,53,186.72,262.57,4,8,14,24,29,15,16,45,20,0
17,11,0,20,6,10,2,1,22,1,26,25.81,30.07,23331.58,143,1296.2,775.96,5,10,18,63,80,22,21,69,31,1
15,15,2,22,8,8,2.75,3,24,5,24,29.28,26.67,20818.63,143,1156.59,780.7,7,11,18,64,79,24,20,54,26,0
10,7,4,12,4,6,2,4,16,1,23,24.52,16.53,6697.28,79,372.07,405.21,3,6,14,35,44,18,17,38,23,1
11,7,3,12,4,6,2,2,20,1,27,49.99,17.26,14890.23,160,827.24,862.77,3,6,18,77,83,29,13,42,28,0
62,71,14,140,36,70,2,17,183,1,102,83.06,87.53,636348.83,1070,35352.71,7270.02,35,70,149,495,575,82,29,239,144,0
3,3,0,4,2,2,2,1,6,1,4,12.44,9,1008,28,56,112,1,2,6,14,14,7,9,8,4,0
